{
  "resourceType": "AllergyIntolerance",
  "id": "c5c80cde-70d0-4644-9d55-ae5574fcd8ea",
  "meta": {
    "profile": [
      "http://ns.electronichealth.net.au/ci/fhir/3.0/StructureDefinition/allergyintollerance-summary-1"
    ]
  },
  "text": {
    "status": "generated",
    "div": "<div xmlns=\"http://www.w3.org/1999/xhtml\"><p><b>Generated Narrative with Details</b></p><p><b>id</b>: c5c80cde-70d0-4644-9d55-ae5574fcd8ea</p><p><b>meta</b>: </p><p><b>clinicalStatus</b>: active</p><p><b>verificationStatus</b>: unconfirmed</p><p><b>code</b>: Penicillin <span style=\"background: LightGoldenRodYellow\">(Details )</span></p><p><b>patient</b>: <a href=\"Patient-841a56de-92d7-47fd-bb27-bad8efb371e4.html\">Generated Summary: id: 841a56de-92d7-47fd-bb27-bad8efb371e4; National unique individual identifier = 8003608666701594; Adam A. Everyman(OFFICIAL), Damo ; gender: male</a></p><h3>Reactions</h3><table class=\"grid\"><tr><td>-</td><td><b>Manifestation</b></td></tr><tr><td>*</td><td>Rash; Nausea and vomiting <span style=\"background: LightGoldenRodYellow\">(Details )</span></td></tr></table></div>"
  },
  "clinicalStatus": "active",
  "verificationStatus": "unconfirmed",
  "code": {
    "text": "Penicillin"
  },
  "patient": {
    "reference": "Patient/841a56de-92d7-47fd-bb27-bad8efb371e4"
  },
  "reaction": [
    {
      "manifestation": [
        {
          "text": "Rash; Nausea and vomiting"
        }
      ]
    }
  ]
}