<?xml version="1.0" encoding="UTF-8"?>

<Composition xmlns="http://hl7.org/fhir">
  <id value="f-ba3eaa80-55c8-11e9-b475-0800200c9a66"/>
  <meta>
    <profile value="http://ns.electronichealth.net.au/ci/fhir/3.0/StructureDefinition/composition-shs-1"/>
  </meta>
  <language value="en-AU"/>
  <text>
    <status value="additional"/><div xmlns="http://www.w3.org/1999/xhtml" lang="en-AU">
      <p><b> id</b> : f-ba3eaa80-55c8-11e9-b475-0800200c9a66</p>
      <p><b>language</b>: en-AU</p>
      <p><b>status</b> : Final</p>
      <p><b>type</b>: Shared Health Summary <span style="background: LightGoldenRodYellow">(Details : {LOINC code '60591-5' = 'Patient summary Document', given as 'Patient Summary'})</span></p>
      <p><b> date</b> : 21/06/2017 09:00:15+10:00</p>
      <p><b>consumer</b>: HPI-I = 8003608833357361; name = Adam A. Everyman</p>
      <p><b>author</b>: HPI-I = 8003619900015717; name = Dr Peter Chalmers</p>
      <p><b>attester</b>: HPI-I = 8003619900015717; name = Dr Peter Chalmers</p>
      <p><b>title</b> : Shared Health Summary</p>
      <p><b>custodian</b>: ABN = 51824754455; name = Devonport Family Medicine Clinic</p>
    </div>
  </text>
  <extension url="http://hl7.org.au/fhir/StructureDefinition/composition-author-role">
    <valueReference>
      <reference value="PractitionerRole/08da397e-01af-4236-a458-70b05d7e8df8"/>
    </valueReference>
  </extension>
  <status value="final"/>
  <type>
    <coding>
      <system value="http://loinc.org"/>
      <code value="60591-5"/>
      <display value="Patient Summary"/>
    </coding>
  </type>
  <subject>
    <reference value="Patient/d9698a55-723a-49de-931b-4e61d732b016"/>
  </subject>
  <date value="2017-06-21T09:00:15+10:00"/>
  <author>
    <reference value="Practitioner/b44c4b41-16ae-46b1-b7b4-f4dd2bcd3654"/>
  </author>
  <title value="Shared Health Summary"/>
  <attester>
    <mode value="legal"/>
    <time value="2017-06-21T09:00:15+10:00"/>
    <party>
      <reference value="Practitioner/b44c4b41-16ae-46b1-b7b4-f4dd2bcd3654"/>
    </party>
  </attester>
  <custodian>
    <reference value="Organization/9df89ebf-b9ab-4ed5-b865-90892c1bbb1a"/>
  </custodian>
  <section>
    <title value="Current Medications"/>
    <code>
      <coding>
        <system value="https://healthterminologies.gov.au/fhir/CodeSystem/nctis-data-components-1"/>
        <code value="101.32009"/>
        <display value="Current Medicine"/>
      </coding>
    </code>
    <text>
      <status value="additional"/><div xmlns="http://www.w3.org/1999/xhtml">
        <table border="5">
          <thead>
            <tr>
              <th>Medication</th>
              <th>Dose</th>
              <th>Purpose/Comment</th>
            </tr>
          </thead>
          <tbody>
            <tr>
              <td><i>Ferrous sulphate &amp; vitamin C</i></td>
              <td><i>1 d</i></td>
              <td/>
            </tr>
            <tr>
              <td>Fluticasone/salmeterol 250/25</td>
              <td>2 bd</td>
              <td/>
            </tr>
            <tr>
              <td>Sodium chloride 600mg</td>
              <td>3 m, 3 midi, 2 n</td>
              <td/>
            </tr>                        
            <tr>
              <td>
                <b>Mega B complex</b>
              </td>
              <td>
                <b>1 d</b>
              </td>
              <td/>
            </tr>
            <tr>
              <td>
                <b>Multivitamin</b>
              </td>
              <td>
                <b>1 d</b>
              </td>
              <td/>
            </tr>            
            <tr>
              <td>Bromhexine 0.8mg/ml 
              </td>
              <td>
                <b>10ml bd</b>
              </td>
              <td/>
            </tr>
          </tbody>
        </table></div>
    </text>
    <entry>
      <reference value="MedicationStatement/21fcbd65-b116-4528-b396-5c834435bf68"/>
    </entry>
    <entry>
      <reference value="MedicationStatement/d30f3bd7-7106-4530-8b10-e9b5c43c2ec8"/>
    </entry>
    <entry>
      <reference value="MedicationStatement/480ddf2a-885c-4a44-837a-25503b6ea740"/>
    </entry>
    <entry>
      <reference value="MedicationStatement/c4292c20-8037-487d-9d8b-b834b59bfb17"/>
    </entry>
    <entry>
      <reference value="MedicationStatement/a7f22a69-608c-49e2-911b-53b609b2be0a"/>
    </entry>
    <entry>
      <reference value="MedicationStatement/bc8a3682-1060-4be9-a4a2-7210c71d5c11"/>
    </entry>
  </section>
  <section>
    <title value="Allergies and Adverse Reactions"/>
    <code>
      <coding>
        <system value="http://loinc.org"/>
        <code value="48765-2"/>
        <display value="Allergies andor adverse reactions"/>
      </coding>
    </code>
    <text>
      <status value="additional"/><div xmlns="http://www.w3.org/1999/xhtml">
        <p>No known medication allergies.</p>
      </div>
    </text>
    <entry>
      <reference value="AllergyIntolerance/1509ea06-0856-43ed-8842-cc7e6f48c460"/>
    </entry>
  </section>
  <section>
    <title value="Medical History"/>
    <code>
      <coding>
        <system value="https://healthterminologies.gov.au/fhir/CodeSystem/nctis-data-components-1"/>
        <code value="101.16117"/>
      </coding>
    </code>
    <text>
      <status value="additional"/><div xmlns="http://www.w3.org/1999/xhtml">Unknown</div>
    </text>
    <emptyReason>
      <coding>
        <system value="http://hl7.org/fhir/list-empty-reason"/>
        <code value="unavailable"/>
        <display value="Unavailable"/>
      </coding>
      <text value="Unknown"/>
    </emptyReason>
  </section>
  <section>
    <title value="Immunisations"/>
    <code>
      <coding>
        <system value="http://loinc.org"/>
        <code value="11369-6"/>
      </coding>
    </code>
    <text>
      <status value="additional"/><div xmlns="http://www.w3.org/1999/xhtml">
        <table border="5">
          <thead>
            <tr>
              <th>Vaccine</th>
              <th>Date Administered</th>
            </tr>
          </thead>
          <tbody>
            <tr>
              <td>
                <b>Engerix-B Adult</b>
              </td>
              <td>09/10/2017</td>
              <td/>
            </tr>            
            <tr>
              <td>Fluvax 2015</td>
              <td>03/10/2015</td>
              <td/>
            </tr>
          </tbody>
        </table></div>
    </text>
    <entry>
      <reference value="Immunization/42bdb0e9-d510-46c4-a4a3-02205dbb1447"/>
    </entry>
    <entry>
      <reference value="Immunization/21e09e32-441a-4297-a803-970358b4f20f"/>
    </entry>
  </section>
</Composition>