{
  "resourceType": "Immunization",
  "id": "3e2a29a1-3a3c-4a53-bb1b-66588e9bd147",
  "text": {
    "status": "generated",
    "div": "<div xmlns=\"http://www.w3.org/1999/xhtml\"><p><b>Generated Narrative with Details</b></p><p><b>id</b>: 3e2a29a1-3a3c-4a53-bb1b-66588e9bd147</p><p><b>status</b>: completed</p><p><b>notGiven</b>: false</p><p><b>vaccineCode</b>: diphtheria 2 units + tetanus 20 units vaccine injection, 0.5 mL syringe <span style=\"background: LightGoldenRodYellow\">(Details : {SNOMED CT code '837281000168100' = '837281000168100', given as 'diphtheria 2 units + tetanus 20 units vaccine injection, 0.5 mL syringe'})</span></p><p><b>patient</b>: <a href=\"urn:uuid:cc246543-a0da-4ead-9ed6-5e064fea9ff7\">urn:uuid:cc246543-a0da-4ead-9ed6-5e064fea9ff7</a></p><p><b>date</b>: 15 Apr. 2017</p><p><b>primarySource</b>: true</p></div>"
  },
  "status": "completed",
  "notGiven": false,
  "vaccineCode": {
    "coding": [
      {
        "system": "http://snomed.info/sct",
        "code": "837281000168100",
        "display": "diphtheria 2 units + tetanus 20 units vaccine injection, 0.5 mL syringe"
      }
    ]
  },
  "patient": {
    "reference": "urn:uuid:cc246543-a0da-4ead-9ed6-5e064fea9ff7"
  },
  "date": "2017-04-15",
  "primarySource": true
}