{
  "resourceType": "Immunization",
  "id": "d4b8094b-435e-4b43-b38b-f38328bddda3",
  "meta": {
    "profile": [
      "http://ns.electronichealth.net.au/ci/fhir/3.0/StructureDefinition/immunization-summary-administration-1"
    ]
  },
  "text": {
    "status": "generated",
    "div": "<div xmlns=\"http://www.w3.org/1999/xhtml\"><p><b>Generated Narrative with Details</b></p><p><b>id</b>: d4b8094b-435e-4b43-b38b-f38328bddda3</p><p><b>meta</b>: </p><p><b>status</b>: completed</p><p><b>notGiven</b>: false</p><p><b>vaccineCode</b>: Meningitec <span style=\"background: LightGoldenRodYellow\">(Details : {SNOMED CT code '73695011000036100' = '73695011000036100', given as 'Meningitec'})</span></p><p><b>patient</b>: <a href=\"Patient-841a56de-92d7-47fd-bb27-bad8efb371e4.html\">Generated Summary: id: 841a56de-92d7-47fd-bb27-bad8efb371e4; National unique individual identifier = 8003608833357361; Adam A. Everyman(OFFICIAL), Damo ; gender: male</a></p><p><b>date</b>: 10/09/2017</p><p><b>primarySource</b>: true</p></div>"
  },
  "status": "completed",
  "notGiven": false,
  "vaccineCode": {
    "coding": [
      {
        "system": "http://snomed.info/sct",
        "code": "73695011000036100",
        "display": "Meningitec"
      }
    ]
  },
  "patient": {
    "reference": "Patient/841a56de-92d7-47fd-bb27-bad8efb371e4"
  },
  "date": "2017-09-10",
  "primarySource": true
}