{
  "resourceType": "Immunization",
  "id": "7e7dbbfe-5afb-4938-86eb-27060b5daba7",
  "meta": {
    "profile": [
      "http://ns.electronichealth.net.au/ci/fhir/3.0/StructureDefinition/immunization-summary-administration-1"
    ]
  },
  "text": {
    "status": "generated",
    "div": "<div xmlns=\"http://www.w3.org/1999/xhtml\"><p><b>Generated Narrative with Details</b></p><p><b>id</b>: 7e7dbbfe-5afb-4938-86eb-27060b5daba7</p><p><b>meta</b>: </p><p><b>status</b>: completed</p><p><b>notGiven</b>: false</p><p><b>vaccineCode</b>: Engerix-B Adult <span style=\"background: LightGoldenRodYellow\">(Details : {SNOMED CT code '33491000168108' = '33491000168108', given as 'Engerix-B Adult'})</span></p><p><b>patient</b>: <a href=\"Patient-841a56de-92d7-47fd-bb27-bad8efb371e4.html\">Generated Summary: id: 841a56de-92d7-47fd-bb27-bad8efb371e4; National unique individual identifier = 8003608666701594; Adam A. Everyman(OFFICIAL), Damo ; gender: male</a></p><p><b>date</b>: 9 Oct. 2017</p><p><b>primarySource</b>: true</p></div>"
  },
  "status": "completed",
  "notGiven": false,
  "vaccineCode": {
    "coding": [
      {
        "system": "http://snomed.info/sct",
        "code": "33491000168108",
        "display": "Engerix-B Adult"
      }
    ]
  },
  "patient": {
    "reference": "Patient/841a56de-92d7-47fd-bb27-bad8efb371e4"
  },
  "date": "2017-10-09",
  "primarySource": true
}