{
  "resourceType": "MedicationStatement",
  "id": "90d418aa-ed53-447b-95d2-099101ed4339",
  "meta": {
    "profile": [
      "http://ns.electronichealth.net.au/ci/fhir/3.0/StructureDefinition/medicationstatement-summary-1"
    ]
  },
  "text": {
    "status": "generated",
    "div": "<div xmlns=\"http://www.w3.org/1999/xhtml\"><p><b>Generated Narrative with Details</b></p><p><b>id</b>: 90d418aa-ed53-447b-95d2-099101ed4339</p><p><b>meta</b>: </p><p><b>status</b>: active</p><p><b>medication</b>: Candesartan 8mg <span style=\"background: LightGoldenRodYellow\">(Details : {SNOMED CT code '22879011000036102' = '22879011000036102', given as 'candesartan cilexetil 8 mg tablet'})</span></p><p><b>subject</b>: <a href=\"Patient-e6e84607-a0da-4ead-9ed6-5e064fea9fc4.html\">Generated Summary: id: e6e84607-a0da-4ead-9ed6-5e064fea9fc4; National unique individual identifier = 8003608666701594; Sammy GoodPatient; gender: other; birthDate: 23/08/1956</a></p><p><b>taken</b>: y</p><p><b>dosage</b>: </p></div>"
  },
  "status": "active",
  "medicationCodeableConcept": {
    "coding": [
      {
        "system": "http://snomed.info/sct",
        "code": "22879011000036102",
        "display": "candesartan cilexetil 8 mg tablet"
      }
    ],
    "text": "Candesartan 8mg"
  },
  "subject": {
    "reference": "Patient/e6e84607-a0da-4ead-9ed6-5e064fea9fc4"
  },
  "taken": "y",
  "dosage": [
    {
      "text": "0.5 d",
      "timing": {
        "repeat": {
          "frequency": 1,
          "period": 1,
          "periodUnit": "d"
        }
      },
      "doseQuantity": {
        "value": 0.5,
        "unit": "﻿tablet",
        "system": "http://snomed.info/sct",
        "code": "63011000036109"
      }
    }
  ]
}