{
  "resourceType": "Observation",
  "id": "dd82cc78-60b0-41cb-83d4-32521d3b9fa2",
  "meta": {
    "profile": [
      "http://ns.electronichealth.net.au/ci/fhir/3.0/StructureDefinition/observation-norelevantfinding-1"
    ]
  },
  "text": {
    "status": "generated",
    "div": "<div xmlns=\"http://www.w3.org/1999/xhtml\"><p><b>Generated Narrative with Details</b></p><p><b>id</b>: dd82cc78-60b0-41cb-83d4-32521d3b9fa2</p><p><b>meta</b>: </p><p><b>status</b>: final</p><p><b>code</b>: Assertion <span style=\"background: LightGoldenRodYellow\">(Details : {http://hl7.org/fhir/v3/ActCode code 'ASSERTION' = 'Assertion', given as 'Assertion'})</span></p><p><b>subject</b>: <a href=\"Patient-841a56de-92d7-47fd-bb27-bad8efb371e4.html\">Generated Summary: id: 841a56de-92d7-47fd-bb27-bad8efb371e4; National unique individual identifier = 8003608833357361; Adam A. Everyman(OFFICIAL), Damo ; gender: male</a></p><p><b>effective</b>: 2017-06-21</p><p><b>value</b>: No known current medications <span style=\"background: LightGoldenRodYellow\">(Details : {SNOMED CT code '1234391000168107' = 'No known current medication use', given as 'No known current medications'})</span></p></div>"
  },
  "status": "final",
  "code": {
    "coding": [
      {
        "system": "http://hl7.org/fhir/v3/ActCode",
        "code": "ASSERTION",
        "display": "Assertion"
      }
    ]
  },
  "subject": {
    "reference": "Patient/841a56de-92d7-47fd-bb27-bad8efb371e4"
  },
  "effectiveDateTime": "2017-06-21",
  "valueCodeableConcept": {
    "coding": [
      {
        "system": "http://snomed.info/sct",
        "code": "1234391000168107",
        "display": "No known current medications"
      }
    ]
  }
}