<?xml version="1.0" encoding="UTF-8"?>

<Patient xmlns="http://hl7.org/fhir">
  <id value="792b4811-2ce7-4531-8893-af827175bcfe"/>
  <meta>
    <lastUpdated value="2018-09-21T09:00:00+10:00"/>
  </meta>
  <text>
    <status value="extensions"/><div xmlns="http://www.w3.org/1999/xhtml">
            <h2>Patient details</h2>
            <p><b>Eliana IGLESIAS</b></p>            
            <p><b>Date of birth</b>: 20 Aug 1960, Female</p>
            <p>IHI: 8003608666701594</p>             
            <p>Indigenous status: Not stated/inadequately described</p>            
        </div>
  </text>
  <extension url="http://hl7.org.au/fhir/StructureDefinition/indigenous-status">
    <valueCoding>
      <system value="https://healthterminologies.gov.au/fhir/CodeSystem/australian-indigenous-status-1"/>
      <code value="9"/>
      <display value="Not stated/inadequately described"/>
    </valueCoding>
  </extension>
  <identifier>
    <type>
      <coding>
        <system value="http://hl7.org/fhir/v2/0203"/>
        <code value="NI"/>
        <display value="National unique individual identifier"/>
      </coding>
    </type>
    <system value="http://ns.electronichealth.net.au/id/hi/ihi/1.0"/>
    <value value="8003608666701594"/>
  </identifier>
  <name>
    <text value="Iliana Iglesias"/>
    <family value="Iglesias"/>
    <given value="Iliana"/>
  </name>
  <gender value="other"/>
  <birthDate value="1960-08-20">
    <extension url="http://hl7.org.au/fhir/StructureDefinition/date-accuracy-indicator">
      <valueCoding>
        <system value="https://healthterminologies.gov.au/fhir/CodeSystem/date-accuracy-indicator-1"/>
        <code value="AAE"/>
        <display value="Day and month are accurate, year is estimated"/>
      </valueCoding>
    </extension>
    <extension url="http://hl7.org/fhir/StructureDefinition/patient-birthTime">
      <valueDateTime value="1960-08-20T20:07:00+10:00"/>
    </extension>
  </birthDate>
  <generalPractitioner>
    <reference value="urn:uuid:6c9f40e7-6f00-4d75-9f39-d57bd620d855"/>
  </generalPractitioner>
  <managingOrganization>
    <reference value="urn:uuid:021fff67-c5ec-438f-9520-ce9bafee1306"/>
  </managingOrganization>
</Patient>