{
  "resourceType": "Patient",
  "id": "841a56de-92d7-47fd-bb27-bad8efb371e4",
  "meta": {
    "profile": [
      "http://ns.electronichealth.net.au/ci/fhir/3.0/StructureDefinition/patient-ident-1",
      "http://ns.electronichealth.net.au/ci/fhir/3.0/StructureDefinition/patient-ihi-1"
    ]
  },
  "text": {
    "status": "generated",
    "div": "<div xmlns=\"http://www.w3.org/1999/xhtml\"><p><b>Generated Narrative with Details</b></p><p><b>id</b>: 841a56de-92d7-47fd-bb27-bad8efb371e4</p><p><b>meta</b>: </p><p><b>identifier</b>: National unique individual identifier = 8003608833357361</p><p><b>name</b>: Adam A. Everyman(OFFICIAL), Damo </p><p><b>gender</b>: male</p></div>"
  },
  "identifier": [
    {
      "type": {
        "coding": [
          {
            "system": "http://hl7.org/fhir/v2/0203",
            "code": "NI",
            "display": "National unique individual identifier"
          }
        ]
      },
      "system": "http://ns.electronichealth.net.au/id/hi/ihi/1.0",
      "value": "8003608833357361"
    }
  ],
  "name": [
    {
      "use": "official",
      "text": "Adam A. Everyman",
      "family": "Everyman",
      "given": [
        "Adam",
        "A."
      ]
    },
    {
      "use": "usual",
      "given": [
        "Damo"
      ]
    }
  ],
  "gender": "male"
}