<?xml version="1.0" encoding="UTF-8"?><StructureDefinition xmlns="http://hl7.org/fhir"><id value="composition-phn-1"/><text><status value="generated"/><div xmlns="http://www.w3.org/1999/xhtml"><table border="0" cellpadding="0" cellspacing="0" style="border: 0px #F0F0F0 solid; font-size: 11px; font-family: verdana; vertical-align: top;"><tr style="border: 1px #F0F0F0 solid; font-size: 11px; font-family: verdana; vertical-align: top;"><th style="vertical-align: top; text-align : left; background-color: white; border: 0px #F0F0F0 solid; padding:0px 4px 0px 4px" class="hierarchy"><a href="http://hl7.org/fhir/STU3/formats.html#table" title="The logical name of the element">Name</a></th><th style="vertical-align: top; text-align : left; background-color: white; border: 0px #F0F0F0 solid; padding:0px 4px 0px 4px" class="hierarchy"><a href="http://hl7.org/fhir/STU3/formats.html#table" title="Information about the use of the element">Flags</a></th><th style="vertical-align: top; text-align : left; background-color: white; border: 0px #F0F0F0 solid; padding:0px 4px 0px 4px" class="hierarchy"><a href="http://hl7.org/fhir/STU3/formats.html#table" title="Minimum and Maximum # of times the the element can appear in the instance">Card.</a></th><th style="width: 100px" class="hierarchy"><a href="http://hl7.org/fhir/STU3/formats.html#table" title="Reference to the type of the element">Type</a></th><th style="vertical-align: top; text-align : left; background-color: white; border: 0px #F0F0F0 solid; padding:0px 4px 0px 4px" class="hierarchy"><a href="http://hl7.org/fhir/STU3/formats.html#table" title="Additional information about the element">Description &amp; Constraints</a><span style="float: right"><a href="http://hl7.org/fhir/STU3/formats.html#table" title="Legend for this format"><img src="http://hl7.org/fhir/STU3/help16.png" alt="doco" style="background-color: inherit"/></a></span></th></tr><tr style="border: 0px #F0F0F0 solid; padding:0px; vertical-align: top; background-color: white;"><td style="vertical-align: top; text-align : left; background-color: white; border: 0px #F0F0F0 solid; padding:0px 4px 0px 4px; white-space: nowrap; background-image: url(tbl_bck1.png)" class="hierarchy"><img src="tbl_spacer.png" alt="." style="background-color: inherit" class="hierarchy"/><img src="icon_element.gif" alt="." style="background-color: white; background-color: inherit" title="Element" class="hierarchy"/> <a href="StructureDefinition-composition-phn-1-definitions.html#Composition" title="Narratives about the patient&#39;s healthcare information recorded by the patient or their authorised representative within the system. This helps the patient or their authorised representative to keep track of patient health information within the system.">Composition</a><a name="Composition"> </a></td><td style="vertical-align: top; text-align : left; background-color: white; border: 0px #F0F0F0 solid; padding:0px 4px 0px 4px" class="hierarchy"/><td style="vertical-align: top; text-align : left; background-color: white; border: 0px #F0F0F0 solid; padding:0px 4px 0px 4px" class="hierarchy"/><td style="vertical-align: top; text-align : left; background-color: white; border: 0px #F0F0F0 solid; padding:0px 4px 0px 4px" class="hierarchy"/><td style="vertical-align: top; text-align : left; background-color: white; border: 0px #F0F0F0 solid; padding:0px 4px 0px 4px" class="hierarchy">Personal Health Notes</td></tr>
<tr style="border: 0px #F0F0F0 solid; padding:0px; vertical-align: top; background-color: white;"><td style="vertical-align: top; text-align : left; background-color: white; border: 0px #F0F0F0 solid; padding:0px 4px 0px 4px; white-space: nowrap; background-image: url(tbl_bck11.png)" class="hierarchy"><img src="tbl_spacer.png" alt="." style="background-color: inherit" class="hierarchy"/><img src="tbl_vjoin.png" alt="." style="background-color: inherit" class="hierarchy"/><img src="icon_element.gif" alt="." style="background-color: white; background-color: inherit" title="Element" class="hierarchy"/> <a href="StructureDefinition-composition-phn-1-definitions.html#Composition.meta" title="null">meta</a><a name="Composition.meta"> </a></td><td style="vertical-align: top; text-align : left; background-color: white; border: 0px #F0F0F0 solid; padding:0px 4px 0px 4px" class="hierarchy"><span style="padding-left: 3px; padding-right: 3px; color: black; background-color: white" title="This element has or is affected by some invariants">I</span></td><td style="vertical-align: top; text-align : left; background-color: white; border: 0px #F0F0F0 solid; padding:0px 4px 0px 4px" class="hierarchy">1..</td><td style="vertical-align: top; text-align : left; background-color: white; border: 0px #F0F0F0 solid; padding:0px 4px 0px 4px" class="hierarchy"/><td style="vertical-align: top; text-align : left; background-color: white; border: 0px #F0F0F0 solid; padding:0px 4px 0px 4px" class="hierarchy"><span style="font-weight:bold">inv-dh-phn-01: </span>One meta.profile shall be &#39;http://ns.electronichealth.net.au/ci/fhir/3.0/StructureDefinition/composition-phn-1&#39;</td></tr>
<tr style="border: 0px #F0F0F0 solid; padding:0px; vertical-align: top; background-color: white;"><td style="vertical-align: top; text-align : left; background-color: white; border: 0px #F0F0F0 solid; padding:0px 4px 0px 4px; white-space: nowrap; background-image: url(tbl_bck100.png)" class="hierarchy"><img src="tbl_spacer.png" alt="." style="background-color: inherit" class="hierarchy"/><img src="tbl_vline.png" alt="." style="background-color: inherit" class="hierarchy"/><img src="tbl_vjoin_end.png" alt="." style="background-color: inherit" class="hierarchy"/><img src="icon_element.gif" alt="." style="background-color: white; background-color: inherit" title="Element" class="hierarchy"/> <a href="StructureDefinition-composition-phn-1-definitions.html#Composition.meta.profile" title="A list of profiles (references to [StructureDefinition](structuredefinition.html#) resources) that this resource claims to conform to. The URL is a reference to [StructureDefinition.url](structuredefinition-definitions.html#StructureDefinition.url).">profile</a><a name="Composition.meta.profile"> </a></td><td style="vertical-align: top; text-align : left; background-color: white; border: 0px #F0F0F0 solid; padding:0px 4px 0px 4px" class="hierarchy"/><td style="vertical-align: top; text-align : left; background-color: white; border: 0px #F0F0F0 solid; padding:0px 4px 0px 4px" class="hierarchy">1..</td><td style="vertical-align: top; text-align : left; background-color: white; border: 0px #F0F0F0 solid; padding:0px 4px 0px 4px" class="hierarchy"/><td style="vertical-align: top; text-align : left; background-color: white; border: 0px #F0F0F0 solid; padding:0px 4px 0px 4px" class="hierarchy"/></tr>
<tr style="border: 0px #F0F0F0 solid; padding:0px; vertical-align: top; background-color: white;"><td style="vertical-align: top; text-align : left; background-color: white; border: 0px #F0F0F0 solid; padding:0px 4px 0px 4px; white-space: nowrap; background-image: url(tbl_bck10.png)" class="hierarchy"><img src="tbl_spacer.png" alt="." style="background-color: inherit" class="hierarchy"/><img src="tbl_vjoin.png" alt="." style="background-color: inherit" class="hierarchy"/><img src="icon_element.gif" alt="." style="background-color: white; background-color: inherit" title="Element" class="hierarchy"/> <a href="StructureDefinition-composition-phn-1-definitions.html#Composition.type" title="null">type</a><a name="Composition.type"> </a></td><td style="vertical-align: top; text-align : left; background-color: white; border: 0px #F0F0F0 solid; padding:0px 4px 0px 4px" class="hierarchy"><span style="padding-left: 3px; padding-right: 3px; color: white; background-color: red" title="This element must be supported">S</span></td><td style="vertical-align: top; text-align : left; background-color: white; border: 0px #F0F0F0 solid; padding:0px 4px 0px 4px" class="hierarchy"/><td style="vertical-align: top; text-align : left; background-color: white; border: 0px #F0F0F0 solid; padding:0px 4px 0px 4px" class="hierarchy"/><td style="vertical-align: top; text-align : left; background-color: white; border: 0px #F0F0F0 solid; padding:0px 4px 0px 4px" class="hierarchy"><span style="font-weight:bold">Fixed Value: </span><span style="color: darkgreen">{&quot;coding&quot;:[{&quot;system&quot;:&quot;https://healthterminologies.gov.au/fhir/CodeSystem/nctis-data-components-1&quot;,&quot;code&quot;:&quot;100.16681&quot;}]}</span></td></tr>
<tr style="border: 0px #F0F0F0 solid; padding:0px; vertical-align: top; background-color: white;"><td style="vertical-align: top; text-align : left; background-color: white; border: 0px #F0F0F0 solid; padding:0px 4px 0px 4px; white-space: nowrap; background-image: url(tbl_bck10.png)" class="hierarchy"><img src="tbl_spacer.png" alt="." style="background-color: inherit" class="hierarchy"/><img src="tbl_vjoin.png" alt="." style="background-color: inherit" class="hierarchy"/><img src="icon_element.gif" alt="." style="background-color: white; background-color: inherit" title="Element" class="hierarchy"/> <a href="StructureDefinition-composition-phn-1-definitions.html#Composition.title" title="null">title</a><a name="Composition.title"> </a></td><td style="vertical-align: top; text-align : left; background-color: white; border: 0px #F0F0F0 solid; padding:0px 4px 0px 4px" class="hierarchy"><span style="padding-left: 3px; padding-right: 3px; color: white; background-color: red" title="This element must be supported">S</span></td><td style="vertical-align: top; text-align : left; background-color: white; border: 0px #F0F0F0 solid; padding:0px 4px 0px 4px" class="hierarchy"/><td style="vertical-align: top; text-align : left; background-color: white; border: 0px #F0F0F0 solid; padding:0px 4px 0px 4px" class="hierarchy"/><td style="vertical-align: top; text-align : left; background-color: white; border: 0px #F0F0F0 solid; padding:0px 4px 0px 4px" class="hierarchy"><span style="font-weight:bold">Fixed Value: </span><span style="color: darkgreen">Personal Health Notes</span></td></tr>
<tr style="border: 0px #F0F0F0 solid; padding:0px; vertical-align: top; background-color: white;"><td style="vertical-align: top; text-align : left; background-color: white; border: 0px #F0F0F0 solid; padding:0px 4px 0px 4px; white-space: nowrap; background-image: url(tbl_bck01.png)" class="hierarchy"><img src="tbl_spacer.png" alt="." style="background-color: inherit" class="hierarchy"/><img src="tbl_vjoin_end.png" alt="." style="background-color: inherit" class="hierarchy"/><img src="icon_element.gif" alt="." style="background-color: white; background-color: inherit" title="Element" class="hierarchy"/> <a href="StructureDefinition-composition-phn-1-definitions.html#Composition.section" title="Healthcare narratives about an individual&#39;s health and related matters.">section</a><a name="Composition.section"> </a></td><td style="vertical-align: top; text-align : left; background-color: white; border: 0px #F0F0F0 solid; padding:0px 4px 0px 4px" class="hierarchy"><span style="padding-left: 3px; padding-right: 3px; color: white; background-color: red" title="This element must be supported">S</span></td><td style="vertical-align: top; text-align : left; background-color: white; border: 0px #F0F0F0 solid; padding:0px 4px 0px 4px" class="hierarchy">1..1</td><td style="vertical-align: top; text-align : left; background-color: white; border: 0px #F0F0F0 solid; padding:0px 4px 0px 4px" class="hierarchy"/><td style="vertical-align: top; text-align : left; background-color: white; border: 0px #F0F0F0 solid; padding:0px 4px 0px 4px" class="hierarchy">Notes section</td></tr>
<tr style="border: 0px #F0F0F0 solid; padding:0px; vertical-align: top; background-color: white;"><td style="vertical-align: top; text-align : left; background-color: white; border: 0px #F0F0F0 solid; padding:0px 4px 0px 4px; white-space: nowrap; background-image: url(tbl_bck010.png)" class="hierarchy"><img src="tbl_spacer.png" alt="." style="background-color: inherit" class="hierarchy"/><img src="tbl_blank.png" alt="." style="background-color: inherit" class="hierarchy"/><img src="tbl_vjoin.png" alt="." style="background-color: inherit" class="hierarchy"/><img src="icon_element.gif" alt="." style="background-color: white; background-color: inherit" title="Element" class="hierarchy"/> <a href="StructureDefinition-composition-phn-1-definitions.html#Composition.section.title" title="null">title</a><a name="Composition.section.title"> </a></td><td style="vertical-align: top; text-align : left; background-color: white; border: 0px #F0F0F0 solid; padding:0px 4px 0px 4px" class="hierarchy"><span style="padding-left: 3px; padding-right: 3px; color: white; background-color: red" title="This element must be supported">S</span></td><td style="vertical-align: top; text-align : left; background-color: white; border: 0px #F0F0F0 solid; padding:0px 4px 0px 4px" class="hierarchy">1..</td><td style="vertical-align: top; text-align : left; background-color: white; border: 0px #F0F0F0 solid; padding:0px 4px 0px 4px" class="hierarchy"/><td style="vertical-align: top; text-align : left; background-color: white; border: 0px #F0F0F0 solid; padding:0px 4px 0px 4px" class="hierarchy"/></tr>
<tr style="border: 0px #F0F0F0 solid; padding:0px; vertical-align: top; background-color: white;"><td style="vertical-align: top; text-align : left; background-color: white; border: 0px #F0F0F0 solid; padding:0px 4px 0px 4px; white-space: nowrap; background-image: url(tbl_bck010.png)" class="hierarchy"><img src="tbl_spacer.png" alt="." style="background-color: inherit" class="hierarchy"/><img src="tbl_blank.png" alt="." style="background-color: inherit" class="hierarchy"/><img src="tbl_vjoin.png" alt="." style="background-color: inherit" class="hierarchy"/><img src="icon_element.gif" alt="." style="background-color: white; background-color: inherit" title="Element" class="hierarchy"/> <a href="StructureDefinition-composition-phn-1-definitions.html#Composition.section.code" title="null">code</a><a name="Composition.section.code"> </a></td><td style="vertical-align: top; text-align : left; background-color: white; border: 0px #F0F0F0 solid; padding:0px 4px 0px 4px" class="hierarchy"><span style="padding-left: 3px; padding-right: 3px; color: white; background-color: red" title="This element must be supported">S</span></td><td style="vertical-align: top; text-align : left; background-color: white; border: 0px #F0F0F0 solid; padding:0px 4px 0px 4px" class="hierarchy">1..</td><td style="vertical-align: top; text-align : left; background-color: white; border: 0px #F0F0F0 solid; padding:0px 4px 0px 4px" class="hierarchy"/><td style="vertical-align: top; text-align : left; background-color: white; border: 0px #F0F0F0 solid; padding:0px 4px 0px 4px" class="hierarchy">Notes<br/><span style="font-weight:bold">Fixed Value: </span><span style="color: darkgreen">{&quot;coding&quot;:[{&quot;system&quot;:&quot;https://healthterminologies.gov.au/fhir/CodeSystem/nctis-data-components-1&quot;,&quot;code&quot;:&quot;102.15513&quot;}]}</span></td></tr>
<tr style="border: 0px #F0F0F0 solid; padding:0px; vertical-align: top; background-color: white;"><td style="vertical-align: top; text-align : left; background-color: white; border: 0px #F0F0F0 solid; padding:0px 4px 0px 4px; white-space: nowrap; background-image: url(tbl_bck010.png)" class="hierarchy"><img src="tbl_spacer.png" alt="." style="background-color: inherit" class="hierarchy"/><img src="tbl_blank.png" alt="." style="background-color: inherit" class="hierarchy"/><img src="tbl_vjoin.png" alt="." style="background-color: inherit" class="hierarchy"/><img src="icon_element.gif" alt="." style="background-color: white; background-color: inherit" title="Element" class="hierarchy"/> <a href="StructureDefinition-composition-phn-1-definitions.html#Composition.section.text" title="null">text</a><a name="Composition.section.text"> </a></td><td style="vertical-align: top; text-align : left; background-color: white; border: 0px #F0F0F0 solid; padding:0px 4px 0px 4px" class="hierarchy"><span style="padding-left: 3px; padding-right: 3px; color: white; background-color: red" title="This element must be supported">S</span></td><td style="vertical-align: top; text-align : left; background-color: white; border: 0px #F0F0F0 solid; padding:0px 4px 0px 4px" class="hierarchy">1..</td><td style="vertical-align: top; text-align : left; background-color: white; border: 0px #F0F0F0 solid; padding:0px 4px 0px 4px" class="hierarchy"/><td style="vertical-align: top; text-align : left; background-color: white; border: 0px #F0F0F0 solid; padding:0px 4px 0px 4px" class="hierarchy"/></tr>
<tr style="border: 0px #F0F0F0 solid; padding:0px; vertical-align: top; background-color: white;"><td style="vertical-align: top; text-align : left; background-color: white; border: 0px #F0F0F0 solid; padding:0px 4px 0px 4px; white-space: nowrap; background-image: url(tbl_bck010.png)" class="hierarchy"><img src="tbl_spacer.png" alt="." style="background-color: inherit" class="hierarchy"/><img src="tbl_blank.png" alt="." style="background-color: inherit" class="hierarchy"/><img src="tbl_vjoin.png" alt="." style="background-color: inherit" class="hierarchy"/><img src="icon_element.gif" alt="." style="background-color: white; background-color: inherit" title="Element" class="hierarchy"/> <a href="StructureDefinition-composition-phn-1-definitions.html#Composition.section.mode" title="null">mode</a><a name="Composition.section.mode"> </a></td><td style="vertical-align: top; text-align : left; background-color: white; border: 0px #F0F0F0 solid; padding:0px 4px 0px 4px" class="hierarchy"/><td style="vertical-align: top; text-align : left; background-color: white; border: 0px #F0F0F0 solid; padding:0px 4px 0px 4px" class="hierarchy"/><td style="vertical-align: top; text-align : left; background-color: white; border: 0px #F0F0F0 solid; padding:0px 4px 0px 4px" class="hierarchy"/><td style="vertical-align: top; text-align : left; background-color: white; border: 0px #F0F0F0 solid; padding:0px 4px 0px 4px" class="hierarchy"><span style="font-weight:bold">Fixed Value: </span><span style="color: darkgreen">snapshot</span></td></tr>
<tr style="border: 0px #F0F0F0 solid; padding:0px; vertical-align: top; background-color: white;"><td style="vertical-align: top; text-align : left; background-color: white; border: 0px #F0F0F0 solid; padding:0px 4px 0px 4px; white-space: nowrap; background-image: url(tbl_bck000.png)" class="hierarchy"><img src="tbl_spacer.png" alt="." style="background-color: inherit" class="hierarchy"/><img src="tbl_blank.png" alt="." style="background-color: inherit" class="hierarchy"/><img src="tbl_vjoin_end.png" alt="." style="background-color: inherit" class="hierarchy"/><img src="icon_element.gif" alt="." style="background-color: white; background-color: inherit" title="Element" class="hierarchy"/> <span style="text-decoration:line-through" title="null">emptyReason</span><a name="Composition.section.emptyReason"> </a></td><td style="vertical-align: top; text-align : left; background-color: white; border: 0px #F0F0F0 solid; padding:0px 4px 0px 4px" class="hierarchy"><span style="text-decoration:line-through" title="This element must be supported">S</span></td><td style="vertical-align: top; text-align : left; background-color: white; border: 0px #F0F0F0 solid; padding:0px 4px 0px 4px" class="hierarchy"><span style="text-decoration:line-through"/><span style="text-decoration:line-through"></span><span style="text-decoration:line-through">..</span><span style="text-decoration:line-through">0</span></td><td style="vertical-align: top; text-align : left; background-color: white; border: 0px #F0F0F0 solid; padding:0px 4px 0px 4px" class="hierarchy"/><td style="vertical-align: top; text-align : left; background-color: white; border: 0px #F0F0F0 solid; padding:0px 4px 0px 4px" class="hierarchy"/></tr>
<tr><td colspan="5" class="hierarchy"><br/><a href="http://hl7.org/fhir/STU3/formats.html#table" title="Legend for this format"><img src="http://hl7.org/fhir/STU3/help16.png" alt="doco" style="background-color: inherit"/> Documentation for this format</a></td></tr></table></div></text><url value="http://ns.electronichealth.net.au/ci/fhir/3.0/StructureDefinition/composition-phn-1"/><version value="1.0.0"/><name value="CompositionPHN"/><title value="Personal Health Notes"/><status value="draft"/><experimental value="true"/><date value="2019-05-17T12:47:06+10:00"/><publisher value="Australian Digital Health Agency"/><contact><telecom><system value="email"/><value value="help@digitalhealth.gov.au"/></telecom></contact><description value="The purpose of this profile is to define a representation of a Personal Health Notes document for a patient in an Australian healthcare context.&#xA;&#xA;#### Must Support&#xA;&#xA;In the context of this profile [Must Support](http://hl7.org/fhir/STU3/conformance-rules.html#mustSupport) SHALL be interpreted as follows:&#xA;&#xA;* The system SHALL be able to include the element when authoring a resource where data is available&#xA;&#xA;* The system SHALL be able to store and retrieve the element&#xA;&#xA;* The system SHALL be able to process resources containing the element"/><copyright value="Copyright &#xA9; 2019 Australian Digital Health Agency - All rights reserved. This content is licensed under a Creative Commons Attribution 4.0 International License. See https://creativecommons.org/licenses/by/4.0/."/><fhirVersion value="3.0.1"/><mapping><identity value="rim"/><uri value="http://hl7.org/v3"/><name value="RIM Mapping"/></mapping><mapping><identity value="cda"/><uri value="http://hl7.org/v3/cda"/><name value="CDA (R2)"/></mapping><mapping><identity value="w5"/><uri value="http://hl7.org/fhir/w5"/><name value="W5 Mapping"/></mapping><kind value="resource"/><abstract value="false"/><type value="Composition"/><baseDefinition value="http://ns.electronichealth.net.au/ci/fhir/3.0/StructureDefinition/composition-docheader-cei-1"/><derivation value="constraint"/><snapshot><element id="Composition"><path value="Composition"/><short value="Personal Health Notes"/><definition value="Narratives about the patient&#39;s healthcare information recorded by the patient or their authorised representative within the system. This helps the patient or their authorised representative to keep track of patient health information within the system."/><comment value="While the focus of this specification is on patient-specific clinical statements, this resource can also apply to other healthcare-related statements such as study protocol designs, healthcare invoices and other activities that are not necessarily patient-specific or clinical."/><min value="0"/><max value="*"/><base><path value="Composition"/><min value="0"/><max value="*"/></base><constraint><key value="dom-2"/><severity value="error"/><human value="If the resource is contained in another resource, it SHALL NOT contain nested Resources"/><expression value="contained.contained.empty()"/><xpath value="not(parent::f:contained and f:contained)"/><source value="DomainResource"/></constraint><constraint><key value="dom-1"/><severity value="error"/><human value="If the resource is contained in another resource, it SHALL NOT contain any narrative"/><expression value="contained.text.empty()"/><xpath value="not(parent::f:contained and f:text)"/><source value="DomainResource"/></constraint><constraint><key value="dom-4"/><severity value="error"/><human value="If a resource is contained in another resource, it SHALL NOT have a meta.versionId or a meta.lastUpdated"/><expression value="contained.meta.versionId.empty() and contained.meta.lastUpdated.empty()"/><xpath value="not(exists(f:contained/*/f:meta/f:versionId)) and not(exists(f:contained/*/f:meta/f:lastUpdated))"/><source value="DomainResource"/></constraint><constraint><key value="dom-3"/><severity value="error"/><human value="If the resource is contained in another resource, it SHALL be referred to from elsewhere in the resource"/><expression value="contained.where((&#39;#&#39;+id in %resource.descendants().reference).not()).empty()"/><xpath value="not(exists(for $id in f:contained/*/@id return $id[not(ancestor::f:contained/parent::*/descendant::f:reference/@value=concat(&#39;#&#39;, $id))]))"/><source value="DomainResource"/></constraint><mapping><identity value="rim"/><map value="Entity. Role, or Act"/></mapping><mapping><identity value="rim"/><map value="Document[classCode=&quot;DOC&quot; and moodCode=&quot;EVN&quot; and isNormalAct()]"/></mapping><mapping><identity value="cda"/><map value="ClinicalDocument"/></mapping><mapping><identity value="w5"/><map value="infrastructure.documents"/></mapping></element><element id="Composition.id"><path value="Composition.id"/><short value="Logical id of this artifact"/><definition value="The logical id of the resource, as used in the URL for the resource. Once assigned, this value never changes."/><comment value="The only time that a resource does not have an id is when it is being submitted to the server using a create operation."/><min value="0"/><max value="1"/><base><path value="Resource.id"/><min value="0"/><max value="1"/></base><type><code value="id"/></type><isSummary value="true"/></element><element id="Composition.meta"><path value="Composition.meta"/><short value="Metadata about the resource"/><definition value="The metadata about the resource. This is content that is maintained by the infrastructure. Changes to the content may not always be associated with version changes to the resource."/><min value="1"/><max value="1"/><base><path value="Resource.meta"/><min value="0"/><max value="1"/></base><type><code value="Meta"/></type><constraint><key value="inv-dh-phn-01"/><severity value="error"/><human value="One meta.profile shall be &#39;http://ns.electronichealth.net.au/ci/fhir/3.0/StructureDefinition/composition-phn-1&#39;"/><expression value="meta.profile.where($this=&#39;http://ns.electronichealth.net.au/ci/fhir/3.0/StructureDefinition/composition-phn-1&#39;).exists()"/></constraint><isSummary value="true"/></element><element id="Composition.meta.id"><path value="Composition.meta.id"/><representation value="xmlAttr"/><short value="xml:id (or equivalent in JSON)"/><definition value="unique id for the element within a resource (for internal references). This may be any string value that does not contain spaces."/><min value="0"/><max value="1"/><base><path value="Element.id"/><min value="0"/><max value="1"/></base><type><code value="string"/></type><mapping><identity value="rim"/><map value="n/a"/></mapping></element><element id="Composition.meta.extension"><path value="Composition.meta.extension"/><slicing><discriminator><type value="value"/><path value="url"/></discriminator><description value="Extensions are always sliced by (at least) url"/><rules value="open"/></slicing><short value="Additional Content defined by implementations"/><definition value="May be used to represent additional information that is not part of the basic definition of the element. In order to make the use of extensions safe and manageable, there is a strict set of governance  applied to the definition and use of extensions. Though any implementer is allowed to define an extension, there is a set of requirements that SHALL be met as part of the definition of the extension."/><comment value="There can be no stigma associated with the use of extensions by any application, project, or standard - regardless of the institution or jurisdiction that uses or defines the extensions.  The use of extensions is what allows the FHIR specification to retain a core level of simplicity for everyone."/><alias value="extensions"/><alias value="user content"/><min value="0"/><max value="*"/><base><path value="Element.extension"/><min value="0"/><max value="*"/></base><type><code value="Extension"/></type><mapping><identity value="rim"/><map value="n/a"/></mapping></element><element id="Composition.meta.versionId"><path value="Composition.meta.versionId"/><short value="Version specific identifier"/><definition value="The version specific identifier, as it appears in the version portion of the URL. This values changes when the resource is created, updated, or deleted."/><comment value="The server assigns this value, and ignores what the client specifies, except in the case that the server is imposing version integrity on updates/deletes."/><min value="0"/><max value="1"/><base><path value="Meta.versionId"/><min value="0"/><max value="1"/></base><type><code value="id"/></type><isSummary value="true"/></element><element id="Composition.meta.lastUpdated"><path value="Composition.meta.lastUpdated"/><short value="When the resource version last changed"/><definition value="When the resource last changed - e.g. when the version changed."/><comment value="This value is always populated except when the resource is first being created. The server / resource manager sets this value; what a client provides is irrelevant."/><min value="0"/><max value="1"/><base><path value="Meta.lastUpdated"/><min value="0"/><max value="1"/></base><type><code value="instant"/></type><isSummary value="true"/></element><element id="Composition.meta.profile"><path value="Composition.meta.profile"/><short value="Profiles this resource claims to conform to"/><definition value="A list of profiles (references to [StructureDefinition](structuredefinition.html#) resources) that this resource claims to conform to. The URL is a reference to [StructureDefinition.url](structuredefinition-definitions.html#StructureDefinition.url)."/><comment value="It is up to the server and/or other infrastructure of policy to determine whether/how these claims are verified and/or updated over time.  The list of profile URLs is a set."/><min value="1"/><max value="*"/><base><path value="Meta.profile"/><min value="0"/><max value="*"/></base><type><code value="uri"/></type><isSummary value="true"/></element><element id="Composition.meta.security"><path value="Composition.meta.security"/><short value="Security Labels applied to this resource"/><definition value="Security labels applied to this resource. These tags connect specific resources to the overall security policy and infrastructure."/><comment value="The security labels can be updated without changing the stated version of the resource  The list of security labels is a set. Uniqueness is based the system/code, and version and display are ignored."/><min value="0"/><max value="*"/><base><path value="Meta.security"/><min value="0"/><max value="*"/></base><type><code value="Coding"/></type><isSummary value="true"/><binding><extension url="http://hl7.org/fhir/StructureDefinition/elementdefinition-bindingName"><valueString value="SecurityLabels"/></extension><extension url="http://hl7.org/fhir/StructureDefinition/elementdefinition-isCommonBinding"><valueBoolean value="true"/></extension><strength value="extensible"/><description value="Security Labels from the Healthcare Privacy and Security Classification System."/><valueSetReference><reference value="http://hl7.org/fhir/ValueSet/security-labels"/></valueSetReference></binding></element><element id="Composition.meta.tag"><path value="Composition.meta.tag"/><short value="Tags applied to this resource"/><definition value="Tags applied to this resource. Tags are intended to be used to identify and relate resources to process and workflow, and applications are not required to consider the tags when interpreting the meaning of a resource."/><comment value="The tags can be updated without changing the stated version of the resource.  The list of tags is a set. Uniqueness is based the system/code, and version and display are ignored."/><min value="0"/><max value="*"/><base><path value="Meta.tag"/><min value="0"/><max value="*"/></base><type><code value="Coding"/></type><isSummary value="true"/><binding><extension url="http://hl7.org/fhir/StructureDefinition/elementdefinition-bindingName"><valueString value="Tags"/></extension><strength value="example"/><description value="Codes that represent various types of tags, commonly workflow-related; e.g. &quot;Needs review by Dr. Jones&quot;"/><valueSetReference><reference value="http://hl7.org/fhir/ValueSet/common-tags"/></valueSetReference></binding></element><element id="Composition.implicitRules"><path value="Composition.implicitRules"/><short value="A set of rules under which this content was created"/><definition value="A reference to a set of rules that were followed when the resource was constructed, and which must be understood when processing the content."/><comment value="Asserting this rule set restricts the content to be only understood by a limited set of trading partners. This inherently limits the usefulness of the data in the long term. However, the existing health eco-system is highly fractured, and not yet ready to define, collect, and exchange data in a generally computable sense. Wherever possible, implementers and/or specification writers should avoid using this element. &#xA;&#xA;This element is labelled as a modifier because the implicit rules may provide additional knowledge about the resource that modifies it&#39;s meaning or interpretation."/><min value="0"/><max value="1"/><base><path value="Resource.implicitRules"/><min value="0"/><max value="1"/></base><type><code value="uri"/></type><isModifier value="true"/><isSummary value="true"/></element><element id="Composition.language"><path value="Composition.language"/><short value="Language of the resource content"/><definition value="The base language in which the resource is written."/><comment value="Language is provided to support indexing and accessibility (typically, services such as text to speech use the language tag). The html language tag in the narrative applies  to the narrative. The language tag on the resource may be used to specify the language of other presentations generated from the data in the resource  Not all the content has to be in the base language. The Resource.language should not be assumed to apply to the narrative automatically. If a language is specified, it should it also be specified on the div element in the html (see rules in HTML5 for information about the relationship between xml:lang and the html lang attribute)."/><min value="1"/><max value="1"/><base><path value="Resource.language"/><min value="0"/><max value="1"/></base><type><code value="code"/></type><fixedCode value="en-AU"/><binding><extension url="http://hl7.org/fhir/StructureDefinition/elementdefinition-maxValueSet"><valueReference><reference value="http://hl7.org/fhir/ValueSet/all-languages"/></valueReference></extension><extension url="http://hl7.org/fhir/StructureDefinition/elementdefinition-bindingName"><valueString value="Language"/></extension><extension url="http://hl7.org/fhir/StructureDefinition/elementdefinition-isCommonBinding"><valueBoolean value="true"/></extension><strength value="extensible"/><description value="A human language."/><valueSetReference><reference value="http://hl7.org/fhir/ValueSet/languages"/></valueSetReference></binding></element><element id="Composition.text"><path value="Composition.text"/><short value="Text summary of the resource, for human interpretation"/><definition value="A human-readable narrative that contains a summary of the resource, and may be used to represent the content of the resource to a human. The narrative need not encode all the structured data, but is required to contain sufficient detail to make it &quot;clinically safe&quot; for a human to just read the narrative. Resource definitions may define what content should be represented in the narrative to ensure clinical safety."/><comment value="Contained resources do not have narrative. Resources that are not contained SHOULD have a narrative. In some cases, a resource may only have text with little or no additional discrete data (as long as all minOccurs=1 elements are satisfied).  This may be necessary for data from legacy systems where information is captured as a &quot;text blob&quot; or where text is additionally entered raw or narrated and encoded in formation is added later."/><alias value="narrative"/><alias value="html"/><alias value="xhtml"/><alias value="display"/><min value="0"/><max value="1"/><base><path value="DomainResource.text"/><min value="0"/><max value="1"/></base><type><code value="Narrative"/></type><condition value="dom-1"/><mapping><identity value="rim"/><map value="Act.text?"/></mapping></element><element id="Composition.contained"><path value="Composition.contained"/><short value="Contained, inline Resources"/><definition value="These resources do not have an independent existence apart from the resource that contains them - they cannot be identified independently, and nor can they have their own independent transaction scope."/><comment value="This should never be done when the content can be identified properly, as once identification is lost, it is extremely difficult (and context dependent) to restore it again."/><alias value="inline resources"/><alias value="anonymous resources"/><alias value="contained resources"/><min value="0"/><max value="*"/><base><path value="DomainResource.contained"/><min value="0"/><max value="*"/></base><type><code value="Resource"/></type><mapping><identity value="rim"/><map value="N/A"/></mapping></element><element id="Composition.extension"><path value="Composition.extension"/><slicing><discriminator><type value="value"/><path value="url"/></discriminator><rules value="open"/></slicing><short value="Extension"/><definition value="An Extension"/><min value="0"/><max value="*"/><base><path value="DomainResource.extension"/><min value="0"/><max value="*"/></base><type><code value="Extension"/></type></element><element id="Composition.extension:compositionAuthorRole"><path value="Composition.extension"/><sliceName value="compositionAuthorRole"/><short value="Practitioner role that authored the composition"/><definition value="A practitioner role that authored this composition. This is not to be confused with who typed in the information."/><min value="0"/><max value="*"/><base><path value="DomainResource.extension"/><min value="0"/><max value="*"/></base><type><code value="Extension"/><profile value="http://hl7.org.au/fhir/StructureDefinition/composition-author-role"/></type><condition value="ele-1"/><constraint><key value="ele-1"/><severity value="error"/><human value="All FHIR elements must have a @value or children"/><expression value="hasValue() | (children().count() &gt; id.count())"/><xpath value="@value|f:*|h:div"/><source value="Element"/></constraint><constraint><key value="ext-1"/><severity value="error"/><human value="Must have either extensions or value[x], not both"/><expression value="extension.exists() != value.exists()"/><xpath value="exists(f:extension)!=exists(f:*[starts-with(local-name(.), &#39;value&#39;)])"/><source value="Extension"/></constraint></element><element id="Composition.extension:informationRecipient"><path value="Composition.extension"/><sliceName value="informationRecipient"/><short value="Who and/or what should receive a copy of the composition"/><definition value="A recipient who should receive a copy of the composition. A recipient is an entity to whom a copy of the composition is directed at the time of authoring of the composition."/><min value="0"/><max value="*"/><base><path value="DomainResource.extension"/><min value="0"/><max value="*"/></base><type><code value="Extension"/><profile value="http://hl7.org.au/fhir/StructureDefinition/information-recipient"/></type><condition value="ele-1"/><constraint><key value="ele-1"/><severity value="error"/><human value="All FHIR elements must have a @value or children"/><expression value="hasValue() | (children().count() &gt; id.count())"/><xpath value="@value|f:*|h:div"/><source value="Element"/></constraint><constraint><key value="ext-1"/><severity value="error"/><human value="Must have either extensions or value[x], not both"/><expression value="extension.exists() != value.exists()"/><xpath value="exists(f:extension)!=exists(f:*[starts-with(local-name(.), &#39;value&#39;)])"/><source value="Extension"/></constraint></element><element id="Composition.modifierExtension"><path value="Composition.modifierExtension"/><short value="Extensions that cannot be ignored"/><definition value="May be used to represent additional information that is not part of the basic definition of the resource, and that modifies the understanding of the element that contains it. Usually modifier elements provide negation or qualification. In order to make the use of extensions safe and manageable, there is a strict set of governance applied to the definition and use of extensions. Though any implementer is allowed to define an extension, there is a set of requirements that SHALL be met as part of the definition of the extension. Applications processing a resource are required to check for modifier extensions."/><comment value="There can be no stigma associated with the use of extensions by any application, project, or standard - regardless of the institution or jurisdiction that uses or defines the extensions.  The use of extensions is what allows the FHIR specification to retain a core level of simplicity for everyone."/><alias value="extensions"/><alias value="user content"/><min value="0"/><max value="*"/><base><path value="DomainResource.modifierExtension"/><min value="0"/><max value="*"/></base><type><code value="Extension"/></type><isModifier value="true"/><mapping><identity value="rim"/><map value="N/A"/></mapping></element><element id="Composition.identifier"><path value="Composition.identifier"/><short value="Logical identifier of composition (version-independent)"/><definition value="Logical identifier for the composition, assigned when created. This identifier stays constant as the composition is changed over time."/><comment value="See discussion in resource definition for how these relate."/><min value="0"/><max value="1"/><base><path value="Composition.identifier"/><min value="0"/><max value="1"/></base><type><code value="Identifier"/></type><mustSupport value="true"/><isSummary value="true"/><mapping><identity value="rim"/><map value="Document.id / Document.setId"/></mapping><mapping><identity value="cda"/><map value=".setId"/></mapping><mapping><identity value="w5"/><map value="id"/></mapping></element><element id="Composition.status"><path value="Composition.status"/><short value="preliminary | final | amended | entered-in-error"/><definition value="The workflow/clinical status of this composition. The status is a marker for the clinical standing of the document."/><comment value="If a composition is marked as withdrawn, the compositions/documents in the series, or data from the composition or document series, should never be displayed to a user without being clearly marked as untrustworthy. The flag &quot;entered-in-error&quot; is why this element is labeled as a modifier of other elements. &#xA;&#xA;Some reporting work flows require that the original narrative of a final document never be altered; instead, only new narrative can be added. The composition resource has no explicit status for explicitly noting whether this business rule is in effect. This would be handled by an extension if required."/><requirements value="Need to be able to mark interim, amended, or withdrawn compositions or documents."/><min value="1"/><max value="1"/><base><path value="Composition.status"/><min value="1"/><max value="1"/></base><type><code value="code"/></type><mustSupport value="true"/><isModifier value="true"/><isSummary value="true"/><binding><extension url="http://hl7.org/fhir/StructureDefinition/elementdefinition-bindingName"><valueString value="CompositionStatus"/></extension><strength value="required"/><description value="The workflow/clinical status of the composition."/><valueSetReference><reference value="http://hl7.org/fhir/ValueSet/composition-status"/></valueSetReference></binding><mapping><identity value="rim"/><map value="interim: .completionCode=&quot;IN&quot; &amp; ./statusCode[isNormalDatatype()]=&quot;active&quot;;  final: .completionCode=&quot;AU&quot; &amp;&amp;  ./statusCode[isNormalDatatype()]=&quot;complete&quot; and not(./inboundRelationship[typeCode=&quot;SUBJ&quot; and isNormalActRelationship()]/source[subsumesCode(&quot;ActClass#CACT&quot;) and moodCode=&quot;EVN&quot; and domainMember(&quot;ReviseComposition&quot;, code) and isNormalAct()]);  amended: .completionCode=&quot;AU&quot; &amp;&amp;  ./statusCode[isNormalDatatype()]=&quot;complete&quot; and ./inboundRelationship[typeCode=&quot;SUBJ&quot; and isNormalActRelationship()]/source[subsumesCode(&quot;ActClass#CACT&quot;) and moodCode=&quot;EVN&quot; and domainMember(&quot;ReviseComposition&quot;, code) and isNormalAct() and statusCode=&quot;completed&quot;];  withdrawn : .completionCode=NI &amp;&amp;  ./statusCode[isNormalDatatype()]=&quot;obsolete&quot;"/></mapping><mapping><identity value="cda"/><map value="n/a"/></mapping><mapping><identity value="w5"/><map value="status"/></mapping></element><element id="Composition.type"><path value="Composition.type"/><short value="Kind of composition (LOINC if possible)"/><definition value="Specifies the particular kind of composition (e.g. History and Physical, Discharge Summary, Progress Note). This usually equates to the purpose of making the composition."/><comment value="For Composition type, LOINC is ubiquitous and strongly endorsed by HL7. Most implementation guides will require a specific LOINC code, or use LOINC as an extensible binding."/><requirements value="Key metadata element describing the composition, used in searching/filtering."/><min value="1"/><max value="1"/><base><path value="Composition.type"/><min value="1"/><max value="1"/></base><type><code value="CodeableConcept"/></type><fixedCodeableConcept><coding><system value="https://healthterminologies.gov.au/fhir/CodeSystem/nctis-data-components-1"/><code value="100.16681"/></coding></fixedCodeableConcept><mustSupport value="true"/><isSummary value="true"/><binding><extension url="http://hl7.org/fhir/StructureDefinition/elementdefinition-bindingName"><valueString value="DocumentType"/></extension><strength value="preferred"/><description value="Type of a composition."/><valueSetReference><reference value="http://hl7.org/fhir/ValueSet/doc-typecodes"/></valueSetReference></binding><mapping><identity value="rim"/><map value="./code"/></mapping><mapping><identity value="cda"/><map value=".code"/></mapping><mapping><identity value="w5"/><map value="class"/></mapping></element><element id="Composition.class"><path value="Composition.class"/><short value="Categorization of Composition"/><definition value="A categorization for the type of the composition - helps for indexing and searching. This may be implied by or derived from the code specified in the Composition Type."/><comment value="This is a metadata field from [XDS/MHD](http://wiki.ihe.net/index.php?title=Mobile_access_to_Health_Documents_(MHD))."/><requirements value="Helps humans to assess whether the composition is of interest when viewing an index of compositions or documents."/><min value="0"/><max value="1"/><base><path value="Composition.class"/><min value="0"/><max value="1"/></base><type><code value="CodeableConcept"/></type><isSummary value="true"/><binding><extension url="http://hl7.org/fhir/StructureDefinition/elementdefinition-bindingName"><valueString value="DocumentClass"/></extension><strength value="example"/><description value="High-level kind of a clinical document at a macro level."/><valueSetReference><reference value="http://hl7.org/fhir/ValueSet/doc-classcodes"/></valueSetReference></binding><mapping><identity value="rim"/><map value=".outboundRelationship[typeCode=&quot;COMP].target[classCode=&quot;LIST&quot;, moodCode=&quot;EVN&quot;].code"/></mapping><mapping><identity value="cda"/><map value="n/a"/></mapping><mapping><identity value="w5"/><map value="class"/></mapping></element><element id="Composition.subject"><path value="Composition.subject"/><short value="Who and/or what the composition is about"/><definition value="Who or what the composition is about. The composition can be about a person, (patient or healthcare practitioner), a device (e.g. a machine) or even a group of subjects (such as a document about a herd of livestock, or a set of patients that share a common exposure)."/><comment value="For clinical documents, this is usually the patient."/><requirements value="Essential metadata for searching for the composition. Identifies who and/or what the composition/document is about."/><min value="1"/><max value="1"/><base><path value="Composition.subject"/><min value="1"/><max value="1"/></base><type><code value="Reference"/><targetProfile value="http://ns.electronichealth.net.au/ci/fhir/3.0/StructureDefinition/patient-ihi-1"/></type><mustSupport value="true"/><isSummary value="true"/><mapping><identity value="rim"/><map value=".participation[typeCode=&quot;SBJ&quot;].role[typeCode=&quot;PAT&quot;]"/></mapping><mapping><identity value="cda"/><map value=".recordTarget"/></mapping><mapping><identity value="w5"/><map value="who.focus"/></mapping></element><element id="Composition.encounter"><path value="Composition.encounter"/><short value="Context of the Composition"/><definition value="Describes the clinical encounter or type of care this documentation is associated with."/><requirements value="Provides context for the composition and supports searching."/><min value="0"/><max value="1"/><base><path value="Composition.encounter"/><min value="0"/><max value="1"/></base><type><code value="Reference"/><targetProfile value="http://hl7.org/fhir/StructureDefinition/Encounter"/></type><isSummary value="true"/><mapping><identity value="rim"/><map value="unique(highest(./outboundRelationship[typeCode=&quot;SUBJ&quot; and isNormalActRelationship()], priorityNumber)/target[moodCode=&quot;EVN&quot; and classCode=(&quot;ENC&quot;, &quot;PCPR&quot;) and isNormalAct])"/></mapping><mapping><identity value="cda"/><map value=".componentOf.encompassingEncounter"/></mapping><mapping><identity value="w5"/><map value="context"/></mapping></element><element id="Composition.date"><path value="Composition.date"/><short value="Composition editing time"/><definition value="The composition editing time, when the composition was last logically changed by the author."/><comment value="The Last Modified Date on the composition may be after the date of the document was attested without being changed."/><requirements value="dateTime is used for tracking, organizing versions and searching."/><min value="1"/><max value="1"/><base><path value="Composition.date"/><min value="1"/><max value="1"/></base><type><code value="dateTime"/></type><mustSupport value="true"/><isSummary value="true"/><mapping><identity value="rim"/><map value=".effectiveTime[type=&quot;TS&quot;]"/></mapping><mapping><identity value="cda"/><map value=".effectiveTime"/></mapping><mapping><identity value="w5"/><map value="when.done"/></mapping></element><element id="Composition.author"><path value="Composition.author"/><short value="Who and/or what authored the composition"/><definition value="Identifies who is responsible for the information in the composition, not necessarily who typed it in."/><requirements value="Identifies who is responsible for the content."/><min value="1"/><max value="1"/><base><path value="Composition.author"/><min value="1"/><max value="*"/></base><type><code value="Reference"/><targetProfile value="http://ns.electronichealth.net.au/ci/fhir/3.0/StructureDefinition/patient-ihi-1"/></type><type><code value="Reference"/><targetProfile value="http://ns.electronichealth.net.au/ci/fhir/3.0/StructureDefinition/relatedperson-ihi-1"/></type><mustSupport value="true"/><isSummary value="true"/><mapping><identity value="rim"/><map value=".participation[typeCode=&quot;AUT&quot;].role[classCode=&quot;ASSIGNED&quot;]"/></mapping><mapping><identity value="cda"/><map value=".author.assignedAuthor"/></mapping><mapping><identity value="w5"/><map value="who.author"/></mapping></element><element id="Composition.title"><path value="Composition.title"/><short value="Human Readable name/title"/><definition value="Official human-readable label for the composition."/><comment value="For many compositions, the title is the same as the text or a display name of Composition.type (e.g. a &quot;consultation&quot; or &quot;progress note&quot;). Note that CDA does not make title mandatory, but there are no known cases where it is useful for title to be omitted, so it is mandatory here. Feedback on this requirement is welcome during the trial use period."/><min value="1"/><max value="1"/><base><path value="Composition.title"/><min value="1"/><max value="1"/></base><type><code value="string"/></type><fixedString value="Personal Health Notes"/><mustSupport value="true"/><isSummary value="true"/><mapping><identity value="rim"/><map value="./title"/></mapping><mapping><identity value="cda"/><map value=".title"/></mapping></element><element id="Composition.confidentiality"><path value="Composition.confidentiality"/><short value="As defined by affinity domain"/><definition value="The code specifying the level of confidentiality of the Composition."/><comment value="The exact use of this element, and enforcement and issues related to highly sensitive documents are out of scope for the base specification, and delegated to implementation profiles (see security section).&#xA;&#xA;This element is labeled as a modifier because highly confidential documents must not be treated as if they are not."/><min value="0"/><max value="0"/><base><path value="Composition.confidentiality"/><min value="0"/><max value="1"/></base><type><code value="code"/></type><isModifier value="true"/><isSummary value="true"/><binding><extension url="http://hl7.org/fhir/StructureDefinition/elementdefinition-bindingName"><valueString value="DocumentConfidentiality"/></extension><strength value="required"/><description value="Codes specifying the level of confidentiality of the composition."/><valueSetReference><reference value="http://hl7.org/fhir/ValueSet/v3-ConfidentialityClassification"/></valueSetReference></binding><mapping><identity value="rim"/><map value=".confidentialityCode"/></mapping><mapping><identity value="cda"/><map value=".confidentialityCode"/></mapping></element><element id="Composition.attester"><path value="Composition.attester"/><short value="Attests to accuracy of composition"/><definition value="A participant who has attested to the accuracy of the composition/document."/><comment value="Only list each attester once."/><requirements value="Identifies responsibility for the accuracy of the composition content."/><min value="0"/><max value="*"/><base><path value="Composition.attester"/><min value="0"/><max value="*"/></base><type><code value="BackboneElement"/></type><constraint><key value="ele-1"/><severity value="error"/><human value="All FHIR elements must have a @value or children"/><expression value="hasValue() | (children().count() &gt; id.count())"/><xpath value="@value|f:*|h:div"/><source value="Element"/></constraint><constraint><key value="inv-com-0"/><severity value="error"/><human value="Related party and party shall not coexist"/><expression value="(attester.extension(&#39;http://hl7.org.au/fhir/StructureDefinition/attester-related-party&#39;).exists() and attester.party.exists()).not()"/></constraint><isSummary value="true"/><mapping><identity value="rim"/><map value=".participation[typeCode=&quot;AUTHEN&quot;].role[classCode=&quot;ASSIGNED&quot;]"/></mapping><mapping><identity value="cda"/><map value=".authenticator/.legalAuthenticator"/></mapping></element><element id="Composition.attester.id"><path value="Composition.attester.id"/><representation value="xmlAttr"/><short value="xml:id (or equivalent in JSON)"/><definition value="unique id for the element within a resource (for internal references). This may be any string value that does not contain spaces."/><min value="0"/><max value="1"/><base><path value="Element.id"/><min value="0"/><max value="1"/></base><type><code value="string"/></type><mapping><identity value="rim"/><map value="n/a"/></mapping></element><element id="Composition.attester.extension"><path value="Composition.attester.extension"/><slicing><discriminator><type value="value"/><path value="url"/></discriminator><rules value="open"/></slicing><short value="Extension"/><definition value="An Extension"/><min value="0"/><max value="*"/><base><path value="Element.extension"/><min value="0"/><max value="*"/></base><type><code value="Extension"/></type></element><element id="Composition.attester.extension:attesterRelatedParty"><path value="Composition.attester.extension"/><sliceName value="attesterRelatedParty"/><short value="Related person that attested the composition"/><definition value="A related person that attested this composition."/><min value="0"/><max value="1"/><base><path value="Element.extension"/><min value="0"/><max value="*"/></base><type><code value="Extension"/><profile value="http://hl7.org.au/fhir/StructureDefinition/attester-related-party"/></type><condition value="ele-1"/><constraint><key value="ele-1"/><severity value="error"/><human value="All FHIR elements must have a @value or children"/><expression value="hasValue() | (children().count() &gt; id.count())"/><xpath value="@value|f:*|h:div"/><source value="Element"/></constraint><constraint><key value="ext-1"/><severity value="error"/><human value="Must have either extensions or value[x], not both"/><expression value="extension.exists() != value.exists()"/><xpath value="exists(f:extension)!=exists(f:*[starts-with(local-name(.), &#39;value&#39;)])"/><source value="Extension"/></constraint></element><element id="Composition.attester.modifierExtension"><path value="Composition.attester.modifierExtension"/><short value="Extensions that cannot be ignored"/><definition value="May be used to represent additional information that is not part of the basic definition of the element, and that modifies the understanding of the element that contains it. Usually modifier elements provide negation or qualification. In order to make the use of extensions safe and manageable, there is a strict set of governance applied to the definition and use of extensions. Though any implementer is allowed to define an extension, there is a set of requirements that SHALL be met as part of the definition of the extension. Applications processing a resource are required to check for modifier extensions."/><comment value="There can be no stigma associated with the use of extensions by any application, project, or standard - regardless of the institution or jurisdiction that uses or defines the extensions.  The use of extensions is what allows the FHIR specification to retain a core level of simplicity for everyone."/><alias value="extensions"/><alias value="user content"/><alias value="modifiers"/><min value="0"/><max value="*"/><base><path value="BackboneElement.modifierExtension"/><min value="0"/><max value="*"/></base><type><code value="Extension"/></type><isModifier value="true"/><isSummary value="true"/><mapping><identity value="rim"/><map value="N/A"/></mapping></element><element id="Composition.attester.mode"><path value="Composition.attester.mode"/><short value="personal | professional | legal | official"/><definition value="The type of attestation the authenticator offers."/><comment value="Use more than one code where a single attester has more than one mode (professional and legal are often paired)."/><requirements value="Indicates the level of authority of the attestation."/><min value="1"/><max value="*"/><base><path value="Composition.attester.mode"/><min value="1"/><max value="*"/></base><type><code value="code"/></type><isSummary value="true"/><binding><extension url="http://hl7.org/fhir/StructureDefinition/elementdefinition-bindingName"><valueString value="CompositionAttestationMode"/></extension><strength value="required"/><description value="The way in which a person authenticated a composition."/><valueSetReference><reference value="http://hl7.org/fhir/ValueSet/composition-attestation-mode"/></valueSetReference></binding><mapping><identity value="rim"/><map value="unique(./modeCode)"/></mapping><mapping><identity value="cda"/><map value="implied by .authenticator/.legalAuthenticator"/></mapping></element><element id="Composition.attester.time"><path value="Composition.attester.time"/><short value="When the composition was attested"/><definition value="When the composition was attested by the party."/><requirements value="Identifies when the information in the composition was deemed accurate.  (Things may have changed since then.)."/><min value="0"/><max value="1"/><base><path value="Composition.attester.time"/><min value="0"/><max value="1"/></base><type><code value="dateTime"/></type><isSummary value="true"/><mapping><identity value="rim"/><map value="./time[type=&quot;TS&quot; and isNormalDatatype()]"/></mapping><mapping><identity value="cda"/><map value=".authenticator.time"/></mapping></element><element id="Composition.attester.party"><path value="Composition.attester.party"/><short value="Who attested the composition"/><definition value="Who attested the composition in the specified way."/><requirements value="Identifies who has taken on the responsibility for accuracy of the composition content."/><min value="0"/><max value="1"/><base><path value="Composition.attester.party"/><min value="0"/><max value="1"/></base><type><code value="Reference"/><targetProfile value="http://hl7.org/fhir/StructureDefinition/Patient"/></type><type><code value="Reference"/><targetProfile value="http://hl7.org/fhir/StructureDefinition/Practitioner"/></type><type><code value="Reference"/><targetProfile value="http://hl7.org/fhir/StructureDefinition/Organization"/></type><isSummary value="true"/><mapping><identity value="rim"/><map value="./role[classCode=&quot;ASSIGNED&quot; and isNormalRole]/player[determinerCode=&quot;INST&quot; and classCode=(&quot;DEV&quot;, &quot;PSN&quot;) and isNormalEntity()] or ./role[classCode=&quot;ASSIGNED&quot; and isNormalRole and not(player)]/scoper[determinerCode=&quot;INST&quot; and classCode=&quot;ORG&quot; and isNormalEntity()]"/></mapping><mapping><identity value="cda"/><map value=".authenticator.assignedEnttty"/></mapping><mapping><identity value="w5"/><map value="who.witness"/></mapping></element><element id="Composition.custodian"><path value="Composition.custodian"/><short value="Organization which maintains the composition"/><definition value="Identifies the organization or group who is responsible for ongoing maintenance of and access to the composition/document information."/><comment value="This is useful when documents are derived from a composition - provides guidance for how to get the latest version of the document. This is optional because this is sometimes not known by the authoring system, and can be inferred by context. However, it is important that this information be known when working with a derived document, so providing a custodian is encouraged."/><requirements value="Identifies where to go to find the current version, where to report issues, etc."/><min value="1"/><max value="1"/><base><path value="Composition.custodian"/><min value="0"/><max value="1"/></base><type><code value="Reference"/><targetProfile value="http://ns.electronichealth.net.au/ci/fhir/3.0/StructureDefinition/organization-ident-1"/></type><mustSupport value="true"/><isSummary value="true"/><mapping><identity value="rim"/><map value=".participation[typeCode=&quot;RCV&quot;].role[classCode=&quot;CUST&quot;].scoper[classCode=&quot;ORG&quot; and determinerCode=&quot;INST&quot;]"/></mapping><mapping><identity value="cda"/><map value=".custodian.assignedCustodian"/></mapping></element><element id="Composition.relatesTo"><path value="Composition.relatesTo"/><short value="Relationships to other compositions/documents"/><definition value="Relationships that this composition has with other compositions or documents that already exist."/><comment value="A document is a version specific composition."/><min value="0"/><max value="*"/><base><path value="Composition.relatesTo"/><min value="0"/><max value="*"/></base><type><code value="BackboneElement"/></type><constraint><key value="ele-1"/><severity value="error"/><human value="All FHIR elements must have a @value or children"/><expression value="hasValue() | (children().count() &gt; id.count())"/><xpath value="@value|f:*|h:div"/><source value="Element"/></constraint><isSummary value="true"/><mapping><identity value="rim"/><map value=".outboundRelationship"/></mapping><mapping><identity value="cda"/><map value=".relatedDocument"/></mapping></element><element id="Composition.relatesTo.id"><path value="Composition.relatesTo.id"/><representation value="xmlAttr"/><short value="xml:id (or equivalent in JSON)"/><definition value="unique id for the element within a resource (for internal references). This may be any string value that does not contain spaces."/><min value="0"/><max value="1"/><base><path value="Element.id"/><min value="0"/><max value="1"/></base><type><code value="string"/></type><mapping><identity value="rim"/><map value="n/a"/></mapping></element><element id="Composition.relatesTo.extension"><path value="Composition.relatesTo.extension"/><short value="Additional Content defined by implementations"/><definition value="May be used to represent additional information that is not part of the basic definition of the element. In order to make the use of extensions safe and manageable, there is a strict set of governance  applied to the definition and use of extensions. Though any implementer is allowed to define an extension, there is a set of requirements that SHALL be met as part of the definition of the extension."/><comment value="There can be no stigma associated with the use of extensions by any application, project, or standard - regardless of the institution or jurisdiction that uses or defines the extensions.  The use of extensions is what allows the FHIR specification to retain a core level of simplicity for everyone."/><alias value="extensions"/><alias value="user content"/><min value="0"/><max value="*"/><base><path value="Element.extension"/><min value="0"/><max value="*"/></base><type><code value="Extension"/></type><mapping><identity value="rim"/><map value="n/a"/></mapping></element><element id="Composition.relatesTo.modifierExtension"><path value="Composition.relatesTo.modifierExtension"/><short value="Extensions that cannot be ignored"/><definition value="May be used to represent additional information that is not part of the basic definition of the element, and that modifies the understanding of the element that contains it. Usually modifier elements provide negation or qualification. In order to make the use of extensions safe and manageable, there is a strict set of governance applied to the definition and use of extensions. Though any implementer is allowed to define an extension, there is a set of requirements that SHALL be met as part of the definition of the extension. Applications processing a resource are required to check for modifier extensions."/><comment value="There can be no stigma associated with the use of extensions by any application, project, or standard - regardless of the institution or jurisdiction that uses or defines the extensions.  The use of extensions is what allows the FHIR specification to retain a core level of simplicity for everyone."/><alias value="extensions"/><alias value="user content"/><alias value="modifiers"/><min value="0"/><max value="*"/><base><path value="BackboneElement.modifierExtension"/><min value="0"/><max value="*"/></base><type><code value="Extension"/></type><isModifier value="true"/><isSummary value="true"/><mapping><identity value="rim"/><map value="N/A"/></mapping></element><element id="Composition.relatesTo.code"><path value="Composition.relatesTo.code"/><short value="replaces | transforms | signs | appends"/><definition value="The type of relationship that this composition has with anther composition or document."/><comment value="If this document appends another document, then the document cannot be fully understood without also accessing the referenced document."/><min value="1"/><max value="1"/><base><path value="Composition.relatesTo.code"/><min value="1"/><max value="1"/></base><type><code value="code"/></type><isSummary value="true"/><binding><extension url="http://hl7.org/fhir/StructureDefinition/elementdefinition-bindingName"><valueString value="DocumentRelationshipType"/></extension><strength value="required"/><description value="The type of relationship between documents."/><valueSetReference><reference value="http://hl7.org/fhir/ValueSet/document-relationship-type"/></valueSetReference></binding><mapping><identity value="rim"/><map value=".outboundRelationship.typeCode"/></mapping><mapping><identity value="cda"/><map value=".relatedDocument.typeCode"/></mapping></element><element id="Composition.relatesTo.target[x]"><path value="Composition.relatesTo.target[x]"/><short value="Target of the relationship"/><definition value="The target composition/document of this relationship."/><min value="1"/><max value="1"/><base><path value="Composition.relatesTo.target[x]"/><min value="1"/><max value="1"/></base><type><code value="Identifier"/></type><type><code value="Reference"/><targetProfile value="http://hl7.org/fhir/StructureDefinition/Composition"/></type><isSummary value="true"/><mapping><identity value="rim"/><map value=".target[classCode=&quot;DOC&quot;, moodCode=&quot;EVN&quot;].id"/></mapping><mapping><identity value="cda"/><map value=".relatedDocument.id"/></mapping></element><element id="Composition.event"><path value="Composition.event"/><short value="The clinical service(s) being documented"/><definition value="The clinical service, such as a colonoscopy or an appendectomy, being documented."/><comment value="The event needs to be consistent with the type element, though can provide further information if desired."/><requirements value="Provides context for the composition and creates a linkage between a resource describing an event and the composition created describing the event."/><min value="0"/><max value="*"/><base><path value="Composition.event"/><min value="0"/><max value="*"/></base><type><code value="BackboneElement"/></type><constraint><key value="ele-1"/><severity value="error"/><human value="All FHIR elements must have a @value or children"/><expression value="hasValue() | (children().count() &gt; id.count())"/><xpath value="@value|f:*|h:div"/><source value="Element"/></constraint><isSummary value="true"/><mapping><identity value="rim"/><map value="outboundRelationship[typeCode=&quot;SUBJ&quot;].target[classCode&lt;&#39;ACT&#39;]"/></mapping><mapping><identity value="cda"/><map value=".documentationOf.serviceEvent"/></mapping></element><element id="Composition.event.id"><path value="Composition.event.id"/><representation value="xmlAttr"/><short value="xml:id (or equivalent in JSON)"/><definition value="unique id for the element within a resource (for internal references). This may be any string value that does not contain spaces."/><min value="0"/><max value="1"/><base><path value="Element.id"/><min value="0"/><max value="1"/></base><type><code value="string"/></type><mapping><identity value="rim"/><map value="n/a"/></mapping></element><element id="Composition.event.extension"><path value="Composition.event.extension"/><short value="Additional Content defined by implementations"/><definition value="May be used to represent additional information that is not part of the basic definition of the element. In order to make the use of extensions safe and manageable, there is a strict set of governance  applied to the definition and use of extensions. Though any implementer is allowed to define an extension, there is a set of requirements that SHALL be met as part of the definition of the extension."/><comment value="There can be no stigma associated with the use of extensions by any application, project, or standard - regardless of the institution or jurisdiction that uses or defines the extensions.  The use of extensions is what allows the FHIR specification to retain a core level of simplicity for everyone."/><alias value="extensions"/><alias value="user content"/><min value="0"/><max value="*"/><base><path value="Element.extension"/><min value="0"/><max value="*"/></base><type><code value="Extension"/></type><mapping><identity value="rim"/><map value="n/a"/></mapping></element><element id="Composition.event.modifierExtension"><path value="Composition.event.modifierExtension"/><short value="Extensions that cannot be ignored"/><definition value="May be used to represent additional information that is not part of the basic definition of the element, and that modifies the understanding of the element that contains it. Usually modifier elements provide negation or qualification. In order to make the use of extensions safe and manageable, there is a strict set of governance applied to the definition and use of extensions. Though any implementer is allowed to define an extension, there is a set of requirements that SHALL be met as part of the definition of the extension. Applications processing a resource are required to check for modifier extensions."/><comment value="There can be no stigma associated with the use of extensions by any application, project, or standard - regardless of the institution or jurisdiction that uses or defines the extensions.  The use of extensions is what allows the FHIR specification to retain a core level of simplicity for everyone."/><alias value="extensions"/><alias value="user content"/><alias value="modifiers"/><min value="0"/><max value="*"/><base><path value="BackboneElement.modifierExtension"/><min value="0"/><max value="*"/></base><type><code value="Extension"/></type><isModifier value="true"/><isSummary value="true"/><mapping><identity value="rim"/><map value="N/A"/></mapping></element><element id="Composition.event.code"><path value="Composition.event.code"/><short value="Code(s) that apply to the event being documented"/><definition value="This list of codes represents the main clinical acts, such as a colonoscopy or an appendectomy, being documented. In some cases, the event is inherent in the typeCode, such as a &quot;History and Physical Report&quot; in which the procedure being documented is necessarily a &quot;History and Physical&quot; act."/><comment value="An event can further specialize the act inherent in the typeCode, such as where it is simply &quot;Procedure Report&quot; and the procedure was a &quot;colonoscopy&quot;. If one or more eventCodes are included, they SHALL NOT conflict with the values inherent in the classCode, practiceSettingCode or typeCode, as such a conflict would create an ambiguous situation. This short list of codes is provided to be used as key words for certain types of queries."/><min value="0"/><max value="*"/><base><path value="Composition.event.code"/><min value="0"/><max value="*"/></base><type><code value="CodeableConcept"/></type><isSummary value="true"/><binding><extension url="http://hl7.org/fhir/StructureDefinition/elementdefinition-bindingName"><valueString value="DocumentEventType"/></extension><strength value="example"/><description value="This list of codes represents the main clinical acts being documented."/><valueSetReference><reference value="http://hl7.org/fhir/ValueSet/v3-ActCode"/></valueSetReference></binding><mapping><identity value="rim"/><map value=".code"/></mapping><mapping><identity value="cda"/><map value=".code"/></mapping></element><element id="Composition.event.period"><path value="Composition.event.period"/><short value="The period covered by the documentation"/><definition value="The period of time covered by the documentation. There is no assertion that the documentation is a complete representation for this period, only that it documents events during this time."/><min value="0"/><max value="1"/><base><path value="Composition.event.period"/><min value="0"/><max value="1"/></base><type><code value="Period"/></type><isSummary value="true"/><mapping><identity value="rim"/><map value=".effectiveTime"/></mapping><mapping><identity value="cda"/><map value=".effectiveTime"/></mapping></element><element id="Composition.event.detail"><path value="Composition.event.detail"/><short value="The event(s) being documented"/><definition value="The description and/or reference of the event(s) being documented. For example, this could be used to document such a colonoscopy or an appendectomy."/><min value="0"/><max value="*"/><base><path value="Composition.event.detail"/><min value="0"/><max value="*"/></base><type><code value="Reference"/><targetProfile value="http://hl7.org/fhir/StructureDefinition/Resource"/></type><isSummary value="true"/><mapping><identity value="rim"/><map value=".outboundRelationship[typeCode=&quot;SUBJ&quot;].target"/></mapping><mapping><identity value="cda"/><map value="n/a"/></mapping></element><element id="Composition.section"><extension url="http://hl7.org/fhir/StructureDefinition/structuredefinition-explicit-type-name"><valueString value="Section"/></extension><path value="Composition.section"/><short value="Notes section"/><definition value="Healthcare narratives about an individual&#39;s health and related matters."/><min value="1"/><max value="1"/><base><path value="Composition.section"/><min value="0"/><max value="*"/></base><type><code value="BackboneElement"/></type><constraint><key value="ele-1"/><severity value="error"/><human value="All FHIR elements must have a @value or children"/><expression value="hasValue() | (children().count() &gt; id.count())"/><xpath value="@value|f:*|h:div"/><source value="Element"/></constraint><constraint><key value="cmp-1"/><severity value="error"/><human value="A section must at least one of text, entries, or sub-sections"/><expression value="text.exists() or entry.exists() or section.exists()"/><xpath value="exists(f:text) or exists(f:entry) or exists(f:section)"/><source value="Composition.section"/></constraint><constraint><key value="cmp-2"/><severity value="error"/><human value="A section can only have an emptyReason if it is empty"/><expression value="emptyReason.empty() or entry.empty()"/><xpath value="not(exists(f:emptyReason) and exists(f:entry))"/><source value="Composition.section"/></constraint><mustSupport value="true"/><mapping><identity value="rim"/><map value="./outboundRelationship[typeCode=&quot;COMP&quot; and isNormalActRelationship()]/target[moodCode=&quot;EVN&quot; and classCode=&quot;DOCSECT&quot; and isNormalAct]"/></mapping><mapping><identity value="cda"/><map value=".component.structuredBody.component.section"/></mapping></element><element id="Composition.section.id"><path value="Composition.section.id"/><representation value="xmlAttr"/><short value="xml:id (or equivalent in JSON)"/><definition value="unique id for the element within a resource (for internal references). This may be any string value that does not contain spaces."/><min value="0"/><max value="1"/><base><path value="Element.id"/><min value="0"/><max value="1"/></base><type><code value="string"/></type><mapping><identity value="rim"/><map value="n/a"/></mapping></element><element id="Composition.section.extension"><path value="Composition.section.extension"/><slicing><discriminator><type value="value"/><path value="url"/></discriminator><rules value="open"/></slicing><short value="Extension"/><definition value="An Extension"/><min value="0"/><max value="*"/><base><path value="Element.extension"/><min value="0"/><max value="*"/></base><type><code value="Extension"/></type></element><element id="Composition.section.extension:sectionAuthor"><path value="Composition.section.extension"/><sliceName value="sectionAuthor"/><short value="Who and/or what authored the section"/><definition value="Identifies who is responsible for the information in this section, not necessarily who typed it in."/><min value="0"/><max value="*"/><base><path value="Element.extension"/><min value="0"/><max value="*"/></base><type><code value="Extension"/><profile value="http://hl7.org.au/fhir/StructureDefinition/section-author"/></type><condition value="ele-1"/><constraint><key value="ele-1"/><severity value="error"/><human value="All FHIR elements must have a @value or children"/><expression value="hasValue() | (children().count() &gt; id.count())"/><xpath value="@value|f:*|h:div"/><source value="Element"/></constraint><constraint><key value="ext-1"/><severity value="error"/><human value="Must have either extensions or value[x], not both"/><expression value="extension.exists() != value.exists()"/><xpath value="exists(f:extension)!=exists(f:*[starts-with(local-name(.), &#39;value&#39;)])"/><source value="Extension"/></constraint></element><element id="Composition.section.modifierExtension"><path value="Composition.section.modifierExtension"/><short value="Extensions that cannot be ignored"/><definition value="May be used to represent additional information that is not part of the basic definition of the element, and that modifies the understanding of the element that contains it. Usually modifier elements provide negation or qualification. In order to make the use of extensions safe and manageable, there is a strict set of governance applied to the definition and use of extensions. Though any implementer is allowed to define an extension, there is a set of requirements that SHALL be met as part of the definition of the extension. Applications processing a resource are required to check for modifier extensions."/><comment value="There can be no stigma associated with the use of extensions by any application, project, or standard - regardless of the institution or jurisdiction that uses or defines the extensions.  The use of extensions is what allows the FHIR specification to retain a core level of simplicity for everyone."/><alias value="extensions"/><alias value="user content"/><alias value="modifiers"/><min value="0"/><max value="*"/><base><path value="BackboneElement.modifierExtension"/><min value="0"/><max value="*"/></base><type><code value="Extension"/></type><isModifier value="true"/><isSummary value="true"/><mapping><identity value="rim"/><map value="N/A"/></mapping></element><element id="Composition.section.title"><path value="Composition.section.title"/><short value="Label for section (e.g. for ToC)"/><definition value="The label for this particular section.  This will be part of the rendered content for the document, and is often used to build a table of contents."/><comment value="The title identifies the section for a human reader. The title must be consistent with the narrative of the resource that is the target of the section.content reference. Generally, sections SHOULD have titles, but in some documents, it is unnecessary or inappropriate. Typically, this is where a section has subsections that have their own adequately distinguishing title,  or documents that only have a single section. Most Implementation Guides will make section title to be a required element."/><requirements value="Section headings are often standardized for different types of documents.  They give guidance to humans on how the document is organized."/><alias value="header"/><alias value="label"/><alias value="caption"/><min value="1"/><max value="1"/><base><path value="Composition.section.title"/><min value="0"/><max value="1"/></base><type><code value="string"/></type><mustSupport value="true"/><mapping><identity value="rim"/><map value="./title"/></mapping><mapping><identity value="cda"/><map value=".title"/></mapping></element><element id="Composition.section.code"><path value="Composition.section.code"/><short value="Notes"/><definition value="A code identifying the kind of content contained within the section. This must be consistent with the section title."/><comment value="The code identifies the section for an automated processor of the document. This is particularly relevant when using profiles to control the structure of the document.   If the section has content (instead of sub-sections), the section.code does not change the meaning or interpretation of the resource that is the content of the section in the comments for the section.code."/><requirements value="Provides computable standardized labels to topics within the document."/><min value="1"/><max value="1"/><base><path value="Composition.section.code"/><min value="0"/><max value="1"/></base><type><code value="CodeableConcept"/></type><fixedCodeableConcept><coding><system value="https://healthterminologies.gov.au/fhir/CodeSystem/nctis-data-components-1"/><code value="102.15513"/></coding></fixedCodeableConcept><mustSupport value="true"/><binding><extension url="http://hl7.org/fhir/StructureDefinition/elementdefinition-bindingName"><valueString value="CompositionSectionType"/></extension><strength value="example"/><description value="Classification of a section of a composition/document."/><valueSetReference><reference value="http://hl7.org/fhir/ValueSet/doc-section-codes"/></valueSetReference></binding><mapping><identity value="rim"/><map value="./code"/></mapping><mapping><identity value="cda"/><map value=".code"/></mapping></element><element id="Composition.section.text"><path value="Composition.section.text"/><short value="Text summary of the section, for human interpretation"/><definition value="A human-readable narrative that contains the attested content of the section, used to represent the content of the resource to a human. The narrative need not encode all the structured data, but is required to contain sufficient detail to make it &quot;clinically safe&quot; for a human to just read the narrative."/><comment value="Document profiles may define what content should be represented in the narrative to ensure clinical safety."/><min value="1"/><max value="1"/><base><path value="Composition.section.text"/><min value="0"/><max value="1"/></base><type><code value="Narrative"/></type><condition value="cmp-1"/><mustSupport value="true"/><mapping><identity value="rim"/><map value=".text"/></mapping><mapping><identity value="cda"/><map value=".text"/></mapping></element><element id="Composition.section.mode"><path value="Composition.section.mode"/><short value="working | snapshot | changes"/><definition value="How the entry list was prepared - whether it is a working list that is suitable for being maintained on an ongoing basis, or if it represents a snapshot of a list of items from another source, or whether it is a prepared list where items may be marked as added, modified or deleted."/><comment value="This element is labeled as a modifier because a change list must not be mis-understood as a complete list."/><requirements value="Sections are used in various ways, and it must be known in what way it is safe to use the entries in them."/><min value="0"/><max value="1"/><base><path value="Composition.section.mode"/><min value="0"/><max value="1"/></base><type><code value="code"/></type><fixedCode value="snapshot"/><isModifier value="true"/><isSummary value="true"/><binding><extension url="http://hl7.org/fhir/StructureDefinition/elementdefinition-bindingName"><valueString value="SectionMode"/></extension><strength value="required"/><description value="The processing mode that applies to this section."/><valueSetReference><reference value="http://hl7.org/fhir/ValueSet/list-mode"/></valueSetReference></binding><mapping><identity value="rim"/><map value=".outBoundRelationship[typeCode=COMP].target[classCode=OBS&quot;].value"/></mapping><mapping><identity value="cda"/><map value="n/a"/></mapping><mapping><identity value="w5"/><map value="class"/></mapping></element><element id="Composition.section.orderedBy"><path value="Composition.section.orderedBy"/><short value="Order of section entries"/><definition value="Specifies the order applied to the items in the section entries."/><comment value="Applications SHOULD render ordered lists in the order provided, but MAY allow users to re-order based on their own preferences as well. If there is no order specified, the order is unknown, though there may still be some order."/><requirements value="Important for presentation and rendering.  Lists may be sorted to place more important information first or to group related entries."/><min value="0"/><max value="1"/><base><path value="Composition.section.orderedBy"/><min value="0"/><max value="1"/></base><type><code value="CodeableConcept"/></type><binding><extension url="http://hl7.org/fhir/StructureDefinition/elementdefinition-bindingName"><valueString value="SectionEntryOrder"/></extension><strength value="preferred"/><description value="What order applies to the items in the entry."/><valueSetReference><reference value="http://hl7.org/fhir/ValueSet/list-order"/></valueSetReference></binding><mapping><identity value="rim"/><map value=".outboundRelationship[typeCode=COMP].sequenceNumber &gt; 1"/></mapping><mapping><identity value="cda"/><map value="n/a"/></mapping></element><element id="Composition.section.entry"><path value="Composition.section.entry"/><short value="A reference to data that supports this section"/><definition value="A reference to the actual resource from which the narrative in the section is derived."/><comment value="If there are no entries in the list, an emptyReason SHOULD be provided."/><min value="0"/><max value="*"/><base><path value="Composition.section.entry"/><min value="0"/><max value="*"/></base><type><code value="Reference"/><targetProfile value="http://hl7.org/fhir/StructureDefinition/Resource"/></type><condition value="cmp-2"/><mapping><identity value="rim"/><map value=".outboundRelationship[typeCode=COMP] or  .participation[typeCode=SBJ]"/></mapping><mapping><identity value="cda"/><map value=".entry"/></mapping></element><element id="Composition.section.emptyReason"><path value="Composition.section.emptyReason"/><short value="Why the section is empty"/><definition value="If the section is empty, why the list is empty. An empty section typically has some text explaining the empty reason."/><comment value="The various reasons for an empty section make a significant interpretation to its interpretation. Note that this code is for use when the entire section content has been suppressed, and not for when individual items are omitted - implementers may consider using a text note or a flag on an entry in these cases."/><requirements value="Allows capturing things like &quot;none exist&quot; or &quot;not asked&quot; which can be important for most lists."/><min value="0"/><max value="0"/><base><path value="Composition.section.emptyReason"/><min value="0"/><max value="1"/></base><type><code value="CodeableConcept"/></type><condition value="cmp-2"/><mustSupport value="true"/><binding><extension url="http://hl7.org/fhir/StructureDefinition/elementdefinition-bindingName"><valueString value="SectionEmptyReason"/></extension><strength value="preferred"/><description value="If a section is empty, why it is empty."/><valueSetReference><reference value="http://hl7.org/fhir/ValueSet/list-empty-reason"/></valueSetReference></binding><mapping><identity value="rim"/><map value=".inboundRelationship[typeCode=SUBJ,code&lt;{ListEmptyReason}].value[type=CD]"/></mapping><mapping><identity value="cda"/><map value="n/a"/></mapping></element><element id="Composition.section.section"><path value="Composition.section.section"/><short value="Nested Section"/><definition value="A nested sub-section within this section."/><comment value="Nested sections are primarily used to help human readers navigate to particular portions of the document."/><min value="0"/><max value="*"/><base><path value="Composition.section.section"/><min value="0"/><max value="*"/></base><contentReference value="#Composition.section"/><condition value="cmp-1"/><mapping><identity value="rim"/><map value="./outboundRelationship[typeCode=&quot;COMP&quot; and isNormalActRelationship()]/target[moodCode=&quot;EVN&quot; and classCode=&quot;DOCSECT&quot; and isNormalAct]"/></mapping><mapping><identity value="cda"/><map value=".component.section"/></mapping></element></snapshot><differential><element id="Composition"><path value="Composition"/><short value="Personal Health Notes"/><definition value="Narratives about the patient&#39;s healthcare information recorded by the patient or their authorised representative within the system. This helps the patient or their authorised representative to keep track of patient health information within the system."/></element><element id="Composition.meta"><path value="Composition.meta"/><min value="1"/><constraint><key value="inv-dh-phn-01"/><severity value="error"/><human value="One meta.profile shall be &#39;http://ns.electronichealth.net.au/ci/fhir/3.0/StructureDefinition/composition-phn-1&#39;"/><expression value="meta.profile.where($this=&#39;http://ns.electronichealth.net.au/ci/fhir/3.0/StructureDefinition/composition-phn-1&#39;).exists()"/></constraint></element><element id="Composition.meta.profile"><path value="Composition.meta.profile"/><definition value="A list of profiles (references to [StructureDefinition](structuredefinition.html#) resources) that this resource claims to conform to. The URL is a reference to [StructureDefinition.url](structuredefinition-definitions.html#StructureDefinition.url)."/><min value="1"/></element><element id="Composition.type"><path value="Composition.type"/><fixedCodeableConcept><coding><system value="https://healthterminologies.gov.au/fhir/CodeSystem/nctis-data-components-1"/><code value="100.16681"/></coding></fixedCodeableConcept><mustSupport value="true"/></element><element id="Composition.title"><path value="Composition.title"/><fixedString value="Personal Health Notes"/><mustSupport value="true"/></element><element id="Composition.section"><extension url="http://hl7.org/fhir/StructureDefinition/structuredefinition-explicit-type-name"><valueString value="Section"/></extension><path value="Composition.section"/><short value="Notes section"/><definition value="Healthcare narratives about an individual&#39;s health and related matters."/><min value="1"/><max value="1"/><mustSupport value="true"/></element><element id="Composition.section.title"><path value="Composition.section.title"/><min value="1"/><mustSupport value="true"/></element><element id="Composition.section.code"><path value="Composition.section.code"/><short value="Notes"/><min value="1"/><fixedCodeableConcept><coding><system value="https://healthterminologies.gov.au/fhir/CodeSystem/nctis-data-components-1"/><code value="102.15513"/></coding></fixedCodeableConcept><mustSupport value="true"/></element><element id="Composition.section.text"><path value="Composition.section.text"/><min value="1"/><mustSupport value="true"/></element><element id="Composition.section.mode"><path value="Composition.section.mode"/><fixedCode value="snapshot"/></element><element id="Composition.section.emptyReason"><path value="Composition.section.emptyReason"/><max value="0"/><mustSupport value="true"/></element></differential></StructureDefinition>