"Path","Slice Name","Alias(s)","Label","Min","Max","Must Support?","Is Modifier?","Is Summary?","Type(s)","Short","Definition","Comments","Requirements","Default Value","Meaning When Missing","Fixed Value","Pattern","Example","Minimum Value","Maximum Value","Maximum Length","Binding Strength","Binding Description","Binding Value Set","Code","Slicing Discriminator","Slicing Description","Slicing Ordered","Slicing Rules","Base Path","Base Min","Base Max","Condition(s)","Constraint(s)","Mapping: RIM Mapping","Mapping: W5 Mapping","Mapping: UDI Mapping"
"Device","","","",0,*,"","","","","A device in an Australian healthcare context","This resource identifies an instance or a type of a manufactured item that is used in the provision of healthcare without being substantially changed through that activity. The device may be a medical or non-medical device.  Medical devices include durable (reusable) medical equipment, implantable devices, as well as disposable equipment used for diagnostic, treatment, and research for healthcare and public health.  Non-medical devices may include items such as a machine, cellphone, computer, application, etc.","","","","","","","","","",,,,,"",,,,"Device",0,*,"","dom-2:If the resource is contained in another resource, it SHALL NOT contain nested Resources {contained.contained.empty()}
dom-1:If the resource is contained in another resource, it SHALL NOT contain any narrative {contained.text.empty()}dom-4:If a resource is contained in another resource, it SHALL NOT have a meta.versionId or a meta.lastUpdated {contained.meta.versionId.empty() and contained.meta.lastUpdated.empty()}dom-3:If the resource is contained in another resource, it SHALL be referred to from elsewhere in the resource {contained.where(('#'+id in %resource.descendants().reference).not()).empty()}","Entity. Role, or Act","Device","administrative.device"
"Device.id","","","",0,1,"","","Y","id {[]} {[]}
","Logical id of this artifact","The logical id of the resource, as used in the URL for the resource. Once assigned, this value never changes.","The only time that a resource does not have an id is when it is being submitted to the server using a create operation.","","","","","","","","",,,,,"",,,,"Resource.id",0,1,"",""
"Device.meta","","","",0,1,"","","Y","Meta {[]} {[]}
","Metadata about the resource","The metadata about the resource. This is content that is maintained by the infrastructure. Changes to the content may not always be associated with version changes to the resource.","","","","","","","","","",,,,,"",,,,"Resource.meta",0,1,"",""
"Device.implicitRules","","","",0,1,"","Y","Y","uri {[]} {[]}
","A set of rules under which this content was created","A reference to a set of rules that were followed when the resource was constructed, and which must be understood when processing the content.","Asserting this rule set restricts the content to be only understood by a limited set of trading partners. This inherently limits the usefulness of the data in the long term. However, the existing health eco-system is highly fractured, and not yet ready to define, collect, and exchange data in a generally computable sense. Wherever possible, implementers and/or specification writers should avoid using this element. 

This element is labelled as a modifier because the implicit rules may provide additional knowledge about the resource that modifies it's meaning or interpretation.","","","","","","","","",,,,,"",,,,"Resource.implicitRules",0,1,"",""
"Device.language","","","",0,1,"","","","code {[]} {[]}
","Language of the resource content","The base language in which the resource is written.","Language is provided to support indexing and accessibility (typically, services such as text to speech use the language tag). The html language tag in the narrative applies  to the narrative. The language tag on the resource may be used to specify the language of other presentations generated from the data in the resource  Not all the content has to be in the base language. The Resource.language should not be assumed to apply to the narrative automatically. If a language is specified, it should it also be specified on the div element in the html (see rules in HTML5 for information about the relationship between xml:lang and the html lang attribute).","","","","","","","","",,"extensible","A human language.","http://hl7.org/fhir/ValueSet/languages","",,,,"Resource.language",0,1,"",""
"Device.text","","narrative
htmlxhtmldisplay","",0,1,"","","","Narrative {[]} {[]}
","Text summary of the resource, for human interpretation","A human-readable narrative that contains a summary of the resource, and may be used to represent the content of the resource to a human. The narrative need not encode all the structured data, but is required to contain sufficient detail to make it ""clinically safe"" for a human to just read the narrative. Resource definitions may define what content should be represented in the narrative to ensure clinical safety.","Contained resources do not have narrative. Resources that are not contained SHOULD have a narrative. In some cases, a resource may only have text with little or no additional discrete data (as long as all minOccurs=1 elements are satisfied).  This may be necessary for data from legacy systems where information is captured as a ""text blob"" or where text is additionally entered raw or narrated and encoded in formation is added later.","","","","","","","","",,,,,"",,,,"DomainResource.text",0,1,"dom-1
","","Act.text?"
"Device.contained","","inline resources
anonymous resourcescontained resources","",0,*,"","","","Resource {[]} {[]}
","Contained, inline Resources","These resources do not have an independent existence apart from the resource that contains them - they cannot be identified independently, and nor can they have their own independent transaction scope.","This should never be done when the content can be identified properly, as once identification is lost, it is extremely difficult (and context dependent) to restore it again.","","","","","","","","",,,,,"",,,,"DomainResource.contained",0,*,"","","N/A"
"Device.extension","","extensions
user content","",0,*,"","","","Extension {[]} {[]}
","Additional Content defined by implementations","May be used to represent additional information that is not part of the basic definition of the resource. In order to make the use of extensions safe and manageable, there is a strict set of governance  applied to the definition and use of extensions. Though any implementer is allowed to define an extension, there is a set of requirements that SHALL be met as part of the definition of the extension.","There can be no stigma associated with the use of extensions by any application, project, or standard - regardless of the institution or jurisdiction that uses or defines the extensions.  The use of extensions is what allows the FHIR specification to retain a core level of simplicity for everyone.","","","","","","","","",,,,,"",,,,"DomainResource.extension",0,*,"","","N/A"
"Device.modifierExtension","","extensions
user content","",0,*,"","Y","","Extension {[]} {[]}
","Extensions that cannot be ignored","May be used to represent additional information that is not part of the basic definition of the resource, and that modifies the understanding of the element that contains it. Usually modifier elements provide negation or qualification. In order to make the use of extensions safe and manageable, there is a strict set of governance applied to the definition and use of extensions. Though any implementer is allowed to define an extension, there is a set of requirements that SHALL be met as part of the definition of the extension. Applications processing a resource are required to check for modifier extensions.","There can be no stigma associated with the use of extensions by any application, project, or standard - regardless of the institution or jurisdiction that uses or defines the extensions.  The use of extensions is what allows the FHIR specification to retain a core level of simplicity for everyone.","","","","","","","","",,,,,"",,,,"DomainResource.modifierExtension",0,*,"","","N/A"
"Device.identifier","","Serial Number
","",1,*,"Y","","","Identifier {[]} {[]}
","Instance identifier","Unique instance identifiers assigned to a device by manufacturers other organizations or owners.","The barcode string from a barcode present on a device label or package may identify the instance, include names given to the device in local usage, or may identify the type of device. If the identifier identifies the type of device, Device.type element should be used.  For [UDI](http://hl7.org/fhir/STU3/device.html#5.11.3.2.2),  this element corresponds to the variable portion of the UDI that identifies the serial number of a specific device. See [UDI mappings](http://hl7.org/fhir/STU3/device-mappings.html#udi) for a complete mapping of UDI parts to Device.","","","","","","","","",,,,,"","pattern:type}
value:system}","",,"open","Device.identifier",0,*,"","",".id","id","The serial number which is a component of the production identifier (PI), a conditional, variable portion of a UDI.   The identifier.type code should be set to “SNO”(Serial Number) and the system left empty."
"Device.identifier","paid","Serial Number
","",0,1,"","","","Identifier {[]} {[]}
","My Health Record Assigned Identity for Devices (PAI-D)","My Health Record (PCEHR) Assigned Identity for Devices (PAI-D) numbers. An identifier for devices which may author documents on behalf of organisations.","The barcode string from a barcode present on a device label or package may identify the instance, include names given to the device in local usage, or may identify the type of device. If the identifier identifies the type of device, Device.type element should be used.  For [UDI](http://hl7.org/fhir/STU3/device.html#5.11.3.2.2),  this element corresponds to the variable portion of the UDI that identifies the serial number of a specific device. See [UDI mappings](http://hl7.org/fhir/STU3/device-mappings.html#udi) for a complete mapping of UDI parts to Device.","","","","","","","","",,,,,"",,,,"Device.identifier",0,*,"","inv-paid-value-0:PAI-D shall be an exactly 16 digit number {value.matches('^([0-9]{16})$')}
inv-paid-value-1:PAI-D prefix is 8003640003 {value.startsWith('8003640003')}inv-paid-value-2:The identifier shall pass the Luhn algorithm check {(((select(value.substring(0,1).toInteger()).select(iif($this<5, $this*2, (($this*2)-9))))+(value.substring(1,1).toInteger())+(select(value.substring(2,1).toInteger()).select(iif($this<5, $this*2, (($this*2)-9))))+(value.substring(3,1).toInteger())+(select(value.substring(4,1).toInteger()).select(iif($this<5, $this*2, (($this*2)-9))))+(value.substring(5,1).toInteger())+(select(value.substring(6,1).toInteger()).select(iif($this<5, $this*2, (($this*2)-9))))+(value.substring(7,1).toInteger())+(select(value.substring(8,1).toInteger()).select(iif($this<5, $this*2, (($this*2)-9))))+(value.substring(9,1).toInteger())+(select(value.substring(10,1).toInteger()).select(iif($this<5, $this*2, (($this*2)-9))))+(value.substring(11,1).toInteger())+(select(value.substring(12,1).toInteger()).select(iif($this<5, $this*2, (($this*2)-9))))+(value.substring(13,1).toInteger())+(select(value.substring(14,1).toInteger()).select(iif($this<5, $this*2, (($this*2)-9))))+(value.substring(15,1).toInteger()))mod 10=0)}",".id","id","The serial number which is a component of the production identifier (PI), a conditional, variable portion of a UDI.   The identifier.type code should be set to “SNO”(Serial Number) and the system left empty."
"Device.identifier.id","","","",0,1,"","","","string {[]} {[]}
","xml:id (or equivalent in JSON)","unique id for the element within a resource (for internal references). This may be any string value that does not contain spaces.","","","","","","","","","",,,,,"",,,,"Element.id",0,1,"","","n/a"
"Device.identifier.extension","","extensions
user content","",0,*,"","","","Extension {[]} {[]}
","Additional Content defined by implementations","May be used to represent additional information that is not part of the basic definition of the element. In order to make the use of extensions safe and manageable, there is a strict set of governance  applied to the definition and use of extensions. Though any implementer is allowed to define an extension, there is a set of requirements that SHALL be met as part of the definition of the extension.","There can be no stigma associated with the use of extensions by any application, project, or standard - regardless of the institution or jurisdiction that uses or defines the extensions.  The use of extensions is what allows the FHIR specification to retain a core level of simplicity for everyone.","","","","","","","","",,,,,"","value:url}
","Extensions are always sliced by (at least) url",,"open","Element.extension",0,*,"","","n/a"
"Device.identifier.use","","","",0,1,"","Y","Y","code {[]} {[]}
","usual | official | temp | secondary (If known)","The purpose of this identifier.","This is labeled as ""Is Modifier"" because applications should not mistake a temporary id for a permanent one. Applications can assume that an identifier is permanent unless it explicitly says that it is temporary.","Allows the appropriate identifier for a particular context of use to be selected from among a set of identifiers.","","","","","","","",,"required","Identifies the purpose for this identifier, if known .","http://hl7.org/fhir/ValueSet/identifier-use","",,,,"Identifier.use",0,1,"","","Role.code or implied by context"
"Device.identifier.type","","","",0,1,"","","Y","CodeableConcept {[]} {[]}
","Coded identifier type for PAI-D","Element describing the type of identifier.","This element deals only with general categories of identifiers.  It SHOULD not be used for codes that correspond 1..1 with the Identifier.system. Some identifiers may fall into multiple categories due to common usage. 

Where the system is known, a type is unnecessary because the type is always part of the system definition. However systems often need to handle identifiers where the system is not known. There is not a 1:1 relationship between type and system, since many different systems have the same type.","Allows users to make use of identifiers when the identifier system is not known.","","","","<valueCodeableConcept xmlns=""http://hl7.org/fhir"">
  <coding>
    <system value=""http://hl7.org.au/fhir/v2/0203""/>
    <code value=""NDI""/>
  </coding>
</valueCodeableConcept>","","","",,"required","Local Identifier Type","http://hl7.org.au/fhir/ValueSet/au-hl7v2-0203","",,,,"Identifier.type",0,1,"","","Role.code or implied by context"
"Device.identifier.type.id","","","",0,1,"","","","string {[]} {[]}
","xml:id (or equivalent in JSON)","unique id for the element within a resource (for internal references). This may be any string value that does not contain spaces.","","","","","","","","","",,,,,"",,,,"Element.id",0,1,"","","n/a"
"Device.identifier.type.extension","","extensions
user content","",0,*,"","","","Extension {[]} {[]}
","Additional Content defined by implementations","May be used to represent additional information that is not part of the basic definition of the element. In order to make the use of extensions safe and manageable, there is a strict set of governance  applied to the definition and use of extensions. Though any implementer is allowed to define an extension, there is a set of requirements that SHALL be met as part of the definition of the extension.","There can be no stigma associated with the use of extensions by any application, project, or standard - regardless of the institution or jurisdiction that uses or defines the extensions.  The use of extensions is what allows the FHIR specification to retain a core level of simplicity for everyone.","","","","","","","","",,,,,"","value:url}
","Extensions are always sliced by (at least) url",,"open","Element.extension",0,*,"","","n/a"
"Device.identifier.type.coding","","","",0,*,"","","Y","Coding {[]} {[]}
","Code defined by a terminology system","A reference to a code defined by a terminology system.","Codes may be defined very casually in enumerations, or code lists, up to very formal definitions such as SNOMED CT - see the HL7 v3 Core Principles for more information.  Ordering of codings is undefined and SHALL NOT be used to infer meaning. Generally, at most only one of the coding values will be labeled as UserSelected = true.","Allows for translations and alternate encodings within a code system.  Also supports communication of the same instance to systems requiring different encodings.","","","","","","","",,,,,"",,,,"CodeableConcept.coding",0,*,"","","union(., ./translation)"
"Device.identifier.type.text","","","",0,1,"","","Y","string {[]} {[]}
","Plain text representation of the concept","A human language representation of the concept as seen/selected/uttered by the user who entered the data and/or which represents the intended meaning of the user.","Very often the text is the same as a displayName of one of the codings.","The codes from the terminologies do not always capture the correct meaning with all the nuances of the human using them, or sometimes there is no appropriate code at all. In these cases, the text is used to capture the full meaning of the source.","","","<valueString xmlns=""http://hl7.org/fhir"" value=""PAI-D""/>","","","","",,,,,"",,,,"CodeableConcept.text",0,1,"","","./originalText[mediaType/code=""text/plain""]/data"
"Device.identifier.system","","","",1,1,"","","Y","uri {[]} {[]}
","Namespace for PAI-D","This namespace is used for qualified identifiers to represent My Health Record Assigned Identity for Devices (PAI-D) numbers.","","There are many sets  of identifiers.  To perform matching of two identifiers, we need to know what set we're dealing with. The system identifies a particular set of unique identifiers.","","","<valueUri xmlns=""http://hl7.org/fhir"" value=""http://ns.electronichealth.net.au/id/pcehr/paid/1.0""/>","","<valueUri xmlns=""http://hl7.org/fhir"" value=""http://www.acme.com/identifiers/patient or urn:ietf:rfc:3986 if the Identifier.value itself is a full uri""/>","","",,,,,"",,,,"Identifier.system",0,1,"","","II.root or Role.id.root"
"Device.identifier.value","","","",1,1,"","","Y","string {[]} {[]}
","PAI-D number","The portion of the identifier typically relevant to the user and which is unique within the context of the system.","If the value is a full URI, then the system SHALL be urn:ietf:rfc:3986.  The value's primary purpose is computational mapping.  As a result, it may be normalized for comparison purposes (e.g. removing non-significant whitespace, dashes, etc.)  A value formatted for human display can be conveyed using the [Rendered Value extension](http://hl7.org/fhir/STU3/extension-rendered-value.html).","","","","","","<valueString xmlns=""http://hl7.org/fhir"" value=""123456""/>","","",16,,,,"",,,,"Identifier.value",0,1,"","","II.extension or II.root if system indicates OID or GUID (Or Role.id.extension or root)"
"Device.identifier.period","","","",0,1,"","","Y","Period {[]} {[]}
","Time period when id is/was valid for use","Time period during which identifier is/was valid for use.","","","","","","","","","",,,,,"",,,,"Identifier.period",0,1,"","","Role.effectiveTime or implied by context"
"Device.identifier.assigner","","","",0,1,"","","Y","Reference {[]} {[CanonicalType[http://hl7.org/fhir/StructureDefinition/Organization]]}
","Organization that issued id (may be just text)","Organization that issued/manages the identifier.","The Identifier.assigner may omit the .reference element and only contain a .display element reflecting the name or other textual information about the assigning organization.","","","","","","","","",,,,,"",,,,"Identifier.assigner",0,1,"","","II.assigningAuthorityName but note that this is an improper use by the definition of the field.  Also Role.scoper"
"Device.udi","","","",0,1,"Y","","Y","BackboneElement {[]} {[]}
","Unique Device Identifier (UDI) Barcode string","Unique device identifier (UDI) assigned to device label or package.","UDI may identify an unique instance of a device, or it may only identify the type of the device.  See [UDI mappings](http://hl7.org/fhir/STU3/device-mappings.html#udi) for a complete mapping of UDI parts to Device.","","","","","","","","",,,,,"",,,,"Device.udi",0,1,"","ele-1:All FHIR elements must have a @value or children {hasValue() | (children().count() > id.count())}
",".id and .code","id"
"Device.udi.id","","","",0,1,"","","","string {[]} {[]}
","xml:id (or equivalent in JSON)","unique id for the element within a resource (for internal references). This may be any string value that does not contain spaces.","","","","","","","","","",,,,,"",,,,"Element.id",0,1,"","","n/a"
"Device.udi.extension","","extensions
user content","",0,*,"","","","Extension {[]} {[]}
","Additional Content defined by implementations","May be used to represent additional information that is not part of the basic definition of the element. In order to make the use of extensions safe and manageable, there is a strict set of governance  applied to the definition and use of extensions. Though any implementer is allowed to define an extension, there is a set of requirements that SHALL be met as part of the definition of the extension.","There can be no stigma associated with the use of extensions by any application, project, or standard - regardless of the institution or jurisdiction that uses or defines the extensions.  The use of extensions is what allows the FHIR specification to retain a core level of simplicity for everyone.","","","","","","","","",,,,,"",,,,"Element.extension",0,*,"","","n/a"
"Device.udi.modifierExtension","","extensions
user contentmodifiers","",0,*,"","Y","Y","Extension {[]} {[]}
","Extensions that cannot be ignored","May be used to represent additional information that is not part of the basic definition of the element, and that modifies the understanding of the element that contains it. Usually modifier elements provide negation or qualification. In order to make the use of extensions safe and manageable, there is a strict set of governance applied to the definition and use of extensions. Though any implementer is allowed to define an extension, there is a set of requirements that SHALL be met as part of the definition of the extension. Applications processing a resource are required to check for modifier extensions.","There can be no stigma associated with the use of extensions by any application, project, or standard - regardless of the institution or jurisdiction that uses or defines the extensions.  The use of extensions is what allows the FHIR specification to retain a core level of simplicity for everyone.","","","","","","","","",,,,,"",,,,"BackboneElement.modifierExtension",0,*,"","","N/A"
"Device.udi.deviceIdentifier","","DI
","",0,1,"","","Y","string {[]} {[]}
","Mandatory fixed portion of UDI","The device identifier (DI) is a mandatory, fixed portion of a UDI that identifies the labeler and the specific version or model of a device.","","","","","","","","","",,,,,"",,,,"Device.udi.deviceIdentifier",0,1,"","","Role.id.extension","what","The device identifier (DI), a mandatory, fixed portion of a UDI that identifies the labeler and the specific version or model of a device."
"Device.udi.name","","Brand Name
","",0,1,"","","Y","string {[]} {[]}
","Device Name as appears on UDI label","Name of device as used in labeling or catalog.","Use the `Device.type`  for a generic type or kind of device name.  Note the [GUDID](http://www.fda.gov/medicaldevices/deviceregulationandguidance/uniquedeviceidentification/globaludidatabasegudid/default.htm) lists the name as the 'Brand Name'.","","","","","","","","",,,,,"",,,,"Device.udi.name",0,1,"","",".displayName","what","Propietary/Trade Name of the medical Device as used in the labeling or catalog"
"Device.udi.jurisdiction","","","",0,1,"","","","uri {[]} {[]}
","Regional UDI authority","The identity of the authoritative source for UDI generation within a  jurisdiction.  All UDIs are globally unique within a single namespace. with the appropriate repository uri as the system.  For example,  UDIs of devices managed in the U.S. by the FDA, the value is  http://hl7.org/fhir/NamingSystem/fda-udi.","","Allows a recipient of a UDI to know which database will contain the UDI-associated metadata.","","","","","","","",,,,,"",,,,"Device.udi.jurisdiction",0,1,"","","Role.scoper"
"Device.udi.carrierHRF","","Human Readable Form
","",0,1,"","","Y","string {[]} {[]}
","UDI Human Readable Barcode String","The full UDI carrier as the human readable form (HRF) representation of the barcode string as printed on the packaging of the device.","If separate barcodes for DI and PI are present, concatenate the string with DI first and in order of human readable expression on label.","","","","","","","","",,,,,"",,,,"Device.udi.carrierHRF",0,1,"","","Role.id.extension","A unique device identifier (UDI) on a device label in plain text"
"Device.udi.carrierAIDC","","Automatic Identification and Data Capture
","",0,1,"","","Y","base64Binary {[]} {[]}
","UDI Machine Readable Barcode String","The full UDI carrier of the Automatic Identification and Data Capture (AIDC) technology representation of the barcode string as printed on the packaging of the device - E.g a barcode or RFID.   Because of limitations on character sets in XML and the need to round-trip JSON data through XML, AIDC Formats *SHALL* be base64 encoded.","The AIDC form of UDIs should be scanned or otherwise used for the identification of the device whenever possible to minimize errors in records resulting from manual transcriptions. If separate barcodes for DI and PI are present, concatenate the string with DI first and in order of human readable expression on label.","","","","","","","","",,,,,"",,,,"Device.udi.carrierAIDC",0,1,"","","Role.id.extension","A unique device identifier (UDI) on a device label a form that uses automatic identification and data capture (AIDC) technology."
"Device.udi.issuer","","Barcode System
","",0,1,"","","","uri {[]} {[]}
","UDI Issuing Organization","Organization that is charged with issuing UDIs for devices.  For example, the US FDA issuers include :
1) GS1: 
http://hl7.org/fhir/NamingSystem/gs1-di, 
2) HIBCC:
http://hl7.org/fhir/NamingSystem/hibcc-dI, 
3) ICCBBA for blood containers:
http://hl7.org/fhir/NamingSystem/iccbba-blood-di, 
4) ICCBA for other devices:
http://hl7.org/fhir/NamingSystem/iccbba-other-di.","","","","","","","","","",,,,,"",,,,"Device.udi.issuer",0,1,"","","Role.id.root","All UDIs are to be issued under a system operated by an Jurisdiction-accredited issuing agency.
GS1 DIs: 
 http://hl7.org/fhir/NamingSystem/gs1
HIBCC DIs:
 http://hl7.org/fhir/NamingSystem/hibcc
ICCBBA DIs for blood containers:
 http://hl7.org/fhir/NamingSystem/iccbba-blood
ICCBA DIs for other devices:
 http://hl7.org/fhir/NamingSystem/iccbba-other"
"Device.udi.entryType","","","",0,1,"","","","code {[]} {[]}
","barcode | rfid | manual +","A coded entry to indicate how the data was entered.","","Supports a way to distinguish hand entered from machine read data.","","","","","","","",,"required","Codes to identify how UDI data was entered","http://hl7.org/fhir/ValueSet/udi-entry-type","",,,,"Device.udi.entryType",0,1,"","","NA"
"Device.status","","","",0,1,"Y","Y","Y","code {[]} {[]}
","active | inactive | entered-in-error | unknown","Status of the Device availability.","This element is labeled as a modifier because the status contains the codes inactive and entered-in-error that mark the device (record)as not currently valid.","","","","","","","","",,"required","The availability status of the device.","http://hl7.org/fhir/ValueSet/device-status","",,,,"Device.status",0,1,"","",".statusCode","status"
"Device.type","","","",0,1,"Y","","","CodeableConcept {[]} {[]}
","What kind of device this is","Code or identifier to identify a kind of device.","","","","","","","","","",,"extensible","Codes to identify medical devices.","","",,,,"Device.type",0,1,"","",".code","what","Type description using GMDN or other code system"
"Device.lotNumber","","","",0,1,"Y","","","string {[]} {[]}
","Lot number of manufacture","Lot number assigned by the manufacturer.","","","","","","","","","",,,,,"",,,,"Device.lotNumber",0,1,"","",".lotNumberText","what","The lot or batch number within which a device was manufactured - which is a component of the production identifier (PI), a conditional, variable portion of a UDI."
"Device.manufacturer","","","",0,1,"Y","","","string {[]} {[]}
","Name of device manufacturer","A name of the manufacturer.","","","","","","","","","",,,,,"",,,,"Device.manufacturer",0,1,"","",".playedRole[typeCode=MANU].scoper.name","what","N/A"
"Device.manufactureDate","","","",0,1,"Y","","","dateTime {[]} {[]}
","Date when the device was made","The date and time when the device was manufactured.","","","","","","","","","",,,,,"",,,,"Device.manufactureDate",0,1,"","",".existenceTime.low","what","The date a specific device was manufactured - which is a component of the production identifier (PI), a conditional, variable portion of a UDI.  For FHIR, The datetime syntax must converted to YYYY-MM-DD[THH:MM:SS].  If hour is present, the minutes and seconds should both be set to “00”."
"Device.expirationDate","","","",0,1,"Y","","","dateTime {[]} {[]}
","Date and time of expiry of this device (if applicable)","The date and time beyond which this device is no longer valid or should not be used (if applicable).","","","","","","","","","",,,,,"",,,,"Device.expirationDate",0,1,"","",".expirationTime","what","the expiration date of a specific device -  which is a component of the production identifier (PI), a conditional, variable portion of a UDI.  For FHIR, The datetime syntax must converted to YYYY-MM-DD[THH:MM:SS].  If hour is present, the minutes and seconds should both be set to “00”."
"Device.model","","","",0,1,"Y","","","string {[]} {[]}
","Model id assigned by the manufacturer","The ""model"" is an identifier assigned by the manufacturer to identify the product by its type. This number is shared by the all devices sold as the same type.","","","","","","","","","",,,,,"",,,,"Device.model",0,1,"","",".playedRole[typeCode=MANU].code","what"
"Device.version","","","",0,1,"Y","","","string {[]} {[]}
","Version number (i.e. software)","The version of the device, if the device has multiple releases under the same model, or if the device is software or carries firmware.","","","","","","","","","",,,,,"",,,,"Device.version",0,1,"","",".softwareName (included as part)","what"
"Device.patient","","","",0,1,"Y","","","Reference {[]} {[CanonicalType[http://ns.electronichealth.net.au/ci/fhir/3.0/StructureDefinition/patient-dh-base-1]]}
","Patient to whom Device is affixed","Patient information, If the device is affixed to a person.","","If the device is implanted in a patient, then need to associate the device to the patient.","","","","","","","",,,,,"",,,,"Device.patient",0,1,"","",".playedRole[typeCode=USED].scoper.playedRole[typeCode=PAT]","who.focus"
"Device.owner","","","",0,1,"Y","","","Reference {[]} {[CanonicalType[http://ns.electronichealth.net.au/ci/fhir/3.0/StructureDefinition/organization-dh-base-1]]}
","Organization responsible for device","An organization that is responsible for the provision and ongoing maintenance of the device.","","","","","","","","","",,,,,"",,,,"Device.owner",0,1,"","",".playedRole[typeCode=OWN].scoper","who.source"
"Device.contact","","","",0,*,"Y","","","ContactPoint {[]} {[]}
","Details for human/organization for support","Contact details for an organization or a particular human that is responsible for the device.","used for troubleshooting etc.","","","","","","","","",,,,,"",,,,"Device.contact",0,*,"","",".scopedRole[typeCode=CON].player","who.source"
"Device.location","","","",0,1,"Y","","","Reference {[]} {[CanonicalType[http://hl7.org/fhir/StructureDefinition/Location]]}
","Where the resource is found","The place where the device can be found.","","Device.location can be used to track device location.","","","","","","","",,,,,"",,,,"Device.location",0,1,"","",".playedRole[typeCode=LOCE].scoper","where"
"Device.url","","","",0,1,"Y","","","uri {[]} {[]}
","Network address to contact device","A network address on which the device may be contacted directly.","If the device is running a FHIR server, the network address should  be the Base URL from which a conformance statement may be retrieved.","","","","","","","","",,,,,"",,,,"Device.url",0,1,"","",".telecom","where"
"Device.note","","","",0,*,"Y","","","Annotation {[]} {[]}
","Device notes and comments","Descriptive information, usage information or implantation information that is not captured in an existing element.","","","","","","","","","",,,,,"",,,,"Device.note",0,*,"","",".text"
"Device.safety","","","",0,*,"Y","","Y","CodeableConcept {[]} {[]}
","Safety Characteristics of Device","Provides additional safety characteristics about a medical device.  For example devices containing latex.","","","","","","","","","",,"example","Codes used to identify medical devices safety characterics. These codes are derived in part from the [United States Food and Drug Administration recommendations](http://www.fda.gov/downloads/medicaldevices/deviceregulationandguidance/guidancedocuments/ucm107708.pdf) and are provided here as a suggestive example.","http://hl7.org/fhir/ValueSet/device-safety","",,,,"Device.safety",0,*,"","","NA"
