<?xml version="1.0" encoding="UTF-8"?>

<Composition xmlns="http://hl7.org/fhir">
  <id value="de5ef077b-cc0f-4c3d-a4cd-a35ceafff331"/>
  <meta>
    <profile value="http://ns.electronichealth.net.au/ci/fhir/3.0/StructureDefinition/composition-shs-1"/>
  </meta>
  <language value="en-AU"/>
  <text>
    <status value="additional"/><div xmlns="http://www.w3.org/1999/xhtml" lang="en-AU">
      <p><b> id</b> : de5ef077b-cc0f-4c3d-a4cd-a35ceafff331</p>
      <p><b>Language</b>: en-AU</p>
      <p><b>Status</b> : final</p>
      <p><b>Type</b>: Shared Health Summary <span style="background: LightGoldenRodYellow">(Details : {LOINC code '60591-5' = 'Patient summary Document', given as 'Patient Summary'})</span></p>
      <p><b>Date</b> : 21/06/2017 09:00:15+10:00</p>
      <p><b>Consumer</b>: HPI-I = 8003608833357361; name = Sammy GoodPatient</p>
      <p><b>Author</b>: HPI-I = 8003619900015717; name = Barry Helpman M.D.</p>
      <p><b>Attester</b>: HPI-I = 8003619900015717; name = Barry Helpman M.D.</p>
      <p><b>Title</b> : Shared Health Summary</p>
      <p><b>Custodian</b>: ABN = 51824754455; name = Devonport Family Medicine Clinic</p>
    </div>
  </text>
  <extension url="http://hl7.org.au/fhir/StructureDefinition/composition-author-role">
    <valueReference>
      <reference value="PractitionerRole/45cad6ac-e9a3-418a-8480-4e64132849f2"/>
    </valueReference>
  </extension>
  <identifier>
    <system value="urn:ietf:rfc:3986"/>
    <value value="urn:uuid:c009fbfd-c0ab-45cc-9536-735a624c943c"/>
  </identifier>
  <status value="final"/>
  <type>
    <coding>
      <system value="http://loinc.org"/>
      <code value="60591-5"/>
      <display value="Patient summary Document"/>
    </coding>
  </type>
  <subject>
    <reference value="Patient/e6e84607-a0da-4ead-9ed6-5e064fea9fc4"/>
  </subject>
  <date value="2017-06-21T09:00:15+10:00"/>
  <author>
    <reference value="Practitioner/40a94071-8373-4d53-a788-63b79c75a3c1"/>
  </author>
  <title value="Shared Health Summary"/>
  <attester>
    <mode value="legal"/>
    <time value="2017-06-21T09:00:15+10:00"/>
    <party>
      <reference value="Practitioner/40a94071-8373-4d53-a788-63b79c75a3c1"/>
    </party>
  </attester>
  <custodian>
    <reference value="Organization/021fff67-c5ec-438f-9520-ce9bafee1306"/>
  </custodian>
  <section>
    <title value="Current Medications"/>
    <code>
      <coding>
        <system value="https://healthterminologies.gov.au/fhir/CodeSystem/nctis-data-components-1"/>
        <code value="101.32009"/>
        <display value="Current Medicine"/>
      </coding>
    </code>
    <text>
      <status value="additional"/><div xmlns="http://www.w3.org/1999/xhtml">
        <table border="5">
          <caption>Medications</caption>
          <thead>
            <tr>
              <th>Medication</th>
              <th>Dose</th>
              <th>Purpose/Comment</th>
            </tr>
          </thead>
          <tbody>
            <tr>
              <td>Candesartan 32mg</td>
              <td>1 d</td>
              <td/>
            </tr>
            <tr>
              <td>Metformin 500mg</td>
              <td>1 bd</td>
              <td/>
            </tr>
            <tr>
              <td>Candesartan 8mg</td>
              <td>0.5 d</td>
              <td/>
            </tr>
          </tbody>
        </table>
      </div>
    </text>
    <entry>
      <reference value="MedicationStatement/f7583f71-7736-4d10-89f7-fa1845e53120"/>
    </entry>
    <entry>
      <reference value="MedicationStatement/314619c2-2d97-4fb9-9c25-b0b9da92f804"/>
    </entry>
    <entry>
      <reference value="MedicationStatement/90d418aa-ed53-447b-95d2-099101ed4339"/>
    </entry>
  </section>
  <section>
    <title value="Allergies and Adverse Reactions"/>
    <code>
      <coding>
        <system value="http://loinc.org"/>
        <code value="48765-2"/>
        <display value="Allergies and adverse reactions Document"/>
      </coding>
    </code>
    <text>
      <status value="additional"/><div xmlns="http://www.w3.org/1999/xhtml">
        <p>No known medication allergies.</p>
      </div>
    </text>
    <entry>
      <reference value="AllergyIntolerance/a5e03840-1be4-43e0-acd2-c9e288adc4f9"/>
    </entry>
  </section>
  <section>
    <title value="Medical History"/>
    <code>
      <coding>
        <system value="https://healthterminologies.gov.au/fhir/CodeSystem/nctis-data-components-1"/>
        <code value="101.16117"/>
      </coding>
    </code>
    <text>
      <status value="additional"/><div xmlns="http://www.w3.org/1999/xhtml">
        <table border="5">
          <caption>Problems and Diagnoses</caption>
          <thead>
            <tr>
              <th>Condition</th>
              <th>Onset</th>
              <th>Abatement / Resolution</th>
            </tr>
          </thead>
          <tbody>
            <tr>
              <td>Atrial fibrillation</td>
              <td>2017</td>
              <td>-</td>
            </tr>
            <tr>
              <td>Right lower zone pneumonia</td>
              <td>March 2017</td>
              <td>April 2017</td>
            </tr>
          </tbody>
        </table>
        <table border="5">
          <caption>Procedures</caption>
          <thead>
            <tr>
              <th>Procedure</th>
              <th>Date</th>
            </tr>
          </thead>
          <tbody>
            <tr>
              <td>Total replacement of left knee joint</td>
              <td>27 February 2015</td>
            </tr>
          </tbody>
        </table>
      </div>
    </text>
    <entry>
      <reference value="Condition/b021320c-bc5e-4ae8-b9fc-1ed2d876e889"/>
    </entry>
    <entry>
      <reference value="Condition/cfa41daf-b5a6-4a05-9166-a4b7c23f08a1"/>
    </entry>
    <entry>
      <reference value="Procedure/3bc4a0f3-1d3e-4bde-83a9-7a04dd5f4a77"/>
    </entry>
  </section>
  <section>
    <title value="Immunisations"/>
    <code>
      <coding>
        <system value="http://loinc.org"/>
        <code value="11369-6"/>
      </coding>
    </code>
    <text>
      <status value="additional"/><div xmlns="http://www.w3.org/1999/xhtml">Unknown</div>
    </text>
    <emptyReason>
      <coding>
        <system value="http://hl7.org/fhir/list-empty-reason"/>
        <code value="unavailable"/>
        <display value="Unavailable"/>
      </coding>
      <text value="Unknown"/>
    </emptyReason>
  </section>
</Composition>