<?xml version="1.0" encoding="UTF-8"?>

<MedicationStatement xmlns="http://hl7.org/fhir">
  <id value="d30f3bd7-7106-4530-8b10-e9b5c43c2ec8"/>
  <meta>
    <profile value="http://ns.electronichealth.net.au/ci/fhir/3.0/StructureDefinition/medicationstatement-summary-1"/>
  </meta>
  <text>
    <status value="generated"/><div xmlns="http://www.w3.org/1999/xhtml"><p><b>Generated Narrative with Details</b></p><p><b>id</b>: d30f3bd7-7106-4530-8b10-e9b5c43c2ec8</p><p><b>meta</b>: </p><p><b>status</b>: active</p><p><b>medication</b>: Fluticasone/salmeterol 250/25 <span style="background: LightGoldenRodYellow">(Details )</span></p><p><b>subject</b>: <a href="patient/d9698a55-723a-49de-931b-4e61d732b016">patient/d9698a55-723a-49de-931b-4e61d732b016</a></p><p><b>taken</b>: y</p><p><b>dosage</b>: </p></div>
  </text>
  <status value="active"/>
  <medicationCodeableConcept>
    <text value="Fluticasone/salmeterol 250/25"/>
  </medicationCodeableConcept>
  <subject>
    <reference value="patient/d9698a55-723a-49de-931b-4e61d732b016"/>
  </subject>
  <taken value="y"/>
  <dosage>
    <text value="2 bd"/>
  </dosage>
</MedicationStatement>