<?xml version="1.0" encoding="UTF-8"?>

<Procedure xmlns="http://hl7.org/fhir">
  <id value="3bc4a0f3-1d3e-4bde-83a9-7a04dd5f4a77"/>
  <meta>
    <profile value="http://ns.electronichealth.net.au/ci/fhir/3.0/StructureDefinition/procedure-summary-1"/>
  </meta>
  <text>
    <status value="generated"/><div xmlns="http://www.w3.org/1999/xhtml"><p><b>Generated Narrative with Details</b></p><p><b>id</b>: 3bc4a0f3-1d3e-4bde-83a9-7a04dd5f4a77</p><p><b>meta</b>: </p><p><b>status</b>: completed</p><p><b>code</b>: Total replacement of left knee joint <span style="background: LightGoldenRodYellow">(Details : {SNOMED CT code '443681002' = 'Total prosthetic arthroplasty of left knee', given as 'Total replacement of left knee joint'})</span></p><p><b>subject</b>: <a href="Patient-e6e84607-a0da-4ead-9ed6-5e064fea9fc4.html">Generated Summary: id: e6e84607-a0da-4ead-9ed6-5e064fea9fc4; National unique individual identifier = 8003608833357361; Sammy GoodPatient; gender: other; birthDate: 1956-08-23</a></p><p><b>performed</b>: 2015-02-27</p></div>
  </text>
  <status value="completed"/>
  <code>
    <coding>
      <system value="http://snomed.info/sct"/>
      <code value="443681002"/>
      <display value="Total replacement of left knee joint"/>
    </coding>
  </code>
  <subject>
    <reference value="Patient/e6e84607-a0da-4ead-9ed6-5e064fea9fc4"/>
  </subject>
  <performedDateTime value="2015-02-27"/>
</Procedure>