<?xml version="1.0" encoding="UTF-8"?><ImplementationGuide xmlns="http://hl7.org/fhir"><id value="implementationguide-advancecarerecords-1"/><text><status value="generated"/><div xmlns="http://www.w3.org/1999/xhtml"><h2>Advance Care Records</h2><p>The official URL for this implementation guide is: </p><pre>http://ns.electronichealth.net.au/ci/fhir/3.0/ImplementationGuide/implementationguide-advancecarerecords-1</pre><div><p>This implementation guide is an HL7&#x2122; FHIR&#xAE; specification to represent an advance care record, including Advance Care Planning (ACP) and Advance Care Directive Custodian Record (ACDCR).</p>
<p>The primary aim of this implementation guide is to support implementing advance care records in FHIR, Release 3 (STU). The resulting FHIR can be used for the electronic exchange of advance care record information between healthcare providers.</p>
<p>This implementation guide is not to be used as a guide to presentation (or rendering) of the data. It contains no information as to how the data described by it should be displayed and no such guidance should be inferred.</p>
<p>This implementation guide does not describe transport or persistence mechanism of the resources described by it.</p>
</div></div></text><url value="http://ns.electronichealth.net.au/ci/fhir/3.0/ImplementationGuide/implementationguide-advancecarerecords-1"/><version value="1.0.0"/><name value="Advance Care Records"/><status value="draft"/><experimental value="true"/><date value="2019-08-29T12:45:30+10:00"/><publisher value="Australian Digital Health Agency"/><contact><telecom><system value="email"/><value value="help@digitalhealth.gov.au"/></telecom></contact><description value="This implementation guide is an HL7&#x2122; FHIR&#xAE; specification to represent an advance care record, including Advance Care Planning (ACP) and Advance Care Directive Custodian Record (ACDCR).&#xA; &#xA;The primary aim of this implementation guide is to support implementing advance care records in FHIR, Release 3 (STU). The resulting FHIR can be used for the electronic exchange of advance care record information between healthcare providers.&#xA; &#xA;This implementation guide is not to be used as a guide to presentation (or rendering) of the data. It contains no information as to how the data described by it should be displayed and no such guidance should be inferred.&#xA; &#xA;This implementation guide does not describe transport or persistence mechanism of the resources described by it."/><copyright value="Copyright &#xA9; 2019 Australian Digital Health Agency - All rights reserved. This content is licensed under a Creative Commons Attribution 4.0 International License. See https://creativecommons.org/licenses/by/4.0/."/><fhirVersion value="3.0.1"/><package id="p1"><name value="ACR"/><resource><extension url="http://hl7.org/fhir/StructureDefinition/implementationguide-page"><valueUri value="StructureDefinition-composition-acp-1.html"/></extension><example value="false"/><name value="composition-acp-1"/><description value="The purpose of this profile is to define a representation of an Advance Care Planning document that includes an attached Advance Care Plan for a patient in an Australian healthcare context."/><sourceReference><reference value="StructureDefinition/composition-acp-1"/></sourceReference></resource><resource><extension url="http://hl7.org/fhir/StructureDefinition/implementationguide-page"><valueUri value="StructureDefinition-documentreference-acp-1.html"/></extension><example value="false"/><name value="documentreference-acp-1"/><description value="The purpose of this profile is to define a representation of a document reference of an attached Advance Care Plan for a patient in an Australian healthcare context."/><sourceReference><reference value="StructureDefinition/documentreference-acp-1"/></sourceReference></resource><resource><extension url="http://hl7.org/fhir/StructureDefinition/implementationguide-page"><valueUri value="StructureDefinition-composition-acdcr-1.html"/></extension><example value="false"/><name value="composition-acdcr-1"/><description value="The purpose of this profile is to define a representation of a document (Advance Care Directive Custodian Record) that includes one or more custodian details for a patient&#39;s advance care directive in an Australian healthcare context."/><sourceReference><reference value="StructureDefinition/composition-acdcr-1"/></sourceReference></resource><resource><extension url="http://hl7.org/fhir/StructureDefinition/implementationguide-page"><valueUri value="StructureDefinition-patient-dh-base-1.html"/></extension><example value="false"/><name value="patient-dh-base-1"/><description value="The Agency Patient profile, as derived from the HL7 AU patient profile."/><sourceReference><reference value="StructureDefinition/patient-dh-base-1"/></sourceReference></resource><resource><extension url="http://hl7.org/fhir/StructureDefinition/implementationguide-page"><valueUri value="StructureDefinition-patient-ident-1.html"/></extension><example value="false"/><name value="patient-ident-1"/><description value="The Agency Patient profile, as derived from the HL7 AU patient profile with mandatory identifier."/><sourceReference><reference value="StructureDefinition/patient-ident-1"/></sourceReference></resource><resource><extension url="http://hl7.org/fhir/StructureDefinition/implementationguide-page"><valueUri value="StructureDefinition-relatedperson-dh-base-1.html"/></extension><example value="false"/><name value="relatedperson-dh-base-1"/><description value="The Agency RelatedPerson profile, as derived from the STU3 RelatedPerson resource."/><sourceReference><reference value="StructureDefinition/relatedperson-dh-base-1"/></sourceReference></resource><resource><extension url="http://hl7.org/fhir/StructureDefinition/implementationguide-page"><valueUri value="StructureDefinition-relatedperson-ident-1.html"/></extension><example value="false"/><name value="relatedperson-ident-1"/><description value="The Agency RelatedPerson profile, as derived from the STU3 RelatedPerson resource with a mandatory identifier."/><sourceReference><reference value="StructureDefinition/relatedperson-ident-1"/></sourceReference></resource><resource><extension url="http://hl7.org/fhir/StructureDefinition/implementationguide-page"><valueUri value="StructureDefinition-organization-dh-base-1.html"/></extension><example value="false"/><name value="organization-dh-base-1"/><description value="The Agency Organization profile, as derived from the HL7 AU Organization profile."/><sourceReference><reference value="StructureDefinition/organization-dh-base-1"/></sourceReference></resource><resource><extension url="http://hl7.org/fhir/StructureDefinition/implementationguide-page"><valueUri value="StructureDefinition-organization-ident-1.html"/></extension><example value="false"/><name value="organization-ident-1"/><description value="The Agency Organization profile, as derived from the HL7 AU Organization profile with a mandatory identifier."/><sourceReference><reference value="StructureDefinition/organization-ident-1"/></sourceReference></resource><resource><extension url="http://hl7.org/fhir/StructureDefinition/implementationguide-page"><valueUri value="StructureDefinition-practitioner-dh-base-1.html"/></extension><example value="false"/><name value="practitioner-dh-base-1"/><description value="The Agency Practitioner profile, as derived from the HL7 AU Practitioner profile."/><sourceReference><reference value="StructureDefinition/practitioner-dh-base-1"/></sourceReference></resource><resource><extension url="http://hl7.org/fhir/StructureDefinition/implementationguide-page"><valueUri value="StructureDefinition-practitioner-ident-1.html"/></extension><example value="false"/><name value="practitioner-ident-1"/><description value="The Agency Practitioner profile, as derived from the HL7 AU Practitioner profile with a mandatory identifier."/><sourceReference><reference value="StructureDefinition/practitioner-ident-1"/></sourceReference></resource><resource><extension url="http://hl7.org/fhir/StructureDefinition/implementationguide-page"><valueUri value="StructureDefinition-practitionerrole-dh-base-1.html"/></extension><example value="false"/><name value="practitionerrole-dh-base-1"/><description value="The Agency Practitioner Role profile, as derived from the HL7 AU PractitionerRole profile."/><sourceReference><reference value="StructureDefinition/practitionerrole-dh-base-1"/></sourceReference></resource><resource><extension url="http://hl7.org/fhir/StructureDefinition/implementationguide-page"><valueUri value="StructureDefinition-practitionerrole-withpractitionerident-1.html"/></extension><example value="false"/><name value="practitionerrole-withpractitionerident-1"/><description value="The Agency Practitioner Role profile, as derived from the HL7 AU PractitionerRole profile with a mandatory identifier."/><sourceReference><reference value="StructureDefinition/practitionerrole-withpractitionerident-1"/></sourceReference></resource><resource><extension url="http://hl7.org/fhir/StructureDefinition/implementationguide-page"><valueUri value="StructureDefinition-humanname-dh-base-1.html"/></extension><example value="false"/><name value="humanname-dh-base-1"/><description value="The Agency Human Name profile of the [HumanName](http://hl7.org/fhir/stu3/datatypes.html#HumanName) data type."/><sourceReference><reference value="StructureDefinition/humanname-dh-base-1"/></sourceReference></resource><resource><extension url="http://hl7.org/fhir/StructureDefinition/implementationguide-page"><valueUri value="Composition-1840e786-bbd7-4abe-af3e-aa6e7f74c3f2.html"/></extension><example value="true"/><name value="ACP example 1"/><description value="ACP example 1 (contained)"/><sourceReference><reference value="Composition/1840e786-bbd7-4abe-af3e-aa6e7f74c3f2"/></sourceReference></resource><resource><extension url="http://hl7.org/fhir/StructureDefinition/implementationguide-page"><valueUri value="Composition-28bbf331-07d0-44a4-9d0b-927e83f483ec.html"/></extension><example value="true"/><name value="ACP example 2"/><description value="ACP example 2 (contained)"/><sourceReference><reference value="Composition/28bbf331-07d0-44a4-9d0b-927e83f483ec"/></sourceReference></resource><resource><extension url="http://hl7.org/fhir/StructureDefinition/implementationguide-page"><valueUri value="Composition-3354a586-67ce-4038-bc62-9d226cac0d83.html"/></extension><example value="true"/><name value="ACP example 3"/><description value="ACP example 3 (contained)"/><sourceReference><reference value="Composition/3354a586-67ce-4038-bc62-9d226cac0d83"/></sourceReference></resource><resource><extension url="http://hl7.org/fhir/StructureDefinition/implementationguide-page"><valueUri value="Composition-e24d5c0b-77ae-4f57-b03d-b558c1e1eee3.html"/></extension><example value="true"/><name value="ACP example 1 (referenced)"/><description value="ACP example 1 (referenced)"/><sourceReference><reference value="Composition/e24d5c0b-77ae-4f57-b03d-b558c1e1eee3"/></sourceReference></resource><resource><extension url="http://hl7.org/fhir/StructureDefinition/implementationguide-page"><valueUri value="Composition-802b0d9e-579a-4112-a032-72bcf7c3b9e6.html"/></extension><example value="true"/><name value="ACP example 2 (referenced)"/><description value="ACP example 2 (referenced)"/><sourceReference><reference value="Composition/802b0d9e-579a-4112-a032-72bcf7c3b9e6"/></sourceReference></resource><resource><extension url="http://hl7.org/fhir/StructureDefinition/implementationguide-page"><valueUri value="Composition-b482beb3-5b73-4dd1-abfc-74fdd77bb297.html"/></extension><example value="true"/><name value="ACP example 3 (referenced)"/><description value="ACP example 3 (referenced)"/><sourceReference><reference value="Composition/b482beb3-5b73-4dd1-abfc-74fdd77bb297"/></sourceReference></resource><resource><extension url="http://hl7.org/fhir/StructureDefinition/implementationguide-page"><valueUri value="DocumentReference-aff0d4ad-15c3-4521-aaff-24371491b531.html"/></extension><example value="true"/><name value="DocumentReference example 1"/><description value="DocumentReference example 1"/><sourceReference><reference value="DocumentReference/aff0d4ad-15c3-4521-aaff-24371491b531"/></sourceReference></resource><resource><extension url="http://hl7.org/fhir/StructureDefinition/implementationguide-page"><valueUri value="DocumentReference-e8b72e23-65c3-4cef-b91a-aba0bd307f5c.html"/></extension><example value="true"/><name value="DocumentReference example 2"/><description value="DocumentReference example 2"/><sourceReference><reference value="DocumentReference/e8b72e23-65c3-4cef-b91a-aba0bd307f5c"/></sourceReference></resource><resource><extension url="http://hl7.org/fhir/StructureDefinition/implementationguide-page"><valueUri value="DocumentReference-fc7889ef-477b-45d2-9b76-968ecff5940b.html"/></extension><example value="true"/><name value="DocumentReference example 3"/><description value="DocumentReference example 3"/><sourceReference><reference value="DocumentReference/fc7889ef-477b-45d2-9b76-968ecff5940b"/></sourceReference></resource><resource><extension url="http://hl7.org/fhir/StructureDefinition/implementationguide-page"><valueUri value="Organization-0b27b9e9-50fb-4975-9e60-d053e461828.html"/></extension><example value="true"/><name value="Organization example 1"/><description value="Organization example 1"/><sourceReference><reference value="Organization/0b27b9e9-50fb-4975-9e60-d053e461828"/></sourceReference></resource><resource><extension url="http://hl7.org/fhir/StructureDefinition/implementationguide-page"><valueUri value="Organization-1d224e6d-9d2b-48ad-9f75-2bbde3c5dd63.html"/></extension><example value="true"/><name value="Organization example 2"/><description value="Organization example 2"/><sourceReference><reference value="Organization/1d224e6d-9d2b-48ad-9f75-2bbde3c5dd63"/></sourceReference></resource><resource><extension url="http://hl7.org/fhir/StructureDefinition/implementationguide-page"><valueUri value="Organization-3192b0cd-3a67-4cb5-b7d8-198057ba8b67.html"/></extension><example value="true"/><name value="Organization example 3"/><description value="Organization example 3"/><sourceReference><reference value="Organization/3192b0cd-3a67-4cb5-b7d8-198057ba8b67"/></sourceReference></resource><resource><extension url="http://hl7.org/fhir/StructureDefinition/implementationguide-page"><valueUri value="Patient-137f2770-8a52-48c8-98c0-790a29645a1a.html"/></extension><example value="true"/><name value="Patient example 1"/><description value="Patient example 1"/><sourceReference><reference value="Patient/137f2770-8a52-48c8-98c0-790a29645a1a"/></sourceReference></resource><resource><extension url="http://hl7.org/fhir/StructureDefinition/implementationguide-page"><valueUri value="Patient-7817adef-177a-464c-b56e-27ffc0af4606.html"/></extension><example value="true"/><name value="Patient example 2"/><description value="Patient example 2"/><sourceReference><reference value="Patient/7817adef-177a-464c-b56e-27ffc0af4606"/></sourceReference></resource><resource><extension url="http://hl7.org/fhir/StructureDefinition/implementationguide-page"><valueUri value="Patient-f9459ed3-d7ba-406f-83a1-71ed8a8ee3f8.html"/></extension><example value="true"/><name value="Patient example 3"/><description value="Patient example 3"/><sourceReference><reference value="Patient/f9459ed3-d7ba-406f-83a1-71ed8a8ee3f8"/></sourceReference></resource><resource><extension url="http://hl7.org/fhir/StructureDefinition/implementationguide-page"><valueUri value="Practitioner-4af51762-11cd-4bd6-8212-d6b1dc85696e.html"/></extension><example value="true"/><name value="Practitioner example 1"/><description value="Practitioner example 1"/><sourceReference><reference value="Practitioner/4af51762-11cd-4bd6-8212-d6b1dc85696e"/></sourceReference></resource><resource><extension url="http://hl7.org/fhir/StructureDefinition/implementationguide-page"><valueUri value="Practitioner-e75140ff-3476-4efb-b508-20aa6c6fbc77.html"/></extension><example value="true"/><name value="Practitioner example 2"/><description value="Practitioner example 2"/><sourceReference><reference value="Practitioner/e75140ff-3476-4efb-b508-20aa6c6fbc77"/></sourceReference></resource><resource><extension url="http://hl7.org/fhir/StructureDefinition/implementationguide-page"><valueUri value="PractitionerRole-459a5ae6-ee37-4151-9dfd-e8094c4a23b8.html"/></extension><example value="true"/><name value="Practitioner Role example 1"/><description value="Practitioner Role example 1"/><sourceReference><reference value="PractitionerRole/459a5ae6-ee37-4151-9dfd-e8094c4a23b8"/></sourceReference></resource><resource><extension url="http://hl7.org/fhir/StructureDefinition/implementationguide-page"><valueUri value="PractitionerRole-cb9d944f-1b75-4603-b63a-167460882287.html"/></extension><example value="true"/><name value="Practitioner Role example 2"/><description value="Practitioner Role example 2"/><sourceReference><reference value="PractitionerRole/cb9d944f-1b75-4603-b63a-167460882287"/></sourceReference></resource></package><page><source value="index.html"/><title value="Australian Digital Health Agency Advance Care Records FHIR Implementation Guide"/><kind value="page"/></page></ImplementationGuide>