<?xml version="1.0" encoding="UTF-8"?><ImplementationGuide xmlns="http://hl7.org/fhir"><id value="implementationguide-prescriptiondispenselists-1"/><text><status value="generated"/><div xmlns="http://www.w3.org/1999/xhtml"><h2>Prescription and Dispense Lists</h2><p>The official URL for this implementation guide is: </p><pre>http://ns.electronichealth.net.au/ci/fhir/3.0/ImplementationGuide/implementationguide-prescriptiondispenselists-1</pre><div><p>This implementation guide is an HL7&#x2122; FHIR&#xAE; specification to represent a Prescription and Dispense Lists (PDL).</p>
<p>The primary aim of this implementation guide is to support implementing PDL in FHIR, Release 3 (STU). The resulting FHIR can be used for the electronic exchange of PDL information between healthcare providers.</p>
<p>This implementation guide is not to be used as a guide to presentation (or rendering) of the data. It contains no information as to how the data described by it should be displayed and no such guidance should be inferred.</p>
<p>This implementation guide does not describe transport or persistence mechanism of the resources described by it.</p>
</div></div></text><url value="http://ns.electronichealth.net.au/ci/fhir/3.0/ImplementationGuide/implementationguide-prescriptiondispenselists-1"/><version value="1.0.0"/><name value="Prescription and Dispense Lists"/><status value="draft"/><experimental value="true"/><date value="2019-11-19T23:05:12+10:00"/><publisher value="Australian Digital Health Agency"/><contact><telecom><system value="email"/><value value="help@digitalhealth.gov.au"/></telecom></contact><description value="This implementation guide is an HL7&#x2122; FHIR&#xAE; specification to represent a Prescription and Dispense Lists (PDL).&#xA; &#xA;The primary aim of this implementation guide is to support implementing PDL in FHIR, Release 3 (STU). The resulting FHIR can be used for the electronic exchange of PDL information between healthcare providers.&#xA; &#xA;This implementation guide is not to be used as a guide to presentation (or rendering) of the data. It contains no information as to how the data described by it should be displayed and no such guidance should be inferred.&#xA; &#xA;This implementation guide does not describe transport or persistence mechanism of the resources described by it."/><copyright value="Copyright &#xA9; 2019 Australian Digital Health Agency - All rights reserved. This content is licensed under a Creative Commons Attribution 4.0 International License. See https://creativecommons.org/licenses/by/4.0/."/><fhirVersion value="3.0.2"/><package id="p1"><name value="PDL"/><resource><extension url="http://hl7.org/fhir/StructureDefinition/implementationguide-page"><valueUri value="StructureDefinition-provenance-list-gen-1.html"/></extension><example value="false"/><name value="provenance-list-gen-1"/><sourceReference><reference value="StructureDefinition/provenance-list-gen-1"/></sourceReference></resource><resource><extension url="http://hl7.org/fhir/StructureDefinition/implementationguide-page"><valueUri value="StructureDefinition-list-pdl-1.html"/></extension><example value="false"/><name value="list-pdl-1"/><sourceReference><reference value="StructureDefinition/list-pdl-1"/></sourceReference></resource><resource><extension url="http://hl7.org/fhir/StructureDefinition/implementationguide-page"><valueUri value="StructureDefinition-relatedperson-dh-base-1.html"/></extension><example value="false"/><name value="relatedperson-dh-base-1"/><description value="The Agency RelatedPerson profile, as derived from the STU3 RelatedPerson resource"/><sourceReference><reference value="StructureDefinition/relatedperson-dh-base-1"/></sourceReference></resource><resource><extension url="http://hl7.org/fhir/StructureDefinition/implementationguide-page"><valueUri value="StructureDefinition-patient-ident-1.html"/></extension><example value="false"/><name value="patient-ident-1"/><sourceReference><reference value="StructureDefinition/patient-ident-1"/></sourceReference></resource><resource><extension url="http://hl7.org/fhir/StructureDefinition/implementationguide-page"><valueUri value="StructureDefinition-practitioner-ident-1.html"/></extension><example value="false"/><name value="patient-ident-1"/><sourceReference><reference value="StructureDefinition/practitioner-ident-1"/></sourceReference></resource><resource><extension url="http://hl7.org/fhir/StructureDefinition/implementationguide-page"><valueUri value="StructureDefinition-practitionerrole-withpractitionerident-1.html"/></extension><example value="false"/><sourceReference><reference value="StructureDefinition/practitionerrole-withpractitionerident-1"/></sourceReference></resource><resource><extension url="http://hl7.org/fhir/StructureDefinition/implementationguide-page"><valueUri value="StructureDefinition-relatedperson-ident-1.html"/></extension><example value="false"/><name value="relatedperson-ident-1"/><sourceReference><reference value="StructureDefinition/relatedperson-ident-1"/></sourceReference></resource><resource><extension url="http://hl7.org/fhir/StructureDefinition/implementationguide-page"><valueUri value="StructureDefinition-device-dh-base-1.html"/></extension><example value="false"/><sourceReference><reference value="StructureDefinition/device-dh-base-1"/></sourceReference></resource><resource><extension url="http://hl7.org/fhir/StructureDefinition/implementationguide-page"><valueUri value="StructureDefinition-device-ident-1.html"/></extension><example value="false"/><sourceReference><reference value="StructureDefinition/device-ident-1"/></sourceReference></resource><resource><extension url="http://hl7.org/fhir/StructureDefinition/implementationguide-page"><valueUri value="StructureDefinition-patient-dh-base-1.html"/></extension><example value="false"/><name value="patient-dh-base-1"/><description value="The Agency Patient profile, as derived from the HL7 AU patient profile."/><sourceReference><reference value="StructureDefinition/patient-dh-base-1"/></sourceReference></resource><resource><extension url="http://hl7.org/fhir/StructureDefinition/implementationguide-page"><valueUri value="StructureDefinition-organization-dh-base-1.html"/></extension><example value="false"/><name value="organization-dh-base-1"/><description value="The Agency Organization profile, as derived from the HL7 AU Organization profile."/><sourceReference><reference value="StructureDefinition/organization-dh-base-1"/></sourceReference></resource><resource><extension url="http://hl7.org/fhir/StructureDefinition/implementationguide-page"><valueUri value="StructureDefinition-practitioner-dh-base-1.html"/></extension><example value="false"/><sourceReference><reference value="StructureDefinition/practitioner-dh-base-1"/></sourceReference></resource><resource><extension url="http://hl7.org/fhir/StructureDefinition/implementationguide-page"><valueUri value="StructureDefinition-humanname-dh-base-1.html"/></extension><example value="false"/><sourceReference><reference value="StructureDefinition/humanname-dh-base-1"/></sourceReference></resource></package><page><source value="index.html"/><title value="Australian Digital Health Agency Prescription and Dispense Lists FHIR Implementation Guide"/><kind value="page"/></page></ImplementationGuide>