<?xml version="1.0" encoding="UTF-8"?><ImplementationGuide xmlns="http://hl7.org/fhir"><id value="implementationguide-prescriptiondispenselists-1"/><text><status value="generated"/><div xmlns="http://www.w3.org/1999/xhtml"><h2>Prescription and Dispense Lists</h2><p>The official URL for this implementation guide is: </p><pre>http://ns.electronichealth.net.au/ci/fhir/3.0/ImplementationGuide/implementationguide-prescriptiondispenselists-1</pre><div><p>This implementation guide is an HL7&#x2122; FHIR&#xAE; specification to represent a Prescription and Dispense Lists (PDL).</p>
<p>The primary aim of this implementation guide is to support implementing PDL in FHIR, Release 3 (STU). The resulting FHIR can be used for the electronic exchange of PDL information between healthcare providers.</p>
<p>This implementation guide is not to be used as a guide to presentation (or rendering) of the data. It contains no information as to how the data described by it should be displayed and no such guidance should be inferred.</p>
<p>This implementation guide does not describe transport or persistence mechanism of the resources described by it.</p>
</div></div></text><url value="http://ns.electronichealth.net.au/ci/fhir/3.0/ImplementationGuide/implementationguide-prescriptiondispenselists-1"/><version value="1.0.0"/><name value="Prescription and Dispense Lists"/><status value="draft"/><experimental value="true"/><date value="2019-08-29T13:58:29+10:00"/><publisher value="Australian Digital Health Agency"/><contact><telecom><system value="email"/><value value="help@digitalhealth.gov.au"/></telecom></contact><description value="This implementation guide is an HL7&#x2122; FHIR&#xAE; specification to represent a Prescription and Dispense Lists (PDL).&#xA; &#xA;The primary aim of this implementation guide is to support implementing PDL in FHIR, Release 3 (STU). The resulting FHIR can be used for the electronic exchange of PDL information between healthcare providers.&#xA; &#xA;This implementation guide is not to be used as a guide to presentation (or rendering) of the data. It contains no information as to how the data described by it should be displayed and no such guidance should be inferred.&#xA; &#xA;This implementation guide does not describe transport or persistence mechanism of the resources described by it."/><copyright value="Copyright &#xA9; 2019 Australian Digital Health Agency - All rights reserved. This content is licensed under a Creative Commons Attribution 4.0 International License. See https://creativecommons.org/licenses/by/4.0/."/><fhirVersion value="3.0.1"/><page><source value="index.html"/><title value="Australian Digital Health Agency Prescription and Dispense Lists FHIR Implementation Guide"/><kind value="page"/></page></ImplementationGuide>