{"resourceType":"ImplementationGuide","id":"implementationguide-advancecarerecords-1","text":{"status":"generated","div":"<div xmlns=\"http://www.w3.org/1999/xhtml\"><h2>Advance Care Records</h2><p>The official URL for this implementation guide is: </p><pre>http://ns.electronichealth.net.au/ci/fhir/3.0/ImplementationGuide/implementationguide-advancecarerecords-1</pre><div><p>This implementation guide is an HL7™ FHIR® specification to represent an advance care record, including Advance Care Planning (ACP) and Advance Care Directive Custodian Record (ACDCR).</p>\n<p>The primary aim of this implementation guide is to support implementing advance care records in FHIR, Release 3 (STU). The resulting FHIR can be used for the electronic exchange of advance care record information between healthcare providers.</p>\n<p>This implementation guide is not to be used as a guide to presentation (or rendering) of the data. It contains no information as to how the data described by it should be displayed and no such guidance should be inferred.</p>\n<p>This implementation guide does not describe transport or persistence mechanism of the resources described by it.</p>\n</div></div>"},"url":"http://ns.electronichealth.net.au/ci/fhir/3.0/ImplementationGuide/implementationguide-advancecarerecords-1","version":"1.0.0","name":"Advance Care Records","status":"draft","experimental":true,"date":"2020-04-09T15:03:31+10:00","publisher":"Australian Digital Health Agency","contact":[{"telecom":[{"system":"email","value":"help@digitalhealth.gov.au"}]}],"description":"This implementation guide is an HL7™ FHIR® specification to represent an advance care record, including Advance Care Planning (ACP) and Advance Care Directive Custodian Record (ACDCR).\n \nThe primary aim of this implementation guide is to support implementing advance care records in FHIR, Release 3 (STU). The resulting FHIR can be used for the electronic exchange of advance care record information between healthcare providers.\n \nThis implementation guide is not to be used as a guide to presentation (or rendering) of the data. It contains no information as to how the data described by it should be displayed and no such guidance should be inferred.\n \nThis implementation guide does not describe transport or persistence mechanism of the resources described by it.","copyright":"Copyright © 2019 Australian Digital Health Agency - All rights reserved. This content is licensed under a Creative Commons Attribution 4.0 International License. See https://creativecommons.org/licenses/by/4.0/.","fhirVersion":"3.0.2","dependency":[{"extension":[{"url":"http://hl7.org/fhir/4.0/StructureDefinition/extension-ImplementationGuide.dependsOn.packageId","valueId":"hl7.fhir.au.base"},{"url":"http://hl7.org/fhir/4.0/StructureDefinition/extension-ImplementationGuide.dependsOn.version","valueString":"1.1.1"}],"type":"reference","uri":"http://hl7.org.au/fhir"}],"package":[{"id":"p1","name":"ACR","resource":[{"extension":[{"url":"http://hl7.org/fhir/StructureDefinition/implementationguide-page","valueUri":"StructureDefinition-composition-acp-1.html"}],"example":false,"name":"composition-acp-1","description":"The purpose of this profile is to define a representation of an Advance Care Planning document that includes an attached Advance Care Plan for a patient in an Australian healthcare context.","sourceReference":{"reference":"StructureDefinition/composition-acp-1"}},{"extension":[{"url":"http://hl7.org/fhir/StructureDefinition/implementationguide-page","valueUri":"StructureDefinition-documentreference-acp-1.html"}],"example":false,"name":"documentreference-acp-1","description":"The purpose of this profile is to define a representation of a document reference of an attached Advance Care Plan for a patient in an Australian healthcare context.","sourceReference":{"reference":"StructureDefinition/documentreference-acp-1"}},{"extension":[{"url":"http://hl7.org/fhir/StructureDefinition/implementationguide-page","valueUri":"StructureDefinition-composition-acdcr-1.html"}],"example":false,"name":"composition-acdcr-1","description":"The purpose of this profile is to define a representation of a document (Advance Care Directive Custodian Record) that includes one or more custodian details for a patient's advance care directive in an Australian healthcare context.","sourceReference":{"reference":"StructureDefinition/composition-acdcr-1"}},{"extension":[{"url":"http://hl7.org/fhir/StructureDefinition/implementationguide-page","valueUri":"StructureDefinition-patient-dh-base-1.html"}],"example":false,"name":"patient-dh-base-1","description":"The Agency Patient profile, as derived from the HL7 AU patient profile.","sourceReference":{"reference":"StructureDefinition/patient-dh-base-1"}},{"extension":[{"url":"http://hl7.org/fhir/StructureDefinition/implementationguide-page","valueUri":"StructureDefinition-patient-ident-1.html"}],"example":false,"name":"patient-ident-1","description":"The Agency Patient profile, as derived from the HL7 AU patient profile with mandatory identifier.","sourceReference":{"reference":"StructureDefinition/patient-ident-1"}},{"extension":[{"url":"http://hl7.org/fhir/StructureDefinition/implementationguide-page","valueUri":"StructureDefinition-patient-mhr-1.html"}],"example":false,"name":"patient-mhr-1","sourceReference":{"reference":"StructureDefinition/patient-mhr-1"}},{"extension":[{"url":"http://hl7.org/fhir/StructureDefinition/implementationguide-page","valueUri":"StructureDefinition-relatedperson-dh-base-1.html"}],"example":false,"name":"relatedperson-dh-base-1","description":"The Agency RelatedPerson profile, as derived from the STU3 RelatedPerson resource.","sourceReference":{"reference":"StructureDefinition/relatedperson-dh-base-1"}},{"extension":[{"url":"http://hl7.org/fhir/StructureDefinition/implementationguide-page","valueUri":"StructureDefinition-relatedperson-ident-1.html"}],"example":false,"name":"relatedperson-ident-1","description":"The Agency RelatedPerson profile, as derived from the STU3 RelatedPerson resource with a mandatory identifier.","sourceReference":{"reference":"StructureDefinition/relatedperson-ident-1"}},{"extension":[{"url":"http://hl7.org/fhir/StructureDefinition/implementationguide-page","valueUri":"StructureDefinition-organization-dh-base-1.html"}],"example":false,"name":"organization-dh-base-1","description":"The Agency Organization profile, as derived from the HL7 AU Organization profile.","sourceReference":{"reference":"StructureDefinition/organization-dh-base-1"}},{"extension":[{"url":"http://hl7.org/fhir/StructureDefinition/implementationguide-page","valueUri":"StructureDefinition-organization-ident-1.html"}],"example":false,"name":"organization-ident-1","description":"The Agency Organization profile, as derived from the HL7 AU Organization profile with a mandatory identifier.","sourceReference":{"reference":"StructureDefinition/organization-ident-1"}},{"extension":[{"url":"http://hl7.org/fhir/StructureDefinition/implementationguide-page","valueUri":"StructureDefinition-practitioner-dh-base-1.html"}],"example":false,"name":"practitioner-dh-base-1","description":"The Agency Practitioner profile, as derived from the HL7 AU Practitioner profile.","sourceReference":{"reference":"StructureDefinition/practitioner-dh-base-1"}},{"extension":[{"url":"http://hl7.org/fhir/StructureDefinition/implementationguide-page","valueUri":"StructureDefinition-practitioner-ident-1.html"}],"example":false,"name":"practitioner-ident-1","description":"The Agency Practitioner profile, as derived from the HL7 AU Practitioner profile with a mandatory identifier.","sourceReference":{"reference":"StructureDefinition/practitioner-ident-1"}},{"extension":[{"url":"http://hl7.org/fhir/StructureDefinition/implementationguide-page","valueUri":"StructureDefinition-practitionerrole-dh-base-1.html"}],"example":false,"name":"practitionerrole-dh-base-1","description":"The Agency Practitioner Role profile, as derived from the HL7 AU PractitionerRole profile.","sourceReference":{"reference":"StructureDefinition/practitionerrole-dh-base-1"}},{"extension":[{"url":"http://hl7.org/fhir/StructureDefinition/implementationguide-page","valueUri":"StructureDefinition-practitionerrole-withpractitionerident-1.html"}],"example":false,"name":"practitionerrole-withpractitionerident-1","description":"The Agency Practitioner Role profile, as derived from the HL7 AU PractitionerRole profile with a mandatory identifier.","sourceReference":{"reference":"StructureDefinition/practitionerrole-withpractitionerident-1"}},{"extension":[{"url":"http://hl7.org/fhir/StructureDefinition/implementationguide-page","valueUri":"StructureDefinition-humanname-dh-base-1.html"}],"example":false,"name":"humanname-dh-base-1","description":"The Agency Human Name profile of the [HumanName](http://hl7.org/fhir/stu3/datatypes.html#HumanName) data type.","sourceReference":{"reference":"StructureDefinition/humanname-dh-base-1"}},{"extension":[{"url":"http://hl7.org/fhir/StructureDefinition/implementationguide-page","valueUri":"Composition-1840e786-bbd7-4abe-af3e-aa6e7f74c3f2.html"}],"example":true,"name":"ACP example 1","description":"ACP example 1 (contained)","sourceReference":{"reference":"Composition/1840e786-bbd7-4abe-af3e-aa6e7f74c3f2"}},{"extension":[{"url":"http://hl7.org/fhir/StructureDefinition/implementationguide-page","valueUri":"Composition-28bbf331-07d0-44a4-9d0b-927e83f483ec.html"}],"example":true,"name":"ACP example 2","description":"ACP example 2 (contained)","sourceReference":{"reference":"Composition/28bbf331-07d0-44a4-9d0b-927e83f483ec"}},{"extension":[{"url":"http://hl7.org/fhir/StructureDefinition/implementationguide-page","valueUri":"Composition-3354a586-67ce-4038-bc62-9d226cac0d83.html"}],"example":true,"name":"ACP example 3","description":"ACP example 3 (contained)","sourceReference":{"reference":"Composition/3354a586-67ce-4038-bc62-9d226cac0d83"}},{"extension":[{"url":"http://hl7.org/fhir/StructureDefinition/implementationguide-page","valueUri":"Composition-e24d5c0b-77ae-4f57-b03d-b558c1e1eee3.html"}],"example":true,"name":"ACP example 1 (referenced)","description":"ACP example 1 (referenced)","sourceReference":{"reference":"Composition/e24d5c0b-77ae-4f57-b03d-b558c1e1eee3"}},{"extension":[{"url":"http://hl7.org/fhir/StructureDefinition/implementationguide-page","valueUri":"Composition-802b0d9e-579a-4112-a032-72bcf7c3b9e6.html"}],"example":true,"name":"ACP example 2 (referenced)","description":"ACP example 2 (referenced)","sourceReference":{"reference":"Composition/802b0d9e-579a-4112-a032-72bcf7c3b9e6"}},{"extension":[{"url":"http://hl7.org/fhir/StructureDefinition/implementationguide-page","valueUri":"Composition-b482beb3-5b73-4dd1-abfc-74fdd77bb297.html"}],"example":true,"name":"ACP example 3 (referenced)","description":"ACP example 3 (referenced)","sourceReference":{"reference":"Composition/b482beb3-5b73-4dd1-abfc-74fdd77bb297"}},{"extension":[{"url":"http://hl7.org/fhir/StructureDefinition/implementationguide-page","valueUri":"DocumentReference-aff0d4ad-15c3-4521-aaff-24371491b531.html"}],"example":true,"name":"DocumentReference example 1","description":"DocumentReference example 1","sourceReference":{"reference":"DocumentReference/aff0d4ad-15c3-4521-aaff-24371491b531"}},{"extension":[{"url":"http://hl7.org/fhir/StructureDefinition/implementationguide-page","valueUri":"DocumentReference-e8b72e23-65c3-4cef-b91a-aba0bd307f5c.html"}],"example":true,"name":"DocumentReference example 2","description":"DocumentReference example 2","sourceReference":{"reference":"DocumentReference/e8b72e23-65c3-4cef-b91a-aba0bd307f5c"}},{"extension":[{"url":"http://hl7.org/fhir/StructureDefinition/implementationguide-page","valueUri":"DocumentReference-fc7889ef-477b-45d2-9b76-968ecff5940b.html"}],"example":true,"name":"DocumentReference example 3","description":"DocumentReference example 3","sourceReference":{"reference":"DocumentReference/fc7889ef-477b-45d2-9b76-968ecff5940b"}},{"extension":[{"url":"http://hl7.org/fhir/StructureDefinition/implementationguide-page","valueUri":"Organization-0b27b9e9-50fb-4975-9e60-d053e461828.html"}],"example":true,"name":"Organization example 1","description":"Organization example 1","sourceReference":{"reference":"Organization/0b27b9e9-50fb-4975-9e60-d053e461828"}},{"extension":[{"url":"http://hl7.org/fhir/StructureDefinition/implementationguide-page","valueUri":"Organization-1d224e6d-9d2b-48ad-9f75-2bbde3c5dd63.html"}],"example":true,"name":"Organization example 2","description":"Organization example 2","sourceReference":{"reference":"Organization/1d224e6d-9d2b-48ad-9f75-2bbde3c5dd63"}},{"extension":[{"url":"http://hl7.org/fhir/StructureDefinition/implementationguide-page","valueUri":"Organization-3192b0cd-3a67-4cb5-b7d8-198057ba8b67.html"}],"example":true,"name":"Organization example 3","description":"Organization example 3","sourceReference":{"reference":"Organization/3192b0cd-3a67-4cb5-b7d8-198057ba8b67"}},{"extension":[{"url":"http://hl7.org/fhir/StructureDefinition/implementationguide-page","valueUri":"Patient-137f2770-8a52-48c8-98c0-790a29645a1a.html"}],"example":true,"name":"Patient example 1","description":"Patient example 1","sourceReference":{"reference":"Patient/137f2770-8a52-48c8-98c0-790a29645a1a"}},{"extension":[{"url":"http://hl7.org/fhir/StructureDefinition/implementationguide-page","valueUri":"Patient-7817adef-177a-464c-b56e-27ffc0af4606.html"}],"example":true,"name":"Patient example 2","description":"Patient example 2","sourceReference":{"reference":"Patient/7817adef-177a-464c-b56e-27ffc0af4606"}},{"extension":[{"url":"http://hl7.org/fhir/StructureDefinition/implementationguide-page","valueUri":"Patient-f9459ed3-d7ba-406f-83a1-71ed8a8ee3f8.html"}],"example":true,"name":"Patient example 3","description":"Patient example 3","sourceReference":{"reference":"Patient/f9459ed3-d7ba-406f-83a1-71ed8a8ee3f8"}},{"extension":[{"url":"http://hl7.org/fhir/StructureDefinition/implementationguide-page","valueUri":"Practitioner-4af51762-11cd-4bd6-8212-d6b1dc85696e.html"}],"example":true,"name":"Practitioner example 1","description":"Practitioner example 1","sourceReference":{"reference":"Practitioner/4af51762-11cd-4bd6-8212-d6b1dc85696e"}},{"extension":[{"url":"http://hl7.org/fhir/StructureDefinition/implementationguide-page","valueUri":"Practitioner-e75140ff-3476-4efb-b508-20aa6c6fbc77.html"}],"example":true,"name":"Practitioner example 2","description":"Practitioner example 2","sourceReference":{"reference":"Practitioner/e75140ff-3476-4efb-b508-20aa6c6fbc77"}},{"extension":[{"url":"http://hl7.org/fhir/StructureDefinition/implementationguide-page","valueUri":"PractitionerRole-459a5ae6-ee37-4151-9dfd-e8094c4a23b8.html"}],"example":true,"name":"Practitioner Role example 1","description":"Practitioner Role example 1","sourceReference":{"reference":"PractitionerRole/459a5ae6-ee37-4151-9dfd-e8094c4a23b8"}},{"extension":[{"url":"http://hl7.org/fhir/StructureDefinition/implementationguide-page","valueUri":"PractitionerRole-cb9d944f-1b75-4603-b63a-167460882287.html"}],"example":true,"name":"Practitioner Role example 2","description":"Practitioner Role example 2","sourceReference":{"reference":"PractitionerRole/cb9d944f-1b75-4603-b63a-167460882287"}}]}],"page":{"source":"index.html","title":"Australian Digital Health Agency Advance Care Records FHIR Implementation Guide","kind":"page"}}