<?xml version="1.0" encoding="UTF-8"?>

<Composition xmlns="http://hl7.org/fhir">
  <id value="df1704af-2bf5-4145-9d8c-c889dbc6e017"/>
  <meta>
    <profile value="http://ns.electronichealth.net.au/ci/fhir/3.0/StructureDefinition/composition-phs-1"/>
  </meta>
  <language value="en-AU"/>
  <text>
    <status value="additional"/><div xmlns="http://www.w3.org/1999/xhtml" lang="en-AU">
      <p><b>id</b>: df1704af-2bf5-4145-9d8c-c889dbc6e017</p>
      <p><b>language</b>: en-AU</p>
      <p><b>status</b>: final</p>
      <p><b>type</b>: Personal Health Summary <span style="background: LightGoldenRodYellow">(Details : {https://healthterminologies.gov.au/fhir/CodeSystem/nctis-data-components-1
          code '100.16685' = '100.16685', given as 'Personal Health Summary'})</span></p>
      <p><b>subject</b>: IHI = 8003608666701594; gender = male</p>
      <p><b>date</b>: 01/12/2018 9:00:15 AM</p>
      <p><b>author</b>: related person name: Bob Thavaprasagnam; IHI = 8003608000024083;
        relationship = Guardian</p>
      <p><b>title</b>: Personal Health Summary</p>
      <p><b>custodian</b>: ABN: 20073665175</p>
    </div>
  </text>
  <status value="final"/>
  <type>
    <coding>
      <system value="https://healthterminologies.gov.au/fhir/CodeSystem/nctis-data-components-1"/>
      <code value="100.16685"/>
      <display value="Personal Health Summary"/>
    </coding>
  </type>
  <subject>
    <reference value="Patient/7d10b711-cded-4339-a2fd-ef69e7ba7847"/>
  </subject>
  <date value="2018-12-01T09:00:15+10:00"/>
  <author>
    <reference value="RelatedPerson/6870bc44-97a1-4523-8d98-fc1ee640ea70"/>
  </author>
  <title value="Personal Health Summary"/>
  <custodian>
    <reference value="Organization/ba0bcc13-248e-4d64-a4b8-a8aa2bd9cb7c"/>
  </custodian>
  <section>
    <title value="Current Medications"/>
    <code>
      <coding>
        <system value="https://healthterminologies.gov.au/fhir/CodeSystem/nctis-data-components-1"/>
        <code value="101.32009"/>
        <display value="Current Medicine"/>
      </coding>
    </code>
    <text>
      <status value="additional"/><div xmlns="http://www.w3.org/1999/xhtml">
        <p>None</p>
      </div>
    </text>
    <entry>
      <reference value="Observation/4e6c2639-370b-43cd-85db-91bf85da2b22"/>
    </entry>
  </section>
  <section>
    <title value="Allergies and Adverse Reactions"/>
    <code>
      <coding>
        <system value="http://loinc.org"/>
        <code value="48765-2"/>
        <display value="Allergies and adverse reactions Document"/>
      </coding>
    </code>
    <text>
      <status value="additional"/><div xmlns="http://www.w3.org/1999/xhtml">
        <p>None</p>
      </div>
    </text>
    <entry>
      <reference value="AllergyIntolerance/90dfca31-664f-44e7-909a-905058a255fc"/>
    </entry>
  </section>
</Composition>