{
  "resourceType": "ImplementationGuide",
  "id": "implementationguide-personalhealthrecords-1",
  "text": {
    "status": "generated",
    "div": "<div xmlns=\"http://www.w3.org/1999/xhtml\"><h2>Personal Health Records</h2><p>The official URL for this implementation guide is: </p><pre>http://ns.electronichealth.net.au/ci/fhir/3.0/ImplementationGuide/implementationguide-personalhealthrecords-1</pre><div><p>This implementation guide is an HL7™ FHIR® specification to represent a personal health record, including Personal Health Notes (PHN) and Personal Health Summary (PHS).</p>\n<p>The primary aim of this implementation guide is to support implementing personal health records in FHIR, Release 3 (STU). The resulting FHIR can be used for the electronic exchange of personal health record information between healthcare providers.</p>\n<p>This implementation guide is not to be used as a guide to presentation (or rendering) of the data. It contains no information as to how the data described by it should be displayed and no such guidance should be inferred.</p>\n<p>This implementation guide does not describe transport or persistence mechanism of the resources described by it.</p>\n</div></div>"
  },
  "url": "http://ns.electronichealth.net.au/ci/fhir/3.0/ImplementationGuide/implementationguide-personalhealthrecords-1",
  "version": "1.0.0",
  "name": "Personal Health Records",
  "status": "draft",
  "experimental": true,
  "date": "2019-12-06T11:56:24+10:00",
  "publisher": "Australian Digital Health Agency",
  "contact": [
    {
      "telecom": [
        {
          "system": "email",
          "value": "help@digitalhealth.gov.au"
        }
      ]
    }
  ],
  "description": "This implementation guide is an HL7™ FHIR® specification to represent a personal health record, including Personal Health Notes (PHN) and Personal Health Summary (PHS).\n \nThe primary aim of this implementation guide is to support implementing personal health records in FHIR, Release 3 (STU). The resulting FHIR can be used for the electronic exchange of personal health record information between healthcare providers.\n \nThis implementation guide is not to be used as a guide to presentation (or rendering) of the data. It contains no information as to how the data described by it should be displayed and no such guidance should be inferred.\n \nThis implementation guide does not describe transport or persistence mechanism of the resources described by it.",
  "copyright": "Copyright © 2019 Australian Digital Health Agency - All rights reserved. This content is licensed under a Creative Commons Attribution 4.0 International License. See https://creativecommons.org/licenses/by/4.0/.",
  "fhirVersion": "3.0.2",
  "package": [
    {
      "id": "p1",
      "name": "PHR",
      "resource": [
        {
          "extension": [
            {
              "url": "http://hl7.org/fhir/tools/StructureDefinition/resource-information",
              "valueString": "StructureDefinition:resource"
            },
            {
              "url": "http://hl7.org/fhir/StructureDefinition/implementationguide-page",
              "valueUri": "StructureDefinition-composition-docheader-cei-1.html"
            }
          ],
          "example": false,
          "name": "Composition profile: Consumer Entered Information Document Header",
          "sourceReference": {
            "reference": "StructureDefinition/composition-docheader-cei-1"
          }
        },
        {
          "extension": [
            {
              "url": "http://hl7.org/fhir/tools/StructureDefinition/resource-information",
              "valueString": "StructureDefinition:resource"
            },
            {
              "url": "http://hl7.org/fhir/StructureDefinition/implementationguide-page",
              "valueUri": "StructureDefinition-composition-phn-1.html"
            }
          ],
          "example": false,
          "name": "Composition profile: Personal Health Notes",
          "sourceReference": {
            "reference": "StructureDefinition/composition-phn-1"
          }
        },
        {
          "extension": [
            {
              "url": "http://hl7.org/fhir/tools/StructureDefinition/resource-information",
              "valueString": "StructureDefinition:resource"
            },
            {
              "url": "http://hl7.org/fhir/StructureDefinition/implementationguide-page",
              "valueUri": "StructureDefinition-composition-phs-1.html"
            }
          ],
          "example": false,
          "name": "Composition profile: Personal Health Summary",
          "sourceReference": {
            "reference": "StructureDefinition/composition-phs-1"
          }
        },
        {
          "extension": [
            {
              "url": "http://hl7.org/fhir/tools/StructureDefinition/resource-information",
              "valueString": "StructureDefinition:resource"
            },
            {
              "url": "http://hl7.org/fhir/StructureDefinition/implementationguide-page",
              "valueUri": "StructureDefinition-patient-dh-base-1.html"
            }
          ],
          "example": false,
          "name": "patient-dh-base-1",
          "description": "The Agency Patient profile, as derived from the HL7 AU patient profile.",
          "sourceReference": {
            "reference": "StructureDefinition/patient-dh-base-1"
          }
        },
        {
          "extension": [
            {
              "url": "http://hl7.org/fhir/tools/StructureDefinition/resource-information",
              "valueString": "StructureDefinition:resource"
            },
            {
              "url": "http://hl7.org/fhir/StructureDefinition/implementationguide-page",
              "valueUri": "StructureDefinition-patient-ident-1.html"
            }
          ],
          "example": false,
          "name": "patient-ident-1",
          "sourceReference": {
            "reference": "StructureDefinition/patient-ident-1"
          }
        },
        {
          "extension": [
            {
              "url": "http://hl7.org/fhir/tools/StructureDefinition/resource-information",
              "valueString": "StructureDefinition:resource"
            },
            {
              "url": "http://hl7.org/fhir/StructureDefinition/implementationguide-page",
              "valueUri": "StructureDefinition-patient-ihi-1.html"
            }
          ],
          "example": false,
          "name": "patient-ihi-1",
          "sourceReference": {
            "reference": "StructureDefinition/patient-ihi-1"
          }
        },
        {
          "extension": [
            {
              "url": "http://hl7.org/fhir/tools/StructureDefinition/resource-information",
              "valueString": "StructureDefinition:resource"
            },
            {
              "url": "http://hl7.org/fhir/StructureDefinition/implementationguide-page",
              "valueUri": "StructureDefinition-relatedperson-dh-base-1.html"
            }
          ],
          "example": false,
          "name": "relatedperson-dh-base-1",
          "description": "The Agency RelatedPerson profile, as derived from the STU3 RelatedPerson resource",
          "sourceReference": {
            "reference": "StructureDefinition/relatedperson-dh-base-1"
          }
        },
        {
          "extension": [
            {
              "url": "http://hl7.org/fhir/tools/StructureDefinition/resource-information",
              "valueString": "StructureDefinition:resource"
            },
            {
              "url": "http://hl7.org/fhir/StructureDefinition/implementationguide-page",
              "valueUri": "StructureDefinition-relatedperson-ihi-1.html"
            }
          ],
          "example": false,
          "name": "relatedperson-ihi-1",
          "description": "The Agency RelatedPerson profile, as derived from the STU3 RelatedPerson resource",
          "sourceReference": {
            "reference": "StructureDefinition/relatedperson-ihi-1"
          }
        },
        {
          "extension": [
            {
              "url": "http://hl7.org/fhir/tools/StructureDefinition/resource-information",
              "valueString": "StructureDefinition:resource"
            },
            {
              "url": "http://hl7.org/fhir/StructureDefinition/implementationguide-page",
              "valueUri": "StructureDefinition-organization-dh-base-1.html"
            }
          ],
          "example": false,
          "name": "organization-dh-base-1",
          "description": "The Agency Organization profile, as derived from the HL7 AU Organization profile.",
          "sourceReference": {
            "reference": "StructureDefinition/organization-dh-base-1"
          }
        },
        {
          "extension": [
            {
              "url": "http://hl7.org/fhir/tools/StructureDefinition/resource-information",
              "valueString": "StructureDefinition:resource"
            },
            {
              "url": "http://hl7.org/fhir/StructureDefinition/implementationguide-page",
              "valueUri": "StructureDefinition-organization-ident-1.html"
            }
          ],
          "example": false,
          "name": "organization-ident-1",
          "description": "The Agency Organization profile, as derived from the HL7 AU Organization profile.",
          "sourceReference": {
            "reference": "StructureDefinition/organization-ident-1"
          }
        },
        {
          "extension": [
            {
              "url": "http://hl7.org/fhir/tools/StructureDefinition/resource-information",
              "valueString": "StructureDefinition:resource"
            },
            {
              "url": "http://hl7.org/fhir/StructureDefinition/implementationguide-page",
              "valueUri": "StructureDefinition-practitioner-dh-base-1.html"
            }
          ],
          "example": false,
          "sourceReference": {
            "reference": "StructureDefinition/practitioner-dh-base-1"
          }
        },
        {
          "extension": [
            {
              "url": "http://hl7.org/fhir/tools/StructureDefinition/resource-information",
              "valueString": "StructureDefinition:resource"
            },
            {
              "url": "http://hl7.org/fhir/StructureDefinition/implementationguide-page",
              "valueUri": "StructureDefinition-medicationstatement-summary-1.html"
            }
          ],
          "example": false,
          "name": "medicationstatement-summary-1",
          "sourceReference": {
            "reference": "StructureDefinition/medicationstatement-summary-1"
          }
        },
        {
          "extension": [
            {
              "url": "http://hl7.org/fhir/tools/StructureDefinition/resource-information",
              "valueString": "StructureDefinition:resource"
            },
            {
              "url": "http://hl7.org/fhir/StructureDefinition/implementationguide-page",
              "valueUri": "StructureDefinition-allergyintolerance-summary-1.html"
            }
          ],
          "example": false,
          "name": "allergyintolerance-summary-1",
          "sourceReference": {
            "reference": "StructureDefinition/allergyintolerance-summary-1"
          }
        },
        {
          "extension": [
            {
              "url": "http://hl7.org/fhir/tools/StructureDefinition/resource-information",
              "valueString": "StructureDefinition:resource"
            },
            {
              "url": "http://hl7.org/fhir/StructureDefinition/implementationguide-page",
              "valueUri": "StructureDefinition-observation-norelevantfinding-1.html"
            }
          ],
          "example": false,
          "name": "observation-norelevantfinding-1",
          "sourceReference": {
            "reference": "StructureDefinition/observation-norelevantfinding-1"
          }
        },
        {
          "extension": [
            {
              "url": "http://hl7.org/fhir/tools/StructureDefinition/resource-information",
              "valueString": "StructureDefinition:complex-type"
            },
            {
              "url": "http://hl7.org/fhir/StructureDefinition/implementationguide-page",
              "valueUri": "StructureDefinition-humanname-dh-base-1.html"
            }
          ],
          "example": false,
          "sourceReference": {
            "reference": "StructureDefinition/humanname-dh-base-1"
          }
        },
        {
          "extension": [
            {
              "url": "http://hl7.org/fhir/tools/StructureDefinition/resource-information",
              "valueString": "Composition"
            },
            {
              "url": "http://hl7.org/fhir/StructureDefinition/implementationguide-page",
              "valueUri": "Composition-0b4e2b56-70c9-4c79-ba4f-a7596a9feefa.html"
            }
          ],
          "example": true,
          "name": "Personal Health Notes contained example 1",
          "sourceReference": {
            "reference": "Composition/0b4e2b56-70c9-4c79-ba4f-a7596a9feefa"
          }
        },
        {
          "extension": [
            {
              "url": "http://hl7.org/fhir/tools/StructureDefinition/resource-information",
              "valueString": "Composition"
            },
            {
              "url": "http://hl7.org/fhir/StructureDefinition/implementationguide-page",
              "valueUri": "Composition-d42fb301-f2ad-4468-9f21-a98316c0ef52.html"
            }
          ],
          "example": true,
          "name": "Personal Health Notes referenced example 1",
          "sourceReference": {
            "reference": "Composition/d42fb301-f2ad-4468-9f21-a98316c0ef52"
          }
        },
        {
          "extension": [
            {
              "url": "http://hl7.org/fhir/tools/StructureDefinition/resource-information",
              "valueString": "Composition"
            },
            {
              "url": "http://hl7.org/fhir/StructureDefinition/implementationguide-page",
              "valueUri": "Composition-cb2708f5-b42d-47bc-97cf-5fc66e875f51.html"
            }
          ],
          "example": true,
          "name": "Personal Health Notes contained example 2",
          "sourceReference": {
            "reference": "Composition/cb2708f5-b42d-47bc-97cf-5fc66e875f51"
          }
        },
        {
          "extension": [
            {
              "url": "http://hl7.org/fhir/tools/StructureDefinition/resource-information",
              "valueString": "Composition"
            },
            {
              "url": "http://hl7.org/fhir/StructureDefinition/implementationguide-page",
              "valueUri": "Composition-7530a318-0afd-4c75-a6f8-5bbecef17beb.html"
            }
          ],
          "example": true,
          "name": "Personal Health Notes referenced example 2",
          "sourceReference": {
            "reference": "Composition/7530a318-0afd-4c75-a6f8-5bbecef17beb"
          }
        },
        {
          "extension": [
            {
              "url": "http://hl7.org/fhir/tools/StructureDefinition/resource-information",
              "valueString": "Composition"
            },
            {
              "url": "http://hl7.org/fhir/StructureDefinition/implementationguide-page",
              "valueUri": "Composition-426e957a-3c4c-4780-98f3-8339cc1e6f7c.html"
            }
          ],
          "example": true,
          "name": "Personal Health Summary contained example 1",
          "sourceReference": {
            "reference": "Composition/426e957a-3c4c-4780-98f3-8339cc1e6f7c"
          }
        },
        {
          "extension": [
            {
              "url": "http://hl7.org/fhir/tools/StructureDefinition/resource-information",
              "valueString": "Composition"
            },
            {
              "url": "http://hl7.org/fhir/StructureDefinition/implementationguide-page",
              "valueUri": "Composition-dc32838b-faf3-4102-9c78-27186ac32e20.html"
            }
          ],
          "example": true,
          "name": "Personal Health Summary contained example 2",
          "sourceReference": {
            "reference": "Composition/dc32838b-faf3-4102-9c78-27186ac32e20"
          }
        },
        {
          "extension": [
            {
              "url": "http://hl7.org/fhir/tools/StructureDefinition/resource-information",
              "valueString": "Composition"
            },
            {
              "url": "http://hl7.org/fhir/StructureDefinition/implementationguide-page",
              "valueUri": "Composition-fb584f29-e4cc-4f55-ba2e-7bdf03c7a5ee.html"
            }
          ],
          "example": true,
          "name": "Personal Health Summary contained example 3",
          "sourceReference": {
            "reference": "Composition/fb584f29-e4cc-4f55-ba2e-7bdf03c7a5ee"
          }
        },
        {
          "extension": [
            {
              "url": "http://hl7.org/fhir/tools/StructureDefinition/resource-information",
              "valueString": "Composition"
            },
            {
              "url": "http://hl7.org/fhir/StructureDefinition/implementationguide-page",
              "valueUri": "Composition-340fcbec-f501-4582-9be1-4627618119e3.html"
            }
          ],
          "example": true,
          "name": "Personal Health Summary contained example 4",
          "sourceReference": {
            "reference": "Composition/340fcbec-f501-4582-9be1-4627618119e3"
          }
        },
        {
          "extension": [
            {
              "url": "http://hl7.org/fhir/tools/StructureDefinition/resource-information",
              "valueString": "Composition"
            },
            {
              "url": "http://hl7.org/fhir/StructureDefinition/implementationguide-page",
              "valueUri": "Composition-28d02fcf-6b64-49c1-8870-6533059b8129.html"
            }
          ],
          "example": true,
          "name": "Personal Health Summary contained example 5",
          "sourceReference": {
            "reference": "Composition/28d02fcf-6b64-49c1-8870-6533059b8129"
          }
        },
        {
          "extension": [
            {
              "url": "http://hl7.org/fhir/tools/StructureDefinition/resource-information",
              "valueString": "Composition"
            },
            {
              "url": "http://hl7.org/fhir/StructureDefinition/implementationguide-page",
              "valueUri": "Composition-4ca58170-e639-4f6f-a5f8-f874aae9d301.html"
            }
          ],
          "example": true,
          "name": "Personal Health Summary referenced example 1",
          "sourceReference": {
            "reference": "Composition/4ca58170-e639-4f6f-a5f8-f874aae9d301"
          }
        },
        {
          "extension": [
            {
              "url": "http://hl7.org/fhir/tools/StructureDefinition/resource-information",
              "valueString": "Composition"
            },
            {
              "url": "http://hl7.org/fhir/StructureDefinition/implementationguide-page",
              "valueUri": "Composition-df1704af-2bf5-4145-9d8c-c889dbc6e017.html"
            }
          ],
          "example": true,
          "name": "Personal Health Summary referenced  example 2",
          "sourceReference": {
            "reference": "Composition/df1704af-2bf5-4145-9d8c-c889dbc6e017"
          }
        },
        {
          "extension": [
            {
              "url": "http://hl7.org/fhir/tools/StructureDefinition/resource-information",
              "valueString": "Composition"
            },
            {
              "url": "http://hl7.org/fhir/StructureDefinition/implementationguide-page",
              "valueUri": "Composition-6e0cd20c-7fae-4ed5-bb03-8a54cb81e566.html"
            }
          ],
          "example": true,
          "name": "Personal Health Summary referenced example 3",
          "sourceReference": {
            "reference": "Composition/6e0cd20c-7fae-4ed5-bb03-8a54cb81e566"
          }
        },
        {
          "extension": [
            {
              "url": "http://hl7.org/fhir/tools/StructureDefinition/resource-information",
              "valueString": "Composition"
            },
            {
              "url": "http://hl7.org/fhir/StructureDefinition/implementationguide-page",
              "valueUri": "Composition-c81d18da-3b3a-457d-a682-b31619cb8c00.html"
            }
          ],
          "example": true,
          "name": "Personal Health Summary referenced example 4",
          "sourceReference": {
            "reference": "Composition/c81d18da-3b3a-457d-a682-b31619cb8c00"
          }
        },
        {
          "extension": [
            {
              "url": "http://hl7.org/fhir/tools/StructureDefinition/resource-information",
              "valueString": "Composition"
            },
            {
              "url": "http://hl7.org/fhir/StructureDefinition/implementationguide-page",
              "valueUri": "Composition-2b40ee01-6ebc-4c54-ab48-50b21b4cf499.html"
            }
          ],
          "example": true,
          "name": "Personal Health Summary referenced example 5",
          "sourceReference": {
            "reference": "Composition/2b40ee01-6ebc-4c54-ab48-50b21b4cf499"
          }
        },
        {
          "extension": [
            {
              "url": "http://hl7.org/fhir/tools/StructureDefinition/resource-information",
              "valueString": "Patient"
            },
            {
              "url": "http://hl7.org/fhir/StructureDefinition/implementationguide-page",
              "valueUri": "Patient-5440dd6d-154e-44ef-881b-19caa274b6c4.html"
            }
          ],
          "example": true,
          "name": "Patient example 1",
          "sourceReference": {
            "reference": "Patient/5440dd6d-154e-44ef-881b-19caa274b6c4"
          }
        },
        {
          "extension": [
            {
              "url": "http://hl7.org/fhir/tools/StructureDefinition/resource-information",
              "valueString": "Patient"
            },
            {
              "url": "http://hl7.org/fhir/StructureDefinition/implementationguide-page",
              "valueUri": "Patient-7d10b711-cded-4339-a2fd-ef69e7ba7847.html"
            }
          ],
          "example": true,
          "name": "Patient example 2",
          "sourceReference": {
            "reference": "Patient/7d10b711-cded-4339-a2fd-ef69e7ba7847"
          }
        },
        {
          "extension": [
            {
              "url": "http://hl7.org/fhir/tools/StructureDefinition/resource-information",
              "valueString": "Patient"
            },
            {
              "url": "http://hl7.org/fhir/StructureDefinition/implementationguide-page",
              "valueUri": "Patient-82ea927e-9e84-4b65-ba04-baade2b93137.html"
            }
          ],
          "example": true,
          "name": "Patient example 3",
          "sourceReference": {
            "reference": "Patient/82ea927e-9e84-4b65-ba04-baade2b93137"
          }
        },
        {
          "extension": [
            {
              "url": "http://hl7.org/fhir/tools/StructureDefinition/resource-information",
              "valueString": "Patient"
            },
            {
              "url": "http://hl7.org/fhir/StructureDefinition/implementationguide-page",
              "valueUri": "Patient-bb0c7f35-bdd2-4ed4-96a3-3b96be96b7f6.html"
            }
          ],
          "example": true,
          "name": "Patient example 4",
          "sourceReference": {
            "reference": "Patient/bb0c7f35-bdd2-4ed4-96a3-3b96be96b7f6"
          }
        },
        {
          "extension": [
            {
              "url": "http://hl7.org/fhir/tools/StructureDefinition/resource-information",
              "valueString": "Patient"
            },
            {
              "url": "http://hl7.org/fhir/StructureDefinition/implementationguide-page",
              "valueUri": "Patient-47aa2cc5-5f17-44b5-9360-9e9df03973a6.html"
            }
          ],
          "example": true,
          "name": "Patient example 5",
          "sourceReference": {
            "reference": "Patient/47aa2cc5-5f17-44b5-9360-9e9df03973a6"
          }
        },
        {
          "extension": [
            {
              "url": "http://hl7.org/fhir/tools/StructureDefinition/resource-information",
              "valueString": "Patient"
            },
            {
              "url": "http://hl7.org/fhir/StructureDefinition/implementationguide-page",
              "valueUri": "Patient-76d7a6ff-23b8-4e4c-9c98-7c20818e0242.html"
            }
          ],
          "example": true,
          "name": "Patient example 6",
          "sourceReference": {
            "reference": "Patient/76d7a6ff-23b8-4e4c-9c98-7c20818e0242"
          }
        },
        {
          "extension": [
            {
              "url": "http://hl7.org/fhir/tools/StructureDefinition/resource-information",
              "valueString": "Patient"
            },
            {
              "url": "http://hl7.org/fhir/StructureDefinition/implementationguide-page",
              "valueUri": "Patient-3f466d34-45cd-46f2-bbc3-26bc25859228.html"
            }
          ],
          "example": true,
          "name": "Patient example 7",
          "sourceReference": {
            "reference": "Patient/3f466d34-45cd-46f2-bbc3-26bc25859228"
          }
        },
        {
          "extension": [
            {
              "url": "http://hl7.org/fhir/tools/StructureDefinition/resource-information",
              "valueString": "Organization"
            },
            {
              "url": "http://hl7.org/fhir/StructureDefinition/implementationguide-page",
              "valueUri": "Organization-e497754a-860b-4777-b583-aca1137d2b46.html"
            }
          ],
          "example": true,
          "name": "Organization example 1",
          "sourceReference": {
            "reference": "Organization/e497754a-860b-4777-b583-aca1137d2b46"
          }
        },
        {
          "extension": [
            {
              "url": "http://hl7.org/fhir/tools/StructureDefinition/resource-information",
              "valueString": "Organization"
            },
            {
              "url": "http://hl7.org/fhir/StructureDefinition/implementationguide-page",
              "valueUri": "Organization-c8281a7e-7b9a-434f-8c0c-06245d4e0dc5.html"
            }
          ],
          "example": true,
          "name": "Organization example 2",
          "sourceReference": {
            "reference": "Organization/c8281a7e-7b9a-434f-8c0c-06245d4e0dc5"
          }
        },
        {
          "extension": [
            {
              "url": "http://hl7.org/fhir/tools/StructureDefinition/resource-information",
              "valueString": "Organization"
            },
            {
              "url": "http://hl7.org/fhir/StructureDefinition/implementationguide-page",
              "valueUri": "Organization-5581254e-8f40-4991-af62-d544563f0a98.html"
            }
          ],
          "example": true,
          "name": "Organization example 3",
          "sourceReference": {
            "reference": "Organization/5581254e-8f40-4991-af62-d544563f0a98"
          }
        },
        {
          "extension": [
            {
              "url": "http://hl7.org/fhir/tools/StructureDefinition/resource-information",
              "valueString": "Organization"
            },
            {
              "url": "http://hl7.org/fhir/StructureDefinition/implementationguide-page",
              "valueUri": "Organization-e45f6ec6-f598-4ac5-8b95-583467492257.html"
            }
          ],
          "example": true,
          "name": "Organization example 4",
          "sourceReference": {
            "reference": "Organization/e45f6ec6-f598-4ac5-8b95-583467492257"
          }
        },
        {
          "extension": [
            {
              "url": "http://hl7.org/fhir/tools/StructureDefinition/resource-information",
              "valueString": "Organization"
            },
            {
              "url": "http://hl7.org/fhir/StructureDefinition/implementationguide-page",
              "valueUri": "Organization-ba0bcc13-248e-4d64-a4b8-a8aa2bd9cb7c.html"
            }
          ],
          "example": true,
          "name": "Organization example 5",
          "sourceReference": {
            "reference": "Organization/ba0bcc13-248e-4d64-a4b8-a8aa2bd9cb7c"
          }
        },
        {
          "extension": [
            {
              "url": "http://hl7.org/fhir/tools/StructureDefinition/resource-information",
              "valueString": "Organization"
            },
            {
              "url": "http://hl7.org/fhir/StructureDefinition/implementationguide-page",
              "valueUri": "Organization-f2684e75-3664-4708-a7c9-9d45c045bf0c.html"
            }
          ],
          "example": true,
          "name": "Organization example 6",
          "sourceReference": {
            "reference": "Organization/f2684e75-3664-4708-a7c9-9d45c045bf0c"
          }
        },
        {
          "extension": [
            {
              "url": "http://hl7.org/fhir/tools/StructureDefinition/resource-information",
              "valueString": "MedicationStatement"
            },
            {
              "url": "http://hl7.org/fhir/StructureDefinition/implementationguide-page",
              "valueUri": "MedicationStatement-2d37384a-232c-4e0d-bd31-a3c667bae843.html"
            }
          ],
          "example": true,
          "name": "MedicationStatement example 1",
          "sourceReference": {
            "reference": "MedicationStatement/2d37384a-232c-4e0d-bd31-a3c667bae843"
          }
        },
        {
          "extension": [
            {
              "url": "http://hl7.org/fhir/tools/StructureDefinition/resource-information",
              "valueString": "MedicationStatement"
            },
            {
              "url": "http://hl7.org/fhir/StructureDefinition/implementationguide-page",
              "valueUri": "MedicationStatement-30ea501d-0804-48bc-8585-d35f2441d3a1.html"
            }
          ],
          "example": true,
          "name": "MedicationStatement example 2",
          "sourceReference": {
            "reference": "MedicationStatement/30ea501d-0804-48bc-8585-d35f2441d3a1"
          }
        },
        {
          "extension": [
            {
              "url": "http://hl7.org/fhir/tools/StructureDefinition/resource-information",
              "valueString": "MedicationStatement"
            },
            {
              "url": "http://hl7.org/fhir/StructureDefinition/implementationguide-page",
              "valueUri": "MedicationStatement-3aa60974-f765-4665-82a4-20bc1afd569b.html"
            }
          ],
          "example": true,
          "name": "MedicationStatement example 3",
          "sourceReference": {
            "reference": "MedicationStatement/3aa60974-f765-4665-82a4-20bc1afd569b"
          }
        },
        {
          "extension": [
            {
              "url": "http://hl7.org/fhir/tools/StructureDefinition/resource-information",
              "valueString": "MedicationStatement"
            },
            {
              "url": "http://hl7.org/fhir/StructureDefinition/implementationguide-page",
              "valueUri": "MedicationStatement-9e339402-4539-4e64-acfc-c7a97a7a8805.html"
            }
          ],
          "example": true,
          "name": "MedicationStatement example 4",
          "sourceReference": {
            "reference": "MedicationStatement/9e339402-4539-4e64-acfc-c7a97a7a8805"
          }
        },
        {
          "extension": [
            {
              "url": "http://hl7.org/fhir/tools/StructureDefinition/resource-information",
              "valueString": "MedicationStatement"
            },
            {
              "url": "http://hl7.org/fhir/StructureDefinition/implementationguide-page",
              "valueUri": "MedicationStatement-fed62c8e-9035-4ff9-99ac-fb9de96808c8.html"
            }
          ],
          "example": true,
          "name": "MedicationStatement example 5",
          "sourceReference": {
            "reference": "MedicationStatement/fed62c8e-9035-4ff9-99ac-fb9de96808c8"
          }
        },
        {
          "extension": [
            {
              "url": "http://hl7.org/fhir/tools/StructureDefinition/resource-information",
              "valueString": "MedicationStatement"
            },
            {
              "url": "http://hl7.org/fhir/StructureDefinition/implementationguide-page",
              "valueUri": "MedicationStatement-cd0c4f16-7ef6-4e27-b8a2-c8c0337fe045.html"
            }
          ],
          "example": true,
          "name": "MedicationStatement example 6",
          "sourceReference": {
            "reference": "MedicationStatement/cd0c4f16-7ef6-4e27-b8a2-c8c0337fe045"
          }
        },
        {
          "extension": [
            {
              "url": "http://hl7.org/fhir/tools/StructureDefinition/resource-information",
              "valueString": "MedicationStatement"
            },
            {
              "url": "http://hl7.org/fhir/StructureDefinition/implementationguide-page",
              "valueUri": "MedicationStatement-062ac6c2-bc48-4ee9-907a-e7203e9d1812.html"
            }
          ],
          "example": true,
          "name": "MedicationStatement example 7",
          "sourceReference": {
            "reference": "MedicationStatement/062ac6c2-bc48-4ee9-907a-e7203e9d1812"
          }
        },
        {
          "extension": [
            {
              "url": "http://hl7.org/fhir/tools/StructureDefinition/resource-information",
              "valueString": "MedicationStatement"
            },
            {
              "url": "http://hl7.org/fhir/StructureDefinition/implementationguide-page",
              "valueUri": "MedicationStatement-177a2cf1-71c2-470f-a625-52fb64ff116b.html"
            }
          ],
          "example": true,
          "name": "MedicationStatement example 8",
          "sourceReference": {
            "reference": "MedicationStatement/177a2cf1-71c2-470f-a625-52fb64ff116b"
          }
        },
        {
          "extension": [
            {
              "url": "http://hl7.org/fhir/tools/StructureDefinition/resource-information",
              "valueString": "MedicationStatement"
            },
            {
              "url": "http://hl7.org/fhir/StructureDefinition/implementationguide-page",
              "valueUri": "MedicationStatement-f76b5039-d478-4451-b590-acd5064f0fd7.html"
            }
          ],
          "example": true,
          "name": "MedicationStatement example 9",
          "sourceReference": {
            "reference": "MedicationStatement/f76b5039-d478-4451-b590-acd5064f0fd7"
          }
        },
        {
          "extension": [
            {
              "url": "http://hl7.org/fhir/tools/StructureDefinition/resource-information",
              "valueString": "MedicationStatement"
            },
            {
              "url": "http://hl7.org/fhir/StructureDefinition/implementationguide-page",
              "valueUri": "MedicationStatement-ede1015c-2cc8-46e7-ad2e-771bc7e40f87.html"
            }
          ],
          "example": true,
          "name": "MedicationStatement example 10",
          "sourceReference": {
            "reference": "MedicationStatement/ede1015c-2cc8-46e7-ad2e-771bc7e40f87"
          }
        },
        {
          "extension": [
            {
              "url": "http://hl7.org/fhir/tools/StructureDefinition/resource-information",
              "valueString": "AllergyIntolerance"
            },
            {
              "url": "http://hl7.org/fhir/StructureDefinition/implementationguide-page",
              "valueUri": "AllergyIntolerance-598b360a-0eb1-4738-9055-8ff40624f8e2.html"
            }
          ],
          "example": true,
          "name": "AllergyIntolerance example 1",
          "sourceReference": {
            "reference": "AllergyIntolerance/598b360a-0eb1-4738-9055-8ff40624f8e2"
          }
        },
        {
          "extension": [
            {
              "url": "http://hl7.org/fhir/tools/StructureDefinition/resource-information",
              "valueString": "AllergyIntolerance"
            },
            {
              "url": "http://hl7.org/fhir/StructureDefinition/implementationguide-page",
              "valueUri": "AllergyIntolerance-bd965a8e-344f-44d0-9367-ccd22ee2a5a1.html"
            }
          ],
          "example": true,
          "name": "AllergyIntolerance example 2",
          "sourceReference": {
            "reference": "AllergyIntolerance/bd965a8e-344f-44d0-9367-ccd22ee2a5a1"
          }
        },
        {
          "extension": [
            {
              "url": "http://hl7.org/fhir/tools/StructureDefinition/resource-information",
              "valueString": "AllergyIntolerance"
            },
            {
              "url": "http://hl7.org/fhir/StructureDefinition/implementationguide-page",
              "valueUri": "AllergyIntolerance-90dfca31-664f-44e7-909a-905058a255fc.html"
            }
          ],
          "example": true,
          "name": "AllergyIntolerance example 3",
          "sourceReference": {
            "reference": "AllergyIntolerance/90dfca31-664f-44e7-909a-905058a255fc"
          }
        },
        {
          "extension": [
            {
              "url": "http://hl7.org/fhir/tools/StructureDefinition/resource-information",
              "valueString": "AllergyIntolerance"
            },
            {
              "url": "http://hl7.org/fhir/StructureDefinition/implementationguide-page",
              "valueUri": "AllergyIntolerance-27b06bef-2030-4bfc-8c48-3306b616a10b.html"
            }
          ],
          "example": true,
          "name": "AllergyIntolerance example 4",
          "sourceReference": {
            "reference": "AllergyIntolerance/27b06bef-2030-4bfc-8c48-3306b616a10b"
          }
        },
        {
          "extension": [
            {
              "url": "http://hl7.org/fhir/tools/StructureDefinition/resource-information",
              "valueString": "AllergyIntolerance"
            },
            {
              "url": "http://hl7.org/fhir/StructureDefinition/implementationguide-page",
              "valueUri": "AllergyIntolerance-2d308e46-8f41-4ac1-bcd2-6522b6c598aa.html"
            }
          ],
          "example": true,
          "name": "AllergyIntolerance example 5",
          "sourceReference": {
            "reference": "AllergyIntolerance/2d308e46-8f41-4ac1-bcd2-6522b6c598aa"
          }
        },
        {
          "extension": [
            {
              "url": "http://hl7.org/fhir/tools/StructureDefinition/resource-information",
              "valueString": "AllergyIntolerance"
            },
            {
              "url": "http://hl7.org/fhir/StructureDefinition/implementationguide-page",
              "valueUri": "AllergyIntolerance-8440c6c5-4872-43b4-b755-d65fc7c06148.html"
            }
          ],
          "example": true,
          "name": "AllergyIntolerance example 6",
          "sourceReference": {
            "reference": "AllergyIntolerance/8440c6c5-4872-43b4-b755-d65fc7c06148"
          }
        },
        {
          "extension": [
            {
              "url": "http://hl7.org/fhir/tools/StructureDefinition/resource-information",
              "valueString": "AllergyIntolerance"
            },
            {
              "url": "http://hl7.org/fhir/StructureDefinition/implementationguide-page",
              "valueUri": "AllergyIntolerance-fab01e0d-260e-4acc-9b22-a18d1dc88333.html"
            }
          ],
          "example": true,
          "name": "AllergyIntolerance example 7",
          "sourceReference": {
            "reference": "AllergyIntolerance/fab01e0d-260e-4acc-9b22-a18d1dc88333"
          }
        },
        {
          "extension": [
            {
              "url": "http://hl7.org/fhir/tools/StructureDefinition/resource-information",
              "valueString": "RelatedPerson"
            },
            {
              "url": "http://hl7.org/fhir/StructureDefinition/implementationguide-page",
              "valueUri": "RelatedPerson-6870bc44-97a1-4523-8d98-fc1ee640ea70.html"
            }
          ],
          "example": true,
          "name": "RelatedPerson example 1",
          "sourceReference": {
            "reference": "RelatedPerson/6870bc44-97a1-4523-8d98-fc1ee640ea70"
          }
        },
        {
          "extension": [
            {
              "url": "http://hl7.org/fhir/tools/StructureDefinition/resource-information",
              "valueString": "RelatedPerson"
            },
            {
              "url": "http://hl7.org/fhir/StructureDefinition/implementationguide-page",
              "valueUri": "RelatedPerson-9c44a0e9-4c8e-4c52-bdbd-9c38e4714bc6.html"
            }
          ],
          "example": true,
          "name": "RelatedPerson example 2",
          "sourceReference": {
            "reference": "RelatedPerson/9c44a0e9-4c8e-4c52-bdbd-9c38e4714bc6"
          }
        },
        {
          "extension": [
            {
              "url": "http://hl7.org/fhir/tools/StructureDefinition/resource-information",
              "valueString": "RelatedPerson"
            },
            {
              "url": "http://hl7.org/fhir/StructureDefinition/implementationguide-page",
              "valueUri": "RelatedPerson-47c94af0-2ba0-4c9a-be38-1efed4c6286d.html"
            }
          ],
          "example": true,
          "name": "RelatedPerson example 3",
          "sourceReference": {
            "reference": "RelatedPerson/47c94af0-2ba0-4c9a-be38-1efed4c6286d"
          }
        },
        {
          "extension": [
            {
              "url": "http://hl7.org/fhir/tools/StructureDefinition/resource-information",
              "valueString": "Observation"
            },
            {
              "url": "http://hl7.org/fhir/StructureDefinition/implementationguide-page",
              "valueUri": "Observation-4e6c2639-370b-43cd-85db-91bf85da2b22.html"
            }
          ],
          "example": true,
          "name": "Observation example 1",
          "sourceReference": {
            "reference": "Observation/4e6c2639-370b-43cd-85db-91bf85da2b22"
          }
        }
      ]
    }
  ],
  "page": {
    "source": "index.html",
    "title": "Australian Digital Health Agency Personal Health Records FHIR Implementation Guide",
    "kind": "page"
  }
}