<?xml version="1.0" encoding="UTF-8"?>

<ImplementationGuide xmlns="http://hl7.org/fhir">
  <id value="implementationguide-personalhealthrecords-1"/>
  <text>
    <status value="generated"/><div xmlns="http://www.w3.org/1999/xhtml"><h2>Personal Health Records</h2><p>The official URL for this implementation guide is: </p><pre>http://ns.electronichealth.net.au/ci/fhir/3.0/ImplementationGuide/implementationguide-personalhealthrecords-1</pre><div><p>This implementation guide is an HL7™ FHIR® specification to represent a personal health record, including Personal Health Notes (PHN) and Personal Health Summary (PHS).</p>
<p>The primary aim of this implementation guide is to support implementing personal health records in FHIR, Release 3 (STU). The resulting FHIR can be used for the electronic exchange of personal health record information between healthcare providers.</p>
<p>This implementation guide is not to be used as a guide to presentation (or rendering) of the data. It contains no information as to how the data described by it should be displayed and no such guidance should be inferred.</p>
<p>This implementation guide does not describe transport or persistence mechanism of the resources described by it.</p>
</div></div>
  </text>
  <url value="http://ns.electronichealth.net.au/ci/fhir/3.0/ImplementationGuide/implementationguide-personalhealthrecords-1"/>
  <version value="1.0.0"/>
  <name value="Personal Health Records"/>
  <status value="draft"/>
  <experimental value="true"/>
  <date value="2019-11-22T11:26:50+10:00"/>
  <publisher value="Australian Digital Health Agency"/>
  <contact>
    <telecom>
      <system value="email"/>
      <value value="help@digitalhealth.gov.au"/>
    </telecom>
  </contact>
  <description value="This implementation guide is an HL7&#x2122; FHIR&#xAE; specification to represent a personal health record, including Personal Health Notes (PHN) and Personal Health Summary (PHS).&#xA; &#xA;The primary aim of this implementation guide is to support implementing personal health records in FHIR, Release 3 (STU). The resulting FHIR can be used for the electronic exchange of personal health record information between healthcare providers.&#xA; &#xA;This implementation guide is not to be used as a guide to presentation (or rendering) of the data. It contains no information as to how the data described by it should be displayed and no such guidance should be inferred.&#xA; &#xA;This implementation guide does not describe transport or persistence mechanism of the resources described by it."/>
  <copyright value="Copyright &#xA9; 2019 Australian Digital Health Agency - All rights reserved. This content is licensed under a Creative Commons Attribution 4.0 International License. See https://creativecommons.org/licenses/by/4.0/."/>
  <fhirVersion value="3.0.2"/>
  <dependency>
    <type value="reference"/>
    <uri value="http://hl7.org.au/fhir"/>
  </dependency>
  <package id="p1">
    <name value="PHR"/>
    <resource>
      <extension url="http://hl7.org/fhir/tools/StructureDefinition/resource-information">
        <valueString value="StructureDefinition:resource"/>
      </extension>
      <extension url="http://hl7.org/fhir/StructureDefinition/implementationguide-page">
        <valueUri value="StructureDefinition-composition-docheader-cei-1.html"/>
      </extension>
      <example value="false"/>
      <name value="Composition profile: Consumer Entered Information Document Header"/>
      <sourceReference>
        <reference value="StructureDefinition/composition-docheader-cei-1"/>
      </sourceReference>
    </resource>
    <resource>
      <extension url="http://hl7.org/fhir/tools/StructureDefinition/resource-information">
        <valueString value="StructureDefinition:resource"/>
      </extension>
      <extension url="http://hl7.org/fhir/StructureDefinition/implementationguide-page">
        <valueUri value="StructureDefinition-composition-phn-1.html"/>
      </extension>
      <example value="false"/>
      <name value="Composition profile: Personal Health Notes"/>
      <sourceReference>
        <reference value="StructureDefinition/composition-phn-1"/>
      </sourceReference>
    </resource>
    <resource>
      <extension url="http://hl7.org/fhir/tools/StructureDefinition/resource-information">
        <valueString value="StructureDefinition:resource"/>
      </extension>
      <extension url="http://hl7.org/fhir/StructureDefinition/implementationguide-page">
        <valueUri value="StructureDefinition-composition-phs-1.html"/>
      </extension>
      <example value="false"/>
      <name value="Composition profile: Personal Health Summary"/>
      <sourceReference>
        <reference value="StructureDefinition/composition-phs-1"/>
      </sourceReference>
    </resource>
    <resource>
      <extension url="http://hl7.org/fhir/tools/StructureDefinition/resource-information">
        <valueString value="StructureDefinition:resource"/>
      </extension>
      <extension url="http://hl7.org/fhir/StructureDefinition/implementationguide-page">
        <valueUri value="StructureDefinition-patient-dh-base-1.html"/>
      </extension>
      <example value="false"/>
      <name value="patient-dh-base-1"/>
      <description value="The Agency Patient profile, as derived from the HL7 AU patient profile."/>
      <sourceReference>
        <reference value="StructureDefinition/patient-dh-base-1"/>
      </sourceReference>
    </resource>
    <resource>
      <extension url="http://hl7.org/fhir/tools/StructureDefinition/resource-information">
        <valueString value="StructureDefinition:resource"/>
      </extension>
      <extension url="http://hl7.org/fhir/StructureDefinition/implementationguide-page">
        <valueUri value="StructureDefinition-patient-ident-1.html"/>
      </extension>
      <example value="false"/>
      <name value="patient-ident-1"/>
      <sourceReference>
        <reference value="StructureDefinition/patient-ident-1"/>
      </sourceReference>
    </resource>
    <resource>
      <extension url="http://hl7.org/fhir/tools/StructureDefinition/resource-information">
        <valueString value="StructureDefinition:resource"/>
      </extension>
      <extension url="http://hl7.org/fhir/StructureDefinition/implementationguide-page">
        <valueUri value="StructureDefinition-patient-ihi-1.html"/>
      </extension>
      <example value="false"/>
      <name value="patient-ihi-1"/>
      <sourceReference>
        <reference value="StructureDefinition/patient-ihi-1"/>
      </sourceReference>
    </resource>
    <resource>
      <extension url="http://hl7.org/fhir/tools/StructureDefinition/resource-information">
        <valueString value="StructureDefinition:resource"/>
      </extension>
      <extension url="http://hl7.org/fhir/StructureDefinition/implementationguide-page">
        <valueUri value="StructureDefinition-relatedperson-dh-base-1.html"/>
      </extension>
      <example value="false"/>
      <name value="relatedperson-dh-base-1"/>
      <description value="The Agency RelatedPerson profile, as derived from the STU3 RelatedPerson resource"/>
      <sourceReference>
        <reference value="StructureDefinition/relatedperson-dh-base-1"/>
      </sourceReference>
    </resource>
    <resource>
      <extension url="http://hl7.org/fhir/tools/StructureDefinition/resource-information">
        <valueString value="StructureDefinition:resource"/>
      </extension>
      <extension url="http://hl7.org/fhir/StructureDefinition/implementationguide-page">
        <valueUri value="StructureDefinition-relatedperson-ihi-1.html"/>
      </extension>
      <example value="false"/>
      <name value="relatedperson-ihi-1"/>
      <description value="The Agency RelatedPerson profile, as derived from the STU3 RelatedPerson resource"/>
      <sourceReference>
        <reference value="StructureDefinition/relatedperson-ihi-1"/>
      </sourceReference>
    </resource>
    <resource>
      <extension url="http://hl7.org/fhir/tools/StructureDefinition/resource-information">
        <valueString value="StructureDefinition:resource"/>
      </extension>
      <extension url="http://hl7.org/fhir/StructureDefinition/implementationguide-page">
        <valueUri value="StructureDefinition-organization-dh-base-1.html"/>
      </extension>
      <example value="false"/>
      <name value="organization-dh-base-1"/>
      <description value="The Agency Organization profile, as derived from the HL7 AU Organization profile."/>
      <sourceReference>
        <reference value="StructureDefinition/organization-dh-base-1"/>
      </sourceReference>
    </resource>
    <resource>
      <extension url="http://hl7.org/fhir/tools/StructureDefinition/resource-information">
        <valueString value="StructureDefinition:resource"/>
      </extension>
      <extension url="http://hl7.org/fhir/StructureDefinition/implementationguide-page">
        <valueUri value="StructureDefinition-organization-ident-1.html"/>
      </extension>
      <example value="false"/>
      <name value="organization-ident-1"/>
      <description value="The Agency Organization profile, as derived from the HL7 AU Organization profile."/>
      <sourceReference>
        <reference value="StructureDefinition/organization-ident-1"/>
      </sourceReference>
    </resource>
    <resource>
      <extension url="http://hl7.org/fhir/tools/StructureDefinition/resource-information">
        <valueString value="StructureDefinition:resource"/>
      </extension>
      <extension url="http://hl7.org/fhir/StructureDefinition/implementationguide-page">
        <valueUri value="StructureDefinition-practitioner-dh-base-1.html"/>
      </extension>
      <example value="false"/>
      <sourceReference>
        <reference value="StructureDefinition/practitioner-dh-base-1"/>
      </sourceReference>
    </resource>
    <resource>
      <extension url="http://hl7.org/fhir/tools/StructureDefinition/resource-information">
        <valueString value="StructureDefinition:resource"/>
      </extension>
      <extension url="http://hl7.org/fhir/StructureDefinition/implementationguide-page">
        <valueUri value="StructureDefinition-medicationstatement-summary-1.html"/>
      </extension>
      <example value="false"/>
      <name value="medicationstatement-summary-1"/>
      <sourceReference>
        <reference value="StructureDefinition/medicationstatement-summary-1"/>
      </sourceReference>
    </resource>
    <resource>
      <extension url="http://hl7.org/fhir/tools/StructureDefinition/resource-information">
        <valueString value="StructureDefinition:resource"/>
      </extension>
      <extension url="http://hl7.org/fhir/StructureDefinition/implementationguide-page">
        <valueUri value="StructureDefinition-allergyintolerance-summary-1.html"/>
      </extension>
      <example value="false"/>
      <name value="allergyintolerance-summary-1"/>
      <sourceReference>
        <reference value="StructureDefinition/allergyintolerance-summary-1"/>
      </sourceReference>
    </resource>
    <resource>
      <extension url="http://hl7.org/fhir/tools/StructureDefinition/resource-information">
        <valueString value="StructureDefinition:resource"/>
      </extension>
      <extension url="http://hl7.org/fhir/StructureDefinition/implementationguide-page">
        <valueUri value="StructureDefinition-observation-norelevantfinding-1.html"/>
      </extension>
      <example value="false"/>
      <name value="observation-norelevantfinding-1"/>
      <sourceReference>
        <reference value="StructureDefinition/observation-norelevantfinding-1"/>
      </sourceReference>
    </resource>
    <resource>
      <extension url="http://hl7.org/fhir/tools/StructureDefinition/resource-information">
        <valueString value="StructureDefinition:complex-type"/>
      </extension>
      <extension url="http://hl7.org/fhir/StructureDefinition/implementationguide-page">
        <valueUri value="StructureDefinition-humanname-dh-base-1.html"/>
      </extension>
      <example value="false"/>
      <sourceReference>
        <reference value="StructureDefinition/humanname-dh-base-1"/>
      </sourceReference>
    </resource>
    <resource>
      <extension url="http://hl7.org/fhir/tools/StructureDefinition/resource-information">
        <valueString value="Composition"/>
      </extension>
      <extension url="http://hl7.org/fhir/StructureDefinition/implementationguide-page">
        <valueUri value="Composition-0b4e2b56-70c9-4c79-ba4f-a7596a9feefa.html"/>
      </extension>
      <example value="true"/>
      <name value="Personal Health Notes contained example 1"/>
      <sourceReference>
        <reference value="Composition/0b4e2b56-70c9-4c79-ba4f-a7596a9feefa"/>
      </sourceReference>
    </resource>
    <resource>
      <extension url="http://hl7.org/fhir/tools/StructureDefinition/resource-information">
        <valueString value="Composition"/>
      </extension>
      <extension url="http://hl7.org/fhir/StructureDefinition/implementationguide-page">
        <valueUri value="Composition-d42fb301-f2ad-4468-9f21-a98316c0ef52.html"/>
      </extension>
      <example value="true"/>
      <name value="Personal Health Notes referenced example 1"/>
      <sourceReference>
        <reference value="Composition/d42fb301-f2ad-4468-9f21-a98316c0ef52"/>
      </sourceReference>
    </resource>
    <resource>
      <extension url="http://hl7.org/fhir/tools/StructureDefinition/resource-information">
        <valueString value="Composition"/>
      </extension>
      <extension url="http://hl7.org/fhir/StructureDefinition/implementationguide-page">
        <valueUri value="Composition-cb2708f5-b42d-47bc-97cf-5fc66e875f51.html"/>
      </extension>
      <example value="true"/>
      <name value="Personal Health Notes contained example 2"/>
      <sourceReference>
        <reference value="Composition/cb2708f5-b42d-47bc-97cf-5fc66e875f51"/>
      </sourceReference>
    </resource>
    <resource>
      <extension url="http://hl7.org/fhir/tools/StructureDefinition/resource-information">
        <valueString value="Composition"/>
      </extension>
      <extension url="http://hl7.org/fhir/StructureDefinition/implementationguide-page">
        <valueUri value="Composition-7530a318-0afd-4c75-a6f8-5bbecef17beb.html"/>
      </extension>
      <example value="true"/>
      <name value="Personal Health Notes referenced example 2"/>
      <sourceReference>
        <reference value="Composition/7530a318-0afd-4c75-a6f8-5bbecef17beb"/>
      </sourceReference>
    </resource>
    <resource>
      <extension url="http://hl7.org/fhir/tools/StructureDefinition/resource-information">
        <valueString value="Composition"/>
      </extension>
      <extension url="http://hl7.org/fhir/StructureDefinition/implementationguide-page">
        <valueUri value="Composition-426e957a-3c4c-4780-98f3-8339cc1e6f7c.html"/>
      </extension>
      <example value="true"/>
      <name value="Personal Health Summary contained example 1"/>
      <sourceReference>
        <reference value="Composition/426e957a-3c4c-4780-98f3-8339cc1e6f7c"/>
      </sourceReference>
    </resource>
    <resource>
      <extension url="http://hl7.org/fhir/tools/StructureDefinition/resource-information">
        <valueString value="Composition"/>
      </extension>
      <extension url="http://hl7.org/fhir/StructureDefinition/implementationguide-page">
        <valueUri value="Composition-dc32838b-faf3-4102-9c78-27186ac32e20.html"/>
      </extension>
      <example value="true"/>
      <name value="Personal Health Summary contained example 2"/>
      <sourceReference>
        <reference value="Composition/dc32838b-faf3-4102-9c78-27186ac32e20"/>
      </sourceReference>
    </resource>
    <resource>
      <extension url="http://hl7.org/fhir/tools/StructureDefinition/resource-information">
        <valueString value="Composition"/>
      </extension>
      <extension url="http://hl7.org/fhir/StructureDefinition/implementationguide-page">
        <valueUri value="Composition-fb584f29-e4cc-4f55-ba2e-7bdf03c7a5ee.html"/>
      </extension>
      <example value="true"/>
      <name value="Personal Health Summary contained example 3"/>
      <sourceReference>
        <reference value="Composition/fb584f29-e4cc-4f55-ba2e-7bdf03c7a5ee"/>
      </sourceReference>
    </resource>
    <resource>
      <extension url="http://hl7.org/fhir/tools/StructureDefinition/resource-information">
        <valueString value="Composition"/>
      </extension>
      <extension url="http://hl7.org/fhir/StructureDefinition/implementationguide-page">
        <valueUri value="Composition-340fcbec-f501-4582-9be1-4627618119e3.html"/>
      </extension>
      <example value="true"/>
      <name value="Personal Health Summary contained example 4"/>
      <sourceReference>
        <reference value="Composition/340fcbec-f501-4582-9be1-4627618119e3"/>
      </sourceReference>
    </resource>
    <resource>
      <extension url="http://hl7.org/fhir/tools/StructureDefinition/resource-information">
        <valueString value="Composition"/>
      </extension>
      <extension url="http://hl7.org/fhir/StructureDefinition/implementationguide-page">
        <valueUri value="Composition-28d02fcf-6b64-49c1-8870-6533059b8129.html"/>
      </extension>
      <example value="true"/>
      <name value="Personal Health Summary contained example 5"/>
      <sourceReference>
        <reference value="Composition/28d02fcf-6b64-49c1-8870-6533059b8129"/>
      </sourceReference>
    </resource>
    <resource>
      <extension url="http://hl7.org/fhir/tools/StructureDefinition/resource-information">
        <valueString value="Composition"/>
      </extension>
      <extension url="http://hl7.org/fhir/StructureDefinition/implementationguide-page">
        <valueUri value="Composition-4ca58170-e639-4f6f-a5f8-f874aae9d301.html"/>
      </extension>
      <example value="true"/>
      <name value="Personal Health Summary referenced example 1"/>
      <sourceReference>
        <reference value="Composition/4ca58170-e639-4f6f-a5f8-f874aae9d301"/>
      </sourceReference>
    </resource>
    <resource>
      <extension url="http://hl7.org/fhir/tools/StructureDefinition/resource-information">
        <valueString value="Composition"/>
      </extension>
      <extension url="http://hl7.org/fhir/StructureDefinition/implementationguide-page">
        <valueUri value="Composition-df1704af-2bf5-4145-9d8c-c889dbc6e017.html"/>
      </extension>
      <example value="true"/>
      <name value="Personal Health Summary referenced  example 2"/>
      <sourceReference>
        <reference value="Composition/df1704af-2bf5-4145-9d8c-c889dbc6e017"/>
      </sourceReference>
    </resource>
    <resource>
      <extension url="http://hl7.org/fhir/tools/StructureDefinition/resource-information">
        <valueString value="Composition"/>
      </extension>
      <extension url="http://hl7.org/fhir/StructureDefinition/implementationguide-page">
        <valueUri value="Composition-6e0cd20c-7fae-4ed5-bb03-8a54cb81e566.html"/>
      </extension>
      <example value="true"/>
      <name value="Personal Health Summary referenced example 3"/>
      <sourceReference>
        <reference value="Composition/6e0cd20c-7fae-4ed5-bb03-8a54cb81e566"/>
      </sourceReference>
    </resource>
    <resource>
      <extension url="http://hl7.org/fhir/tools/StructureDefinition/resource-information">
        <valueString value="Composition"/>
      </extension>
      <extension url="http://hl7.org/fhir/StructureDefinition/implementationguide-page">
        <valueUri value="Composition-c81d18da-3b3a-457d-a682-b31619cb8c00.html"/>
      </extension>
      <example value="true"/>
      <name value="Personal Health Summary referenced example 4"/>
      <sourceReference>
        <reference value="Composition/c81d18da-3b3a-457d-a682-b31619cb8c00"/>
      </sourceReference>
    </resource>
    <resource>
      <extension url="http://hl7.org/fhir/tools/StructureDefinition/resource-information">
        <valueString value="Composition"/>
      </extension>
      <extension url="http://hl7.org/fhir/StructureDefinition/implementationguide-page">
        <valueUri value="Composition-2b40ee01-6ebc-4c54-ab48-50b21b4cf499.html"/>
      </extension>
      <example value="true"/>
      <name value="Personal Health Summary referenced example 5"/>
      <sourceReference>
        <reference value="Composition/2b40ee01-6ebc-4c54-ab48-50b21b4cf499"/>
      </sourceReference>
    </resource>
    <resource>
      <extension url="http://hl7.org/fhir/tools/StructureDefinition/resource-information">
        <valueString value="Patient"/>
      </extension>
      <extension url="http://hl7.org/fhir/StructureDefinition/implementationguide-page">
        <valueUri value="Patient-5440dd6d-154e-44ef-881b-19caa274b6c4.html"/>
      </extension>
      <example value="true"/>
      <name value="Patient example 1"/>
      <sourceReference>
        <reference value="Patient/5440dd6d-154e-44ef-881b-19caa274b6c4"/>
      </sourceReference>
    </resource>
    <resource>
      <extension url="http://hl7.org/fhir/tools/StructureDefinition/resource-information">
        <valueString value="Patient"/>
      </extension>
      <extension url="http://hl7.org/fhir/StructureDefinition/implementationguide-page">
        <valueUri value="Patient-7d10b711-cded-4339-a2fd-ef69e7ba7847.html"/>
      </extension>
      <example value="true"/>
      <name value="Patient example 2"/>
      <sourceReference>
        <reference value="Patient/7d10b711-cded-4339-a2fd-ef69e7ba7847"/>
      </sourceReference>
    </resource>
    <resource>
      <extension url="http://hl7.org/fhir/tools/StructureDefinition/resource-information">
        <valueString value="Patient"/>
      </extension>
      <extension url="http://hl7.org/fhir/StructureDefinition/implementationguide-page">
        <valueUri value="Patient-82ea927e-9e84-4b65-ba04-baade2b93137.html"/>
      </extension>
      <example value="true"/>
      <name value="Patient example 3"/>
      <sourceReference>
        <reference value="Patient/82ea927e-9e84-4b65-ba04-baade2b93137"/>
      </sourceReference>
    </resource>
    <resource>
      <extension url="http://hl7.org/fhir/tools/StructureDefinition/resource-information">
        <valueString value="Patient"/>
      </extension>
      <extension url="http://hl7.org/fhir/StructureDefinition/implementationguide-page">
        <valueUri value="Patient-bb0c7f35-bdd2-4ed4-96a3-3b96be96b7f6.html"/>
      </extension>
      <example value="true"/>
      <name value="Patient example 4"/>
      <sourceReference>
        <reference value="Patient/bb0c7f35-bdd2-4ed4-96a3-3b96be96b7f6"/>
      </sourceReference>
    </resource>
    <resource>
      <extension url="http://hl7.org/fhir/tools/StructureDefinition/resource-information">
        <valueString value="Patient"/>
      </extension>
      <extension url="http://hl7.org/fhir/StructureDefinition/implementationguide-page">
        <valueUri value="Patient-47aa2cc5-5f17-44b5-9360-9e9df03973a6.html"/>
      </extension>
      <example value="true"/>
      <name value="Patient example 5"/>
      <sourceReference>
        <reference value="Patient/47aa2cc5-5f17-44b5-9360-9e9df03973a6"/>
      </sourceReference>
    </resource>
    <resource>
      <extension url="http://hl7.org/fhir/tools/StructureDefinition/resource-information">
        <valueString value="Patient"/>
      </extension>
      <extension url="http://hl7.org/fhir/StructureDefinition/implementationguide-page">
        <valueUri value="Patient-76d7a6ff-23b8-4e4c-9c98-7c20818e0242.html"/>
      </extension>
      <example value="true"/>
      <name value="Patient example 6"/>
      <sourceReference>
        <reference value="Patient/76d7a6ff-23b8-4e4c-9c98-7c20818e0242"/>
      </sourceReference>
    </resource>
    <resource>
      <extension url="http://hl7.org/fhir/tools/StructureDefinition/resource-information">
        <valueString value="Patient"/>
      </extension>
      <extension url="http://hl7.org/fhir/StructureDefinition/implementationguide-page">
        <valueUri value="Patient-3f466d34-45cd-46f2-bbc3-26bc25859228.html"/>
      </extension>
      <example value="true"/>
      <name value="Patient example 7"/>
      <sourceReference>
        <reference value="Patient/3f466d34-45cd-46f2-bbc3-26bc25859228"/>
      </sourceReference>
    </resource>
    <resource>
      <extension url="http://hl7.org/fhir/tools/StructureDefinition/resource-information">
        <valueString value="Organization"/>
      </extension>
      <extension url="http://hl7.org/fhir/StructureDefinition/implementationguide-page">
        <valueUri value="Organization-e497754a-860b-4777-b583-aca1137d2b46.html"/>
      </extension>
      <example value="true"/>
      <name value="Organization example 1"/>
      <sourceReference>
        <reference value="Organization/e497754a-860b-4777-b583-aca1137d2b46"/>
      </sourceReference>
    </resource>
    <resource>
      <extension url="http://hl7.org/fhir/tools/StructureDefinition/resource-information">
        <valueString value="Organization"/>
      </extension>
      <extension url="http://hl7.org/fhir/StructureDefinition/implementationguide-page">
        <valueUri value="Organization-c8281a7e-7b9a-434f-8c0c-06245d4e0dc5.html"/>
      </extension>
      <example value="true"/>
      <name value="Organization example 2"/>
      <sourceReference>
        <reference value="Organization/c8281a7e-7b9a-434f-8c0c-06245d4e0dc5"/>
      </sourceReference>
    </resource>
    <resource>
      <extension url="http://hl7.org/fhir/tools/StructureDefinition/resource-information">
        <valueString value="Organization"/>
      </extension>
      <extension url="http://hl7.org/fhir/StructureDefinition/implementationguide-page">
        <valueUri value="Organization-5581254e-8f40-4991-af62-d544563f0a98.html"/>
      </extension>
      <example value="true"/>
      <name value="Organization example 3"/>
      <sourceReference>
        <reference value="Organization/5581254e-8f40-4991-af62-d544563f0a98"/>
      </sourceReference>
    </resource>
    <resource>
      <extension url="http://hl7.org/fhir/tools/StructureDefinition/resource-information">
        <valueString value="Organization"/>
      </extension>
      <extension url="http://hl7.org/fhir/StructureDefinition/implementationguide-page">
        <valueUri value="Organization-e45f6ec6-f598-4ac5-8b95-583467492257.html"/>
      </extension>
      <example value="true"/>
      <name value="Organization example 4"/>
      <sourceReference>
        <reference value="Organization/e45f6ec6-f598-4ac5-8b95-583467492257"/>
      </sourceReference>
    </resource>
    <resource>
      <extension url="http://hl7.org/fhir/tools/StructureDefinition/resource-information">
        <valueString value="Organization"/>
      </extension>
      <extension url="http://hl7.org/fhir/StructureDefinition/implementationguide-page">
        <valueUri value="Organization-ba0bcc13-248e-4d64-a4b8-a8aa2bd9cb7c.html"/>
      </extension>
      <example value="true"/>
      <name value="Organization example 5"/>
      <sourceReference>
        <reference value="Organization/ba0bcc13-248e-4d64-a4b8-a8aa2bd9cb7c"/>
      </sourceReference>
    </resource>
    <resource>
      <extension url="http://hl7.org/fhir/tools/StructureDefinition/resource-information">
        <valueString value="Organization"/>
      </extension>
      <extension url="http://hl7.org/fhir/StructureDefinition/implementationguide-page">
        <valueUri value="Organization-f2684e75-3664-4708-a7c9-9d45c045bf0c.html"/>
      </extension>
      <example value="true"/>
      <name value="Organization example 6"/>
      <sourceReference>
        <reference value="Organization/f2684e75-3664-4708-a7c9-9d45c045bf0c"/>
      </sourceReference>
    </resource>
    <resource>
      <extension url="http://hl7.org/fhir/tools/StructureDefinition/resource-information">
        <valueString value="MedicationStatement"/>
      </extension>
      <extension url="http://hl7.org/fhir/StructureDefinition/implementationguide-page">
        <valueUri value="MedicationStatement-2d37384a-232c-4e0d-bd31-a3c667bae843.html"/>
      </extension>
      <example value="true"/>
      <name value="MedicationStatement example 1"/>
      <sourceReference>
        <reference value="MedicationStatement/2d37384a-232c-4e0d-bd31-a3c667bae843"/>
      </sourceReference>
    </resource>
    <resource>
      <extension url="http://hl7.org/fhir/tools/StructureDefinition/resource-information">
        <valueString value="MedicationStatement"/>
      </extension>
      <extension url="http://hl7.org/fhir/StructureDefinition/implementationguide-page">
        <valueUri value="MedicationStatement-30ea501d-0804-48bc-8585-d35f2441d3a1.html"/>
      </extension>
      <example value="true"/>
      <name value="MedicationStatement example 2"/>
      <sourceReference>
        <reference value="MedicationStatement/30ea501d-0804-48bc-8585-d35f2441d3a1"/>
      </sourceReference>
    </resource>
    <resource>
      <extension url="http://hl7.org/fhir/tools/StructureDefinition/resource-information">
        <valueString value="MedicationStatement"/>
      </extension>
      <extension url="http://hl7.org/fhir/StructureDefinition/implementationguide-page">
        <valueUri value="MedicationStatement-3aa60974-f765-4665-82a4-20bc1afd569b.html"/>
      </extension>
      <example value="true"/>
      <name value="MedicationStatement example 3"/>
      <sourceReference>
        <reference value="MedicationStatement/3aa60974-f765-4665-82a4-20bc1afd569b"/>
      </sourceReference>
    </resource>
    <resource>
      <extension url="http://hl7.org/fhir/tools/StructureDefinition/resource-information">
        <valueString value="MedicationStatement"/>
      </extension>
      <extension url="http://hl7.org/fhir/StructureDefinition/implementationguide-page">
        <valueUri value="MedicationStatement-9e339402-4539-4e64-acfc-c7a97a7a8805.html"/>
      </extension>
      <example value="true"/>
      <name value="MedicationStatement example 4"/>
      <sourceReference>
        <reference value="MedicationStatement/9e339402-4539-4e64-acfc-c7a97a7a8805"/>
      </sourceReference>
    </resource>
    <resource>
      <extension url="http://hl7.org/fhir/tools/StructureDefinition/resource-information">
        <valueString value="MedicationStatement"/>
      </extension>
      <extension url="http://hl7.org/fhir/StructureDefinition/implementationguide-page">
        <valueUri value="MedicationStatement-fed62c8e-9035-4ff9-99ac-fb9de96808c8.html"/>
      </extension>
      <example value="true"/>
      <name value="MedicationStatement example 5"/>
      <sourceReference>
        <reference value="MedicationStatement/fed62c8e-9035-4ff9-99ac-fb9de96808c8"/>
      </sourceReference>
    </resource>
    <resource>
      <extension url="http://hl7.org/fhir/tools/StructureDefinition/resource-information">
        <valueString value="MedicationStatement"/>
      </extension>
      <extension url="http://hl7.org/fhir/StructureDefinition/implementationguide-page">
        <valueUri value="MedicationStatement-cd0c4f16-7ef6-4e27-b8a2-c8c0337fe045.html"/>
      </extension>
      <example value="true"/>
      <name value="MedicationStatement example 6"/>
      <sourceReference>
        <reference value="MedicationStatement/cd0c4f16-7ef6-4e27-b8a2-c8c0337fe045"/>
      </sourceReference>
    </resource>
    <resource>
      <extension url="http://hl7.org/fhir/tools/StructureDefinition/resource-information">
        <valueString value="MedicationStatement"/>
      </extension>
      <extension url="http://hl7.org/fhir/StructureDefinition/implementationguide-page">
        <valueUri value="MedicationStatement-062ac6c2-bc48-4ee9-907a-e7203e9d1812.html"/>
      </extension>
      <example value="true"/>
      <name value="MedicationStatement example 7"/>
      <sourceReference>
        <reference value="MedicationStatement/062ac6c2-bc48-4ee9-907a-e7203e9d1812"/>
      </sourceReference>
    </resource>
    <resource>
      <extension url="http://hl7.org/fhir/tools/StructureDefinition/resource-information">
        <valueString value="MedicationStatement"/>
      </extension>
      <extension url="http://hl7.org/fhir/StructureDefinition/implementationguide-page">
        <valueUri value="MedicationStatement-177a2cf1-71c2-470f-a625-52fb64ff116b.html"/>
      </extension>
      <example value="true"/>
      <name value="MedicationStatement example 8"/>
      <sourceReference>
        <reference value="MedicationStatement/177a2cf1-71c2-470f-a625-52fb64ff116b"/>
      </sourceReference>
    </resource>
    <resource>
      <extension url="http://hl7.org/fhir/tools/StructureDefinition/resource-information">
        <valueString value="MedicationStatement"/>
      </extension>
      <extension url="http://hl7.org/fhir/StructureDefinition/implementationguide-page">
        <valueUri value="MedicationStatement-f76b5039-d478-4451-b590-acd5064f0fd7.html"/>
      </extension>
      <example value="true"/>
      <name value="MedicationStatement example 9"/>
      <sourceReference>
        <reference value="MedicationStatement/f76b5039-d478-4451-b590-acd5064f0fd7"/>
      </sourceReference>
    </resource>
    <resource>
      <extension url="http://hl7.org/fhir/tools/StructureDefinition/resource-information">
        <valueString value="MedicationStatement"/>
      </extension>
      <extension url="http://hl7.org/fhir/StructureDefinition/implementationguide-page">
        <valueUri value="MedicationStatement-ede1015c-2cc8-46e7-ad2e-771bc7e40f87.html"/>
      </extension>
      <example value="true"/>
      <name value="MedicationStatement example 10"/>
      <sourceReference>
        <reference value="MedicationStatement/ede1015c-2cc8-46e7-ad2e-771bc7e40f87"/>
      </sourceReference>
    </resource>
    <resource>
      <extension url="http://hl7.org/fhir/tools/StructureDefinition/resource-information">
        <valueString value="AllergyIntolerance"/>
      </extension>
      <extension url="http://hl7.org/fhir/StructureDefinition/implementationguide-page">
        <valueUri value="AllergyIntolerance-598b360a-0eb1-4738-9055-8ff40624f8e2.html"/>
      </extension>
      <example value="true"/>
      <name value="AllergyIntolerance example 1"/>
      <sourceReference>
        <reference value="AllergyIntolerance/598b360a-0eb1-4738-9055-8ff40624f8e2"/>
      </sourceReference>
    </resource>
    <resource>
      <extension url="http://hl7.org/fhir/tools/StructureDefinition/resource-information">
        <valueString value="AllergyIntolerance"/>
      </extension>
      <extension url="http://hl7.org/fhir/StructureDefinition/implementationguide-page">
        <valueUri value="AllergyIntolerance-bd965a8e-344f-44d0-9367-ccd22ee2a5a1.html"/>
      </extension>
      <example value="true"/>
      <name value="AllergyIntolerance example 2"/>
      <sourceReference>
        <reference value="AllergyIntolerance/bd965a8e-344f-44d0-9367-ccd22ee2a5a1"/>
      </sourceReference>
    </resource>
    <resource>
      <extension url="http://hl7.org/fhir/tools/StructureDefinition/resource-information">
        <valueString value="AllergyIntolerance"/>
      </extension>
      <extension url="http://hl7.org/fhir/StructureDefinition/implementationguide-page">
        <valueUri value="AllergyIntolerance-90dfca31-664f-44e7-909a-905058a255fc.html"/>
      </extension>
      <example value="true"/>
      <name value="AllergyIntolerance example 3"/>
      <sourceReference>
        <reference value="AllergyIntolerance/90dfca31-664f-44e7-909a-905058a255fc"/>
      </sourceReference>
    </resource>
    <resource>
      <extension url="http://hl7.org/fhir/tools/StructureDefinition/resource-information">
        <valueString value="AllergyIntolerance"/>
      </extension>
      <extension url="http://hl7.org/fhir/StructureDefinition/implementationguide-page">
        <valueUri value="AllergyIntolerance-27b06bef-2030-4bfc-8c48-3306b616a10b.html"/>
      </extension>
      <example value="true"/>
      <name value="AllergyIntolerance example 4"/>
      <sourceReference>
        <reference value="AllergyIntolerance/27b06bef-2030-4bfc-8c48-3306b616a10b"/>
      </sourceReference>
    </resource>
    <resource>
      <extension url="http://hl7.org/fhir/tools/StructureDefinition/resource-information">
        <valueString value="AllergyIntolerance"/>
      </extension>
      <extension url="http://hl7.org/fhir/StructureDefinition/implementationguide-page">
        <valueUri value="AllergyIntolerance-2d308e46-8f41-4ac1-bcd2-6522b6c598aa.html"/>
      </extension>
      <example value="true"/>
      <name value="AllergyIntolerance example 5"/>
      <sourceReference>
        <reference value="AllergyIntolerance/2d308e46-8f41-4ac1-bcd2-6522b6c598aa"/>
      </sourceReference>
    </resource>
    <resource>
      <extension url="http://hl7.org/fhir/tools/StructureDefinition/resource-information">
        <valueString value="AllergyIntolerance"/>
      </extension>
      <extension url="http://hl7.org/fhir/StructureDefinition/implementationguide-page">
        <valueUri value="AllergyIntolerance-8440c6c5-4872-43b4-b755-d65fc7c06148.html"/>
      </extension>
      <example value="true"/>
      <name value="AllergyIntolerance example 6"/>
      <sourceReference>
        <reference value="AllergyIntolerance/8440c6c5-4872-43b4-b755-d65fc7c06148"/>
      </sourceReference>
    </resource>
    <resource>
      <extension url="http://hl7.org/fhir/tools/StructureDefinition/resource-information">
        <valueString value="AllergyIntolerance"/>
      </extension>
      <extension url="http://hl7.org/fhir/StructureDefinition/implementationguide-page">
        <valueUri value="AllergyIntolerance-fab01e0d-260e-4acc-9b22-a18d1dc88333.html"/>
      </extension>
      <example value="true"/>
      <name value="AllergyIntolerance example 7"/>
      <sourceReference>
        <reference value="AllergyIntolerance/fab01e0d-260e-4acc-9b22-a18d1dc88333"/>
      </sourceReference>
    </resource>
    <resource>
      <extension url="http://hl7.org/fhir/tools/StructureDefinition/resource-information">
        <valueString value="RelatedPerson"/>
      </extension>
      <extension url="http://hl7.org/fhir/StructureDefinition/implementationguide-page">
        <valueUri value="RelatedPerson-6870bc44-97a1-4523-8d98-fc1ee640ea70.html"/>
      </extension>
      <example value="true"/>
      <name value="RelatedPerson example 1"/>
      <sourceReference>
        <reference value="RelatedPerson/6870bc44-97a1-4523-8d98-fc1ee640ea70"/>
      </sourceReference>
    </resource>
    <resource>
      <extension url="http://hl7.org/fhir/tools/StructureDefinition/resource-information">
        <valueString value="RelatedPerson"/>
      </extension>
      <extension url="http://hl7.org/fhir/StructureDefinition/implementationguide-page">
        <valueUri value="RelatedPerson-9c44a0e9-4c8e-4c52-bdbd-9c38e4714bc6.html"/>
      </extension>
      <example value="true"/>
      <name value="RelatedPerson example 2"/>
      <sourceReference>
        <reference value="RelatedPerson/9c44a0e9-4c8e-4c52-bdbd-9c38e4714bc6"/>
      </sourceReference>
    </resource>
    <resource>
      <extension url="http://hl7.org/fhir/tools/StructureDefinition/resource-information">
        <valueString value="RelatedPerson"/>
      </extension>
      <extension url="http://hl7.org/fhir/StructureDefinition/implementationguide-page">
        <valueUri value="RelatedPerson-47c94af0-2ba0-4c9a-be38-1efed4c6286d.html"/>
      </extension>
      <example value="true"/>
      <name value="RelatedPerson example 3"/>
      <sourceReference>
        <reference value="RelatedPerson/47c94af0-2ba0-4c9a-be38-1efed4c6286d"/>
      </sourceReference>
    </resource>
    <resource>
      <extension url="http://hl7.org/fhir/tools/StructureDefinition/resource-information">
        <valueString value="Observation"/>
      </extension>
      <extension url="http://hl7.org/fhir/StructureDefinition/implementationguide-page">
        <valueUri value="Observation-4e6c2639-370b-43cd-85db-91bf85da2b22.html"/>
      </extension>
      <example value="true"/>
      <name value="Observation example 1"/>
      <sourceReference>
        <reference value="Observation/4e6c2639-370b-43cd-85db-91bf85da2b22"/>
      </sourceReference>
    </resource>
  </package>
  <page>
    <source value="index.html"/>
    <title value="Australian Digital Health Agency Personal Health Records FHIR Implementation Guide"/>
    <kind value="page"/>
  </page>
</ImplementationGuide>