<?xml version="1.0" encoding="UTF-8"?>

<MedicationStatement xmlns="http://hl7.org/fhir">
  <id value="2d37384a-232c-4e0d-bd31-a3c667bae843"/>
  <meta>
    <profile value="http://ns.electronichealth.net.au/ci/fhir/3.0/StructureDefinition/medicationstatement-summary-1"/>
  </meta>
  <text>
    <status value="generated"/><div xmlns="http://www.w3.org/1999/xhtml"><p><b>Generated Narrative with Details</b></p><p><b>id</b>: 2d37384a-232c-4e0d-bd31-a3c667bae843</p><p><b>meta</b>: </p><p><b>status</b>: active</p><p><b>medication</b>: St. John's wort extract <span style="background: LightGoldenRodYellow">(Details )</span></p><p><b>informationSource</b>: <a href="Patient-5440dd6d-154e-44ef-881b-19caa274b6c4.html">Generated Summary: id: 5440dd6d-154e-44ef-881b-19caa274b6c4; National unique individual identifier = 8003608833357361; gender: male</a></p><p><b>subject</b>: <a href="Patient-5440dd6d-154e-44ef-881b-19caa274b6c4.html">Generated Summary: id: 5440dd6d-154e-44ef-881b-19caa274b6c4; National unique individual identifier = 8003608833357361; gender: male</a></p><p><b>taken</b>: y</p><p><b>reasonCode</b>: Depression <span style="background: LightGoldenRodYellow">(Details )</span></p><p><b>dosage</b>: </p></div>
  </text>
  <status value="active"/>
  <medicationCodeableConcept>
    <text value="St. John&#39;s wort extract"/>
  </medicationCodeableConcept>
  <informationSource>
    <reference value="Patient/5440dd6d-154e-44ef-881b-19caa274b6c4"/>
  </informationSource>
  <subject>
    <reference value="Patient/5440dd6d-154e-44ef-881b-19caa274b6c4"/>
  </subject>
  <taken value="y"/>
  <reasonCode>
    <text value="Depression"/>
  </reasonCode>
  <dosage>
    <text value="Directions on bottle"/>
  </dosage>
</MedicationStatement>