{"resourceType":"StructureDefinition","id":"list-sml-pracchanges-1","text":{"status":"generated","div":"<div xmlns=\"http://www.w3.org/1999/xhtml\"><table border=\"0\" cellpadding=\"0\" cellspacing=\"0\" style=\"border: 0px #F0F0F0 solid; font-size: 11px; font-family: verdana; vertical-align: top;\"><tr style=\"border: 1px #F0F0F0 solid; font-size: 11px; font-family: verdana; vertical-align: top;\"><th style=\"vertical-align: top; text-align : left; background-color: white; border: 0px #F0F0F0 solid; padding:0px 4px 0px 4px\" class=\"hierarchy\"><a href=\"http://hl7.org/fhir/STU3/formats.html#table\" title=\"The logical name of the element\">Name</a></th><th style=\"vertical-align: top; text-align : left; background-color: white; border: 0px #F0F0F0 solid; padding:0px 4px 0px 4px\" class=\"hierarchy\"><a href=\"http://hl7.org/fhir/STU3/formats.html#table\" title=\"Information about the use of the element\">Flags</a></th><th style=\"vertical-align: top; text-align : left; background-color: white; border: 0px #F0F0F0 solid; padding:0px 4px 0px 4px\" class=\"hierarchy\"><a href=\"http://hl7.org/fhir/STU3/formats.html#table\" title=\"Minimum and Maximum # of times the the element can appear in the instance\">Card.</a></th><th style=\"width: 100px\" class=\"hierarchy\"><a href=\"http://hl7.org/fhir/STU3/formats.html#table\" title=\"Reference to the type of the element\">Type</a></th><th style=\"vertical-align: top; text-align : left; background-color: white; border: 0px #F0F0F0 solid; padding:0px 4px 0px 4px\" class=\"hierarchy\"><a href=\"http://hl7.org/fhir/STU3/formats.html#table\" title=\"Additional information about the element\">Description &amp; Constraints</a><span style=\"float: right\"><a href=\"http://hl7.org/fhir/STU3/formats.html#table\" title=\"Legend for this format\"><img src=\"http://hl7.org/fhir/STU3/help16.png\" alt=\"doco\" style=\"background-color: inherit\"/></a></span></th></tr><tr style=\"border: 0px #F0F0F0 solid; padding:0px; vertical-align: top; background-color: white;\"><td style=\"vertical-align: top; text-align : left; background-color: white; border: 0px #F0F0F0 solid; padding:0px 4px 0px 4px; white-space: nowrap; background-image: url(tbl_bck1.png)\" class=\"hierarchy\"><img src=\"tbl_spacer.png\" alt=\".\" style=\"background-color: inherit\" class=\"hierarchy\"/><img src=\"icon_element.gif\" alt=\".\" style=\"background-color: white; background-color: inherit\" title=\"Element\" class=\"hierarchy\"/> <a href=\"StructureDefinition-list-sml-pracchanges-1-definitions.html#List\" title=\"A list of medicines authored by a practitioner at a point in time that describes the medicines an individual is taking.\">List</a><a name=\"List\"> </a></td><td style=\"vertical-align: top; text-align : left; background-color: white; border: 0px #F0F0F0 solid; padding:0px 4px 0px 4px\" class=\"hierarchy\"><span style=\"padding-left: 3px; padding-right: 3px; color: black; null\" title=\"This element has or is affected by some invariants (inv-dh-lst-01, inv-dh-lst-02, inv-dh-lst-03)\">I</span></td><td style=\"vertical-align: top; text-align : left; background-color: white; border: 0px #F0F0F0 solid; padding:0px 4px 0px 4px\" class=\"hierarchy\"><span style=\"opacity: 0.4\">0</span><span style=\"opacity: 0.5\">..</span><span style=\"opacity: 0.4\">*</span></td><td style=\"vertical-align: top; text-align : left; background-color: white; border: 0px #F0F0F0 solid; padding:0px 4px 0px 4px\" class=\"hierarchy\"/><td style=\"vertical-align: top; text-align : left; background-color: white; border: 0px #F0F0F0 solid; padding:0px 4px 0px 4px\" class=\"hierarchy\">A list of medicine items for a patient<br/><span style=\"font-weight:bold\">inv-dh-lst-01: </span>The subject shall at least have a reference or an identifier with at least a system and a value<br/><span style=\"font-weight:bold\">inv-dh-lst-02: </span>The source shall at least have a reference or an identifier with at least a system and a value<br/><span style=\"font-weight:bold\">inv-dh-lst-03: </span>The author role shall at least have a reference or an identifier with at least a system and a value</td></tr>\r\n<tr style=\"border: 0px #F0F0F0 solid; padding:0px; vertical-align: top; background-color: #F7F7F7;\"><td style=\"vertical-align: top; text-align : left; background-color: #F7F7F7; border: 0px #F0F0F0 solid; padding:0px 4px 0px 4px; white-space: nowrap; background-image: url(tbl_bck11.png)\" class=\"hierarchy\"><img src=\"tbl_spacer.png\" alt=\".\" style=\"background-color: inherit\" class=\"hierarchy\"/><img src=\"tbl_vjoin.png\" alt=\".\" style=\"background-color: inherit\" class=\"hierarchy\"/><img src=\"icon_element.gif\" alt=\".\" style=\"background-color: #F7F7F7; background-color: inherit\" title=\"Element\" class=\"hierarchy\"/> <a href=\"StructureDefinition-list-sml-pracchanges-1-definitions.html#List.meta\" title=\"null\">meta</a><a name=\"List.meta\"> </a></td><td style=\"vertical-align: top; text-align : left; background-color: #F7F7F7; border: 0px #F0F0F0 solid; padding:0px 4px 0px 4px\" class=\"hierarchy\"><span style=\"padding-left: 3px; padding-right: 3px; color: black; null\" title=\"This element has or is affected by some invariants (inv-dh-lst-04)\">I</span></td><td style=\"vertical-align: top; text-align : left; background-color: #F7F7F7; border: 0px #F0F0F0 solid; padding:0px 4px 0px 4px\" class=\"hierarchy\">1..1</td><td style=\"vertical-align: top; text-align : left; background-color: #F7F7F7; border: 0px #F0F0F0 solid; padding:0px 4px 0px 4px\" class=\"hierarchy\"><a style=\"opacity: 0.4\" href=\"http://hl7.org/fhir/STU3/datatypes.html#Meta\">Meta</a></td><td style=\"vertical-align: top; text-align : left; background-color: #F7F7F7; border: 0px #F0F0F0 solid; padding:0px 4px 0px 4px\" class=\"hierarchy\"><span style=\"font-weight:bold\">inv-dh-lst-04: </span>One profile shall be 'http://ns.electronichealth.net.au/ci/fhir/3.0/StructureDefinition/list-sml-pracchanges-1'</td></tr>\r\n<tr style=\"border: 0px #F0F0F0 solid; padding:0px; vertical-align: top; background-color: white;\"><td style=\"vertical-align: top; text-align : left; background-color: white; border: 0px #F0F0F0 solid; padding:0px 4px 0px 4px; white-space: nowrap; background-image: url(tbl_bck100.png)\" class=\"hierarchy\"><img src=\"tbl_spacer.png\" alt=\".\" style=\"background-color: inherit\" class=\"hierarchy\"/><img src=\"tbl_vline.png\" alt=\".\" style=\"background-color: inherit\" class=\"hierarchy\"/><img src=\"tbl_vjoin_end.png\" alt=\".\" style=\"background-color: inherit\" class=\"hierarchy\"/><img src=\"icon_element.gif\" alt=\".\" style=\"background-color: white; background-color: inherit\" title=\"Element\" class=\"hierarchy\"/> <a href=\"StructureDefinition-list-sml-pracchanges-1-definitions.html#List.meta.profile\" title=\"null\">profile</a><a name=\"List.meta.profile\"> </a></td><td style=\"vertical-align: top; text-align : left; background-color: white; border: 0px #F0F0F0 solid; padding:0px 4px 0px 4px\" class=\"hierarchy\"/><td style=\"vertical-align: top; text-align : left; background-color: white; border: 0px #F0F0F0 solid; padding:0px 4px 0px 4px\" class=\"hierarchy\">1..*</td><td style=\"vertical-align: top; text-align : left; background-color: white; border: 0px #F0F0F0 solid; padding:0px 4px 0px 4px\" class=\"hierarchy\"><a style=\"opacity: 0.4\" href=\"http://hl7.org/fhir/STU3/datatypes.html#uri\">uri</a></td><td style=\"vertical-align: top; text-align : left; background-color: white; border: 0px #F0F0F0 solid; padding:0px 4px 0px 4px\" class=\"hierarchy\"/></tr>\r\n<tr style=\"border: 0px #F0F0F0 solid; padding:0px; vertical-align: top; background-color: #F7F7F7;\"><td style=\"vertical-align: top; text-align : left; background-color: #F7F7F7; border: 0px #F0F0F0 solid; padding:0px 4px 0px 4px; white-space: nowrap; background-image: url(tbl_bck10.png)\" class=\"hierarchy\"><img src=\"tbl_spacer.png\" alt=\".\" style=\"background-color: inherit\" class=\"hierarchy\"/><img src=\"tbl_vjoin.png\" alt=\".\" style=\"background-color: inherit\" class=\"hierarchy\"/><img src=\"icon_element.gif\" alt=\".\" style=\"background-color: #F7F7F7; background-color: inherit\" title=\"Element\" class=\"hierarchy\"/> <a href=\"StructureDefinition-list-sml-pracchanges-1-definitions.html#List.language\" title=\"null\">language</a><a name=\"List.language\"> </a></td><td style=\"vertical-align: top; text-align : left; background-color: #F7F7F7; border: 0px #F0F0F0 solid; padding:0px 4px 0px 4px\" class=\"hierarchy\"/><td style=\"vertical-align: top; text-align : left; background-color: #F7F7F7; border: 0px #F0F0F0 solid; padding:0px 4px 0px 4px\" class=\"hierarchy\">1..1</td><td style=\"vertical-align: top; text-align : left; background-color: #F7F7F7; border: 0px #F0F0F0 solid; padding:0px 4px 0px 4px\" class=\"hierarchy\"><a style=\"opacity: 0.4\" href=\"http://hl7.org/fhir/STU3/datatypes.html#code\">code</a></td><td style=\"vertical-align: top; text-align : left; background-color: #F7F7F7; border: 0px #F0F0F0 solid; padding:0px 4px 0px 4px\" class=\"hierarchy\"><span style=\"font-weight:bold\">Fixed Value: </span><span style=\"color: darkgreen\">en-AU</span></td></tr>\r\n<tr style=\"border: 0px #F0F0F0 solid; padding:0px; vertical-align: top; background-color: white;\"><td style=\"vertical-align: top; text-align : left; background-color: white; border: 0px #F0F0F0 solid; padding:0px 4px 0px 4px; white-space: nowrap; background-image: url(tbl_bck14.png)\" class=\"hierarchy\"><img src=\"tbl_spacer.png\" alt=\".\" style=\"background-color: inherit\" class=\"hierarchy\"/><img src=\"tbl_vjoin.png\" alt=\".\" style=\"background-color: inherit\" class=\"hierarchy\"/><img src=\"icon_slice_item.png\" alt=\".\" style=\"background-color: white; background-color: inherit\" title=\"Slice Item\" class=\"hierarchy\"/> <a href=\"StructureDefinition-list-sml-pracchanges-1-definitions.html#List.extension:sourceRole\" title=\"Slice sourceRole: null\">extension:sourceRole</a><a name=\"List.extension\"> </a></td><td style=\"vertical-align: top; text-align : left; background-color: white; border: 0px #F0F0F0 solid; padding:0px 4px 0px 4px\" class=\"hierarchy\"><span style=\"padding-left: 3px; padding-right: 3px; color: white; background-color: red\" title=\"This element must be supported\">S</span><span style=\"padding-left: 3px; padding-right: 3px; color: black; null\" title=\"This element has or is affected by some invariants (inv-dh-lst-05)\">I</span></td><td style=\"vertical-align: top; text-align : left; background-color: white; border: 0px #F0F0F0 solid; padding:0px 4px 0px 4px\" class=\"hierarchy\">1..1</td><td style=\"vertical-align: top; text-align : left; background-color: white; border: 0px #F0F0F0 solid; padding:0px 4px 0px 4px\" class=\"hierarchy\"><a style=\"opacity: 0.4\" href=\"http://hl7.org.au/fhir/base/aubase1.1/StructureDefinition-author-role.html\" title=\"Extension\">AuthorRole</a></td><td style=\"vertical-align: top; text-align : left; background-color: white; border: 0px #F0F0F0 solid; padding:0px 4px 0px 4px\" class=\"hierarchy\">Practitioner role that authored the list<br/><span style=\"font-weight:bold\">inv-dh-lst-05: </span>A practitioner role shall conform to PractitionerRole with Practitioner with Mandatory Identifier</td></tr>\r\n<tr style=\"border: 0px #F0F0F0 solid; padding:0px; vertical-align: top; background-color: #F7F7F7;\"><td style=\"vertical-align: top; text-align : left; background-color: #F7F7F7; border: 0px #F0F0F0 solid; padding:0px 4px 0px 4px; white-space: nowrap; background-image: url(tbl_bck10.png)\" class=\"hierarchy\"><img src=\"tbl_spacer.png\" alt=\".\" style=\"background-color: inherit\" class=\"hierarchy\"/><img src=\"tbl_vjoin.png\" alt=\".\" style=\"background-color: inherit\" class=\"hierarchy\"/><img src=\"icon_element.gif\" alt=\".\" style=\"background-color: #F7F7F7; background-color: inherit\" title=\"Element\" class=\"hierarchy\"/> <a href=\"StructureDefinition-list-sml-pracchanges-1-definitions.html#List.status\" title=\"null\">status</a><a name=\"List.status\"> </a></td><td style=\"vertical-align: top; text-align : left; background-color: #F7F7F7; border: 0px #F0F0F0 solid; padding:0px 4px 0px 4px\" class=\"hierarchy\"><span style=\"padding-left: 3px; padding-right: 3px; color: white; background-color: red\" title=\"This element must be supported\">S</span></td><td style=\"vertical-align: top; text-align : left; background-color: #F7F7F7; border: 0px #F0F0F0 solid; padding:0px 4px 0px 4px\" class=\"hierarchy\"><span style=\"opacity: 0.4\">1</span><span style=\"opacity: 0.5\">..</span><span style=\"opacity: 0.4\">1</span></td><td style=\"vertical-align: top; text-align : left; background-color: #F7F7F7; border: 0px #F0F0F0 solid; padding:0px 4px 0px 4px\" class=\"hierarchy\"><a style=\"opacity: 0.4\" href=\"http://hl7.org/fhir/STU3/datatypes.html#code\">code</a></td><td style=\"vertical-align: top; text-align : left; background-color: #F7F7F7; border: 0px #F0F0F0 solid; padding:0px 4px 0px 4px\" class=\"hierarchy\"><span style=\"font-weight:bold\">Fixed Value: </span><span style=\"color: darkgreen\">current</span></td></tr>\r\n<tr style=\"border: 0px #F0F0F0 solid; padding:0px; vertical-align: top; background-color: white;\"><td style=\"vertical-align: top; text-align : left; background-color: white; border: 0px #F0F0F0 solid; padding:0px 4px 0px 4px; white-space: nowrap; background-image: url(tbl_bck10.png)\" class=\"hierarchy\"><img src=\"tbl_spacer.png\" alt=\".\" style=\"background-color: inherit\" class=\"hierarchy\"/><img src=\"tbl_vjoin.png\" alt=\".\" style=\"background-color: inherit\" class=\"hierarchy\"/><img src=\"icon_element.gif\" alt=\".\" style=\"background-color: white; background-color: inherit\" title=\"Element\" class=\"hierarchy\"/> <a href=\"StructureDefinition-list-sml-pracchanges-1-definitions.html#List.mode\" title=\"null\">mode</a><a name=\"List.mode\"> </a></td><td style=\"vertical-align: top; text-align : left; background-color: white; border: 0px #F0F0F0 solid; padding:0px 4px 0px 4px\" class=\"hierarchy\"/><td style=\"vertical-align: top; text-align : left; background-color: white; border: 0px #F0F0F0 solid; padding:0px 4px 0px 4px\" class=\"hierarchy\"><span style=\"opacity: 0.4\">1</span><span style=\"opacity: 0.5\">..</span><span style=\"opacity: 0.4\">1</span></td><td style=\"vertical-align: top; text-align : left; background-color: white; border: 0px #F0F0F0 solid; padding:0px 4px 0px 4px\" class=\"hierarchy\"><a style=\"opacity: 0.4\" href=\"http://hl7.org/fhir/STU3/datatypes.html#code\">code</a></td><td style=\"vertical-align: top; text-align : left; background-color: white; border: 0px #F0F0F0 solid; padding:0px 4px 0px 4px\" class=\"hierarchy\"><span style=\"font-weight:bold\">Fixed Value: </span><span style=\"color: darkgreen\">snapshot</span></td></tr>\r\n<tr style=\"border: 0px #F0F0F0 solid; padding:0px; vertical-align: top; background-color: #F7F7F7;\"><td style=\"vertical-align: top; text-align : left; background-color: #F7F7F7; border: 0px #F0F0F0 solid; padding:0px 4px 0px 4px; white-space: nowrap; background-image: url(tbl_bck10.png)\" class=\"hierarchy\"><img src=\"tbl_spacer.png\" alt=\".\" style=\"background-color: inherit\" class=\"hierarchy\"/><img src=\"tbl_vjoin.png\" alt=\".\" style=\"background-color: inherit\" class=\"hierarchy\"/><img src=\"icon_element.gif\" alt=\".\" style=\"background-color: #F7F7F7; background-color: inherit\" title=\"Element\" class=\"hierarchy\"/> <a href=\"StructureDefinition-list-sml-pracchanges-1-definitions.html#List.title\" title=\"null\">title</a><a name=\"List.title\"> </a></td><td style=\"vertical-align: top; text-align : left; background-color: #F7F7F7; border: 0px #F0F0F0 solid; padding:0px 4px 0px 4px\" class=\"hierarchy\"><span style=\"padding-left: 3px; padding-right: 3px; color: white; background-color: red\" title=\"This element must be supported\">S</span></td><td style=\"vertical-align: top; text-align : left; background-color: #F7F7F7; border: 0px #F0F0F0 solid; padding:0px 4px 0px 4px\" class=\"hierarchy\"><span style=\"opacity: 0.4\">0</span><span style=\"opacity: 0.5\">..</span><span style=\"opacity: 0.4\">1</span></td><td style=\"vertical-align: top; text-align : left; background-color: #F7F7F7; border: 0px #F0F0F0 solid; padding:0px 4px 0px 4px\" class=\"hierarchy\"><a style=\"opacity: 0.4\" href=\"http://hl7.org/fhir/STU3/datatypes.html#string\">string</a></td><td style=\"vertical-align: top; text-align : left; background-color: #F7F7F7; border: 0px #F0F0F0 solid; padding:0px 4px 0px 4px\" class=\"hierarchy\"/></tr>\r\n<tr style=\"border: 0px #F0F0F0 solid; padding:0px; vertical-align: top; background-color: white;\"><td style=\"vertical-align: top; text-align : left; background-color: white; border: 0px #F0F0F0 solid; padding:0px 4px 0px 4px; white-space: nowrap; background-image: url(tbl_bck10.png)\" class=\"hierarchy\"><img src=\"tbl_spacer.png\" alt=\".\" style=\"background-color: inherit\" class=\"hierarchy\"/><img src=\"tbl_vjoin.png\" alt=\".\" style=\"background-color: inherit\" class=\"hierarchy\"/><img src=\"icon_element.gif\" alt=\".\" style=\"background-color: white; background-color: inherit\" title=\"Element\" class=\"hierarchy\"/> <a href=\"StructureDefinition-list-sml-pracchanges-1-definitions.html#List.code\" title=\"null\">code</a><a name=\"List.code\"> </a></td><td style=\"vertical-align: top; text-align : left; background-color: white; border: 0px #F0F0F0 solid; padding:0px 4px 0px 4px\" class=\"hierarchy\"><span style=\"padding-left: 3px; padding-right: 3px; color: white; background-color: red\" title=\"This element must be supported\">S</span></td><td style=\"vertical-align: top; text-align : left; background-color: white; border: 0px #F0F0F0 solid; padding:0px 4px 0px 4px\" class=\"hierarchy\">1..1</td><td style=\"vertical-align: top; text-align : left; background-color: white; border: 0px #F0F0F0 solid; padding:0px 4px 0px 4px\" class=\"hierarchy\"><a style=\"opacity: 0.4\" href=\"http://hl7.org/fhir/STU3/datatypes.html#CodeableConcept\">CodeableConcept</a></td><td style=\"vertical-align: top; text-align : left; background-color: white; border: 0px #F0F0F0 solid; padding:0px 4px 0px 4px\" class=\"hierarchy\"><span style=\"font-weight:bold\">Binding: </span><a href=\"https://healthterminologies.gov.au/fhir/ValueSet/history-of-medication-use-list-type-1\">https://healthterminologies.gov.au/fhir/ValueSet/history-of-medication-use-list-type-1</a> (<a href=\"http://hl7.org/fhir/STU3/terminologies.html#required\" title=\"To be conformant, the concept in this element SHALL be from the specified value set.\">required</a>)</td></tr>\r\n<tr style=\"border: 0px #F0F0F0 solid; padding:0px; vertical-align: top; background-color: #F7F7F7;\"><td style=\"vertical-align: top; text-align : left; background-color: #F7F7F7; border: 0px #F0F0F0 solid; padding:0px 4px 0px 4px; white-space: nowrap; background-image: url(tbl_bck10.png)\" class=\"hierarchy\"><img src=\"tbl_spacer.png\" alt=\".\" style=\"background-color: inherit\" class=\"hierarchy\"/><img src=\"tbl_vjoin.png\" alt=\".\" style=\"background-color: inherit\" class=\"hierarchy\"/><img src=\"icon_reference.png\" alt=\".\" style=\"background-color: #F7F7F7; background-color: inherit\" title=\"Reference to another Resource\" class=\"hierarchy\"/> <a href=\"StructureDefinition-list-sml-pracchanges-1-definitions.html#List.subject\" title=\"null\">subject</a><a name=\"List.subject\"> </a></td><td style=\"vertical-align: top; text-align : left; background-color: #F7F7F7; border: 0px #F0F0F0 solid; padding:0px 4px 0px 4px\" class=\"hierarchy\"><span style=\"padding-left: 3px; padding-right: 3px; color: white; background-color: red\" title=\"This element must be supported\">S</span></td><td style=\"vertical-align: top; text-align : left; background-color: #F7F7F7; border: 0px #F0F0F0 solid; padding:0px 4px 0px 4px\" class=\"hierarchy\">1..1</td><td style=\"vertical-align: top; text-align : left; background-color: #F7F7F7; border: 0px #F0F0F0 solid; padding:0px 4px 0px 4px\" class=\"hierarchy\"><a href=\"http://hl7.org/fhir/STU3/references.html\">Reference</a>(<a href=\"StructureDefinition-patient-ident-1.html\">Patient with Mandatory Identifier</a>)</td><td style=\"vertical-align: top; text-align : left; background-color: #F7F7F7; border: 0px #F0F0F0 solid; padding:0px 4px 0px 4px\" class=\"hierarchy\"/></tr>\r\n<tr style=\"border: 0px #F0F0F0 solid; padding:0px; vertical-align: top; background-color: white;\"><td style=\"vertical-align: top; text-align : left; background-color: white; border: 0px #F0F0F0 solid; padding:0px 4px 0px 4px; white-space: nowrap; background-image: url(tbl_bck11.png)\" class=\"hierarchy\"><img src=\"tbl_spacer.png\" alt=\".\" style=\"background-color: inherit\" class=\"hierarchy\"/><img src=\"tbl_vjoin.png\" alt=\".\" style=\"background-color: inherit\" class=\"hierarchy\"/><img src=\"icon_reference.png\" alt=\".\" style=\"background-color: white; background-color: inherit\" title=\"Reference to another Resource\" class=\"hierarchy\"/> <a href=\"StructureDefinition-list-sml-pracchanges-1-definitions.html#List.encounter\" title=\"null\">encounter</a><a name=\"List.encounter\"> </a></td><td style=\"vertical-align: top; text-align : left; background-color: white; border: 0px #F0F0F0 solid; padding:0px 4px 0px 4px\" class=\"hierarchy\"><span style=\"padding-left: 3px; padding-right: 3px; color: white; background-color: red\" title=\"This element must be supported\">S</span></td><td style=\"vertical-align: top; text-align : left; background-color: white; border: 0px #F0F0F0 solid; padding:0px 4px 0px 4px\" class=\"hierarchy\"><span style=\"opacity: 0.4\">0</span><span style=\"opacity: 0.5\">..</span><span style=\"opacity: 0.4\">1</span></td><td style=\"vertical-align: top; text-align : left; background-color: white; border: 0px #F0F0F0 solid; padding:0px 4px 0px 4px\" class=\"hierarchy\"><a href=\"http://hl7.org/fhir/STU3/references.html\">Reference</a>(<a href=\"StructureDefinition-encounter-es-1.html\">Summary of an Encounter for an Event</a>)</td><td style=\"vertical-align: top; text-align : left; background-color: white; border: 0px #F0F0F0 solid; padding:0px 4px 0px 4px\" class=\"hierarchy\"/></tr>\r\n<tr style=\"border: 0px #F0F0F0 solid; padding:0px; vertical-align: top; background-color: #F7F7F7;\"><td style=\"vertical-align: top; text-align : left; background-color: #F7F7F7; border: 0px #F0F0F0 solid; padding:0px 4px 0px 4px; white-space: nowrap; background-image: url(tbl_bck100.png)\" class=\"hierarchy\"><img src=\"tbl_spacer.png\" alt=\".\" style=\"background-color: inherit\" class=\"hierarchy\"/><img src=\"tbl_vline.png\" alt=\".\" style=\"background-color: inherit\" class=\"hierarchy\"/><img src=\"tbl_vjoin_end.png\" alt=\".\" style=\"background-color: inherit\" class=\"hierarchy\"/><img src=\"icon_element.gif\" alt=\".\" style=\"background-color: #F7F7F7; background-color: inherit\" title=\"Element\" class=\"hierarchy\"/> <a href=\"StructureDefinition-list-sml-pracchanges-1-definitions.html#List.encounter.reference\" title=\"null\">reference</a><a name=\"List.encounter.reference\"> </a></td><td style=\"vertical-align: top; text-align : left; background-color: #F7F7F7; border: 0px #F0F0F0 solid; padding:0px 4px 0px 4px\" class=\"hierarchy\"/><td style=\"vertical-align: top; text-align : left; background-color: #F7F7F7; border: 0px #F0F0F0 solid; padding:0px 4px 0px 4px\" class=\"hierarchy\">1..1</td><td style=\"vertical-align: top; text-align : left; background-color: #F7F7F7; border: 0px #F0F0F0 solid; padding:0px 4px 0px 4px\" class=\"hierarchy\"><a style=\"opacity: 0.4\" href=\"http://hl7.org/fhir/STU3/datatypes.html#string\">string</a></td><td style=\"vertical-align: top; text-align : left; background-color: #F7F7F7; border: 0px #F0F0F0 solid; padding:0px 4px 0px 4px\" class=\"hierarchy\"/></tr>\r\n<tr style=\"border: 0px #F0F0F0 solid; padding:0px; vertical-align: top; background-color: white;\"><td style=\"vertical-align: top; text-align : left; background-color: white; border: 0px #F0F0F0 solid; padding:0px 4px 0px 4px; white-space: nowrap; background-image: url(tbl_bck10.png)\" class=\"hierarchy\"><img src=\"tbl_spacer.png\" alt=\".\" style=\"background-color: inherit\" class=\"hierarchy\"/><img src=\"tbl_vjoin.png\" alt=\".\" style=\"background-color: inherit\" class=\"hierarchy\"/><img src=\"icon_element.gif\" alt=\".\" style=\"background-color: white; background-color: inherit\" title=\"Element\" class=\"hierarchy\"/> <a href=\"StructureDefinition-list-sml-pracchanges-1-definitions.html#List.date\" title=\"null\">date</a><a name=\"List.date\"> </a></td><td style=\"vertical-align: top; text-align : left; background-color: white; border: 0px #F0F0F0 solid; padding:0px 4px 0px 4px\" class=\"hierarchy\"><span style=\"padding-left: 3px; padding-right: 3px; color: white; background-color: red\" title=\"This element must be supported\">S</span></td><td style=\"vertical-align: top; text-align : left; background-color: white; border: 0px #F0F0F0 solid; padding:0px 4px 0px 4px\" class=\"hierarchy\">1..1</td><td style=\"vertical-align: top; text-align : left; background-color: white; border: 0px #F0F0F0 solid; padding:0px 4px 0px 4px\" class=\"hierarchy\"><a style=\"opacity: 0.4\" href=\"http://hl7.org/fhir/STU3/datatypes.html#dateTime\">dateTime</a></td><td style=\"vertical-align: top; text-align : left; background-color: white; border: 0px #F0F0F0 solid; padding:0px 4px 0px 4px\" class=\"hierarchy\"/></tr>\r\n<tr style=\"border: 0px #F0F0F0 solid; padding:0px; vertical-align: top; background-color: #F7F7F7;\"><td style=\"vertical-align: top; text-align : left; background-color: #F7F7F7; border: 0px #F0F0F0 solid; padding:0px 4px 0px 4px; white-space: nowrap; background-image: url(tbl_bck10.png)\" class=\"hierarchy\"><img src=\"tbl_spacer.png\" alt=\".\" style=\"background-color: inherit\" class=\"hierarchy\"/><img src=\"tbl_vjoin.png\" alt=\".\" style=\"background-color: inherit\" class=\"hierarchy\"/><img src=\"icon_reference.png\" alt=\".\" style=\"background-color: #F7F7F7; background-color: inherit\" title=\"Reference to another Resource\" class=\"hierarchy\"/> <a href=\"StructureDefinition-list-sml-pracchanges-1-definitions.html#List.source\" title=\"null\">source</a><a name=\"List.source\"> </a></td><td style=\"vertical-align: top; text-align : left; background-color: #F7F7F7; border: 0px #F0F0F0 solid; padding:0px 4px 0px 4px\" class=\"hierarchy\"><span style=\"padding-left: 3px; padding-right: 3px; color: white; background-color: red\" title=\"This element must be supported\">S</span></td><td style=\"vertical-align: top; text-align : left; background-color: #F7F7F7; border: 0px #F0F0F0 solid; padding:0px 4px 0px 4px\" class=\"hierarchy\">1..1</td><td style=\"vertical-align: top; text-align : left; background-color: #F7F7F7; border: 0px #F0F0F0 solid; padding:0px 4px 0px 4px\" class=\"hierarchy\"><a href=\"http://hl7.org/fhir/STU3/references.html\">Reference</a>(<a href=\"StructureDefinition-practitioner-ident-1.html\">Practitioner with Mandatory Identifier</a>)</td><td style=\"vertical-align: top; text-align : left; background-color: #F7F7F7; border: 0px #F0F0F0 solid; padding:0px 4px 0px 4px\" class=\"hierarchy\">Practitioner referenced by practitioner role that authored the list</td></tr>\r\n<tr style=\"border: 0px #F0F0F0 solid; padding:0px; vertical-align: top; background-color: white;\"><td style=\"vertical-align: top; text-align : left; background-color: white; border: 0px #F0F0F0 solid; padding:0px 4px 0px 4px; white-space: nowrap; background-image: url(tbl_bck10.png)\" class=\"hierarchy\"><img src=\"tbl_spacer.png\" alt=\".\" style=\"background-color: inherit\" class=\"hierarchy\"/><img src=\"tbl_vjoin.png\" alt=\".\" style=\"background-color: inherit\" class=\"hierarchy\"/><img src=\"icon_element.gif\" alt=\".\" style=\"background-color: white; background-color: inherit\" title=\"Element\" class=\"hierarchy\"/> <a href=\"StructureDefinition-list-sml-pracchanges-1-definitions.html#List.note\" title=\"null\">note</a><a name=\"List.note\"> </a></td><td style=\"vertical-align: top; text-align : left; background-color: white; border: 0px #F0F0F0 solid; padding:0px 4px 0px 4px\" class=\"hierarchy\"><span style=\"padding-left: 3px; padding-right: 3px; color: white; background-color: red\" title=\"This element must be supported\">S</span></td><td style=\"vertical-align: top; text-align : left; background-color: white; border: 0px #F0F0F0 solid; padding:0px 4px 0px 4px\" class=\"hierarchy\"><span style=\"opacity: 0.4\">0</span><span style=\"opacity: 0.5\">..</span><span style=\"opacity: 0.4\">*</span></td><td style=\"vertical-align: top; text-align : left; background-color: white; border: 0px #F0F0F0 solid; padding:0px 4px 0px 4px\" class=\"hierarchy\"><a style=\"opacity: 0.4\" href=\"http://hl7.org/fhir/STU3/datatypes.html#Annotation\">Annotation</a></td><td style=\"vertical-align: top; text-align : left; background-color: white; border: 0px #F0F0F0 solid; padding:0px 4px 0px 4px\" class=\"hierarchy\"/></tr>\r\n<tr style=\"border: 0px #F0F0F0 solid; padding:0px; vertical-align: top; background-color: #F7F7F7;\"><td style=\"vertical-align: top; text-align : left; background-color: #F7F7F7; border: 0px #F0F0F0 solid; padding:0px 4px 0px 4px; white-space: nowrap; background-image: url(tbl_bck01.png)\" class=\"hierarchy\"><img src=\"tbl_spacer.png\" alt=\".\" style=\"background-color: inherit\" class=\"hierarchy\"/><img src=\"tbl_vjoin_end.png\" alt=\".\" style=\"background-color: inherit\" class=\"hierarchy\"/><img src=\"icon_element.gif\" alt=\".\" style=\"background-color: #F7F7F7; background-color: inherit\" title=\"Element\" class=\"hierarchy\"/> <a href=\"StructureDefinition-list-sml-pracchanges-1-definitions.html#List.entry\" title=\"null\">entry</a><a name=\"List.entry\"> </a></td><td style=\"vertical-align: top; text-align : left; background-color: #F7F7F7; border: 0px #F0F0F0 solid; padding:0px 4px 0px 4px\" class=\"hierarchy\"><span style=\"padding-left: 3px; padding-right: 3px; color: white; background-color: red\" title=\"This element must be supported\">S</span></td><td style=\"vertical-align: top; text-align : left; background-color: #F7F7F7; border: 0px #F0F0F0 solid; padding:0px 4px 0px 4px\" class=\"hierarchy\">1..*</td><td style=\"vertical-align: top; text-align : left; background-color: #F7F7F7; border: 0px #F0F0F0 solid; padding:0px 4px 0px 4px\" class=\"hierarchy\"><a style=\"opacity: 0.4\" href=\"http://hl7.org/fhir/STU3/datatypes.html#BackboneElement\">BackboneElement</a></td><td style=\"vertical-align: top; text-align : left; background-color: #F7F7F7; border: 0px #F0F0F0 solid; padding:0px 4px 0px 4px\" class=\"hierarchy\">Medicine item with change information</td></tr>\r\n<tr style=\"border: 0px #F0F0F0 solid; padding:0px; vertical-align: top; background-color: white;\"><td style=\"vertical-align: top; text-align : left; background-color: white; border: 0px #F0F0F0 solid; padding:0px 4px 0px 4px; white-space: nowrap; background-image: url(tbl_bck014.png)\" class=\"hierarchy\"><img src=\"tbl_spacer.png\" alt=\".\" style=\"background-color: inherit\" class=\"hierarchy\"/><img src=\"tbl_blank.png\" alt=\".\" style=\"background-color: inherit\" class=\"hierarchy\"/><img src=\"tbl_vjoin.png\" alt=\".\" style=\"background-color: inherit\" class=\"hierarchy\"/><img src=\"icon_slice_item.png\" alt=\".\" style=\"background-color: white; background-color: inherit\" title=\"Slice Item\" class=\"hierarchy\"/> <a href=\"StructureDefinition-list-sml-pracchanges-1-definitions.html#List.entry.extension:changeDescription\" title=\"Slice changeDescription: null\">extension:changeDescription</a><a name=\"List.entry.extension\"> </a></td><td style=\"vertical-align: top; text-align : left; background-color: white; border: 0px #F0F0F0 solid; padding:0px 4px 0px 4px\" class=\"hierarchy\"><span style=\"padding-left: 3px; padding-right: 3px; color: white; background-color: red\" title=\"This element must be supported\">S</span></td><td style=\"vertical-align: top; text-align : left; background-color: white; border: 0px #F0F0F0 solid; padding:0px 4px 0px 4px\" class=\"hierarchy\"><span style=\"opacity: 0.4\">0</span><span style=\"opacity: 0.5\">..</span><span style=\"opacity: 0.4\">1</span></td><td style=\"vertical-align: top; text-align : left; background-color: white; border: 0px #F0F0F0 solid; padding:0px 4px 0px 4px\" class=\"hierarchy\"><a style=\"opacity: 0.4\" href=\"http://hl7.org.au/fhir/base/aubase1.1/StructureDefinition-change-description.html\" title=\"Extension\">ChangeDescription</a></td><td style=\"vertical-align: top; text-align : left; background-color: white; border: 0px #F0F0F0 solid; padding:0px 4px 0px 4px\" class=\"hierarchy\">Description of the change to the medicine item</td></tr>\r\n<tr style=\"border: 0px #F0F0F0 solid; padding:0px; vertical-align: top; background-color: #F7F7F7;\"><td style=\"vertical-align: top; text-align : left; background-color: #F7F7F7; border: 0px #F0F0F0 solid; padding:0px 4px 0px 4px; white-space: nowrap; background-image: url(tbl_bck010.png)\" class=\"hierarchy\"><img src=\"tbl_spacer.png\" alt=\".\" style=\"background-color: inherit\" class=\"hierarchy\"/><img src=\"tbl_blank.png\" alt=\".\" style=\"background-color: inherit\" class=\"hierarchy\"/><img src=\"tbl_vjoin.png\" alt=\".\" style=\"background-color: inherit\" class=\"hierarchy\"/><img src=\"icon_element.gif\" alt=\".\" style=\"background-color: #F7F7F7; background-color: inherit\" title=\"Element\" class=\"hierarchy\"/> <a href=\"StructureDefinition-list-sml-pracchanges-1-definitions.html#List.entry.flag\" title=\"null\">flag</a><a name=\"List.entry.flag\"> </a></td><td style=\"vertical-align: top; text-align : left; background-color: #F7F7F7; border: 0px #F0F0F0 solid; padding:0px 4px 0px 4px\" class=\"hierarchy\"><span style=\"padding-left: 3px; padding-right: 3px; color: white; background-color: red\" title=\"This element must be supported\">S</span></td><td style=\"vertical-align: top; text-align : left; background-color: #F7F7F7; border: 0px #F0F0F0 solid; padding:0px 4px 0px 4px\" class=\"hierarchy\">1..1</td><td style=\"vertical-align: top; text-align : left; background-color: #F7F7F7; border: 0px #F0F0F0 solid; padding:0px 4px 0px 4px\" class=\"hierarchy\"><a style=\"opacity: 0.4\" href=\"http://hl7.org/fhir/STU3/datatypes.html#CodeableConcept\">CodeableConcept</a></td><td style=\"vertical-align: top; text-align : left; background-color: #F7F7F7; border: 0px #F0F0F0 solid; padding:0px 4px 0px 4px\" class=\"hierarchy\"><span style=\"font-weight:bold\">Binding: </span><a href=\"https://healthterminologies.gov.au/fhir/ValueSet/medicine-item-change-event-1\">https://healthterminologies.gov.au/fhir/ValueSet/medicine-item-change-event-1</a> (<a href=\"http://hl7.org/fhir/STU3/terminologies.html#required\" title=\"To be conformant, the concept in this element SHALL be from the specified value set.\">required</a>)</td></tr>\r\n<tr style=\"border: 0px #F0F0F0 solid; padding:0px; vertical-align: top; background-color: white;\"><td style=\"vertical-align: top; text-align : left; background-color: white; border: 0px #F0F0F0 solid; padding:0px 4px 0px 4px; white-space: nowrap; background-image: url(tbl_bck001.png)\" class=\"hierarchy\"><img src=\"tbl_spacer.png\" alt=\".\" style=\"background-color: inherit\" class=\"hierarchy\"/><img src=\"tbl_blank.png\" alt=\".\" style=\"background-color: inherit\" class=\"hierarchy\"/><img src=\"tbl_vjoin_end.png\" alt=\".\" style=\"background-color: inherit\" class=\"hierarchy\"/><img src=\"icon_reference.png\" alt=\".\" style=\"background-color: white; background-color: inherit\" title=\"Reference to another Resource\" class=\"hierarchy\"/> <a href=\"StructureDefinition-list-sml-pracchanges-1-definitions.html#List.entry.item\" title=\"null\">item</a><a name=\"List.entry.item\"> </a></td><td style=\"vertical-align: top; text-align : left; background-color: white; border: 0px #F0F0F0 solid; padding:0px 4px 0px 4px\" class=\"hierarchy\"><span style=\"padding-left: 3px; padding-right: 3px; color: white; background-color: red\" title=\"This element must be supported\">S</span></td><td style=\"vertical-align: top; text-align : left; background-color: white; border: 0px #F0F0F0 solid; padding:0px 4px 0px 4px\" class=\"hierarchy\"><span style=\"opacity: 0.4\">1</span><span style=\"opacity: 0.5\">..</span><span style=\"opacity: 0.4\">1</span></td><td style=\"vertical-align: top; text-align : left; background-color: white; border: 0px #F0F0F0 solid; padding:0px 4px 0px 4px\" class=\"hierarchy\"><a href=\"http://hl7.org/fhir/STU3/references.html\">Reference</a>(<a href=\"StructureDefinition-medicationstatement-detailed-1.html\">Medicine Item Statement</a>)</td><td style=\"vertical-align: top; text-align : left; background-color: white; border: 0px #F0F0F0 solid; padding:0px 4px 0px 4px\" class=\"hierarchy\">Medicine item</td></tr>\r\n<tr style=\"border: 0px #F0F0F0 solid; padding:0px; vertical-align: top; background-color: #F7F7F7;\"><td style=\"vertical-align: top; text-align : left; background-color: #F7F7F7; border: 0px #F0F0F0 solid; padding:0px 4px 0px 4px; white-space: nowrap; background-image: url(tbl_bck0000.png)\" class=\"hierarchy\"><img src=\"tbl_spacer.png\" alt=\".\" style=\"background-color: inherit\" class=\"hierarchy\"/><img src=\"tbl_blank.png\" alt=\".\" style=\"background-color: inherit\" class=\"hierarchy\"/><img src=\"tbl_blank.png\" alt=\".\" style=\"background-color: inherit\" class=\"hierarchy\"/><img src=\"tbl_vjoin_end.png\" alt=\".\" style=\"background-color: inherit\" class=\"hierarchy\"/><img src=\"icon_element.gif\" alt=\".\" style=\"background-color: #F7F7F7; background-color: inherit\" title=\"Element\" class=\"hierarchy\"/> <a href=\"StructureDefinition-list-sml-pracchanges-1-definitions.html#List.entry.item.reference\" title=\"null\">reference</a><a name=\"List.entry.item.reference\"> </a></td><td style=\"vertical-align: top; text-align : left; background-color: #F7F7F7; border: 0px #F0F0F0 solid; padding:0px 4px 0px 4px\" class=\"hierarchy\"/><td style=\"vertical-align: top; text-align : left; background-color: #F7F7F7; border: 0px #F0F0F0 solid; padding:0px 4px 0px 4px\" class=\"hierarchy\">1..1</td><td style=\"vertical-align: top; text-align : left; background-color: #F7F7F7; border: 0px #F0F0F0 solid; padding:0px 4px 0px 4px\" class=\"hierarchy\"><a style=\"opacity: 0.4\" href=\"http://hl7.org/fhir/STU3/datatypes.html#string\">string</a></td><td style=\"vertical-align: top; text-align : left; background-color: #F7F7F7; border: 0px #F0F0F0 solid; padding:0px 4px 0px 4px\" class=\"hierarchy\"/></tr>\r\n<tr><td colspan=\"5\" class=\"hierarchy\"><br/><a href=\"http://hl7.org/fhir/STU3/formats.html#table\" title=\"Legend for this format\"><img src=\"http://hl7.org/fhir/STU3/help16.png\" alt=\"doco\" style=\"background-color: inherit\"/> Documentation for this format</a></td></tr></table></div>"},"url":"http://ns.electronichealth.net.au/ci/fhir/3.0/StructureDefinition/list-sml-pracchanges-1","version":"1.0.0","name":"ListMedicineItemsChanges","title":"List of Medicine Items with Change Information Authored by Practitioner","status":"draft","experimental":true,"date":"2019-11-26T09:08:18+10:00","publisher":"Australian Digital Health Agency","contact":[{"telecom":[{"system":"email","value":"help@digitalhealth.gov.au"}]}],"description":"The purpose of this profile is to provide a practitioner authored list of medicine items for a patient with change information.\n\n#### Must Support\n\nIn the context of this profile [Must Support](http://hl7.org/fhir/STU3/conformance-rules.html#mustSupport) SHALL be interpreted as follows:\n\n* The system SHALL be able to include the element when authoring a resource where data is available\n\n* The system SHALL be able to store and retrieve the element\n\n* The system SHALL be able to process resources containing the element","copyright":"Copyright © 2019 Australian Digital Health Agency - All rights reserved. This content is licensed under a Creative Commons Attribution 4.0 International License. See https://creativecommons.org/licenses/by/4.0/.","fhirVersion":"3.0.2","mapping":[{"identity":"rim","uri":"http://hl7.org/v3","name":"RIM Mapping"},{"identity":"w5","uri":"http://hl7.org/fhir/w5","name":"W5 Mapping"}],"kind":"resource","abstract":false,"type":"List","baseDefinition":"http://hl7.org.au/fhir/StructureDefinition/au-medlist","derivation":"constraint","snapshot":{"element":[{"id":"List","path":"List","short":"A list of medicine items for a patient","definition":"A list of medicines authored by a practitioner at a point in time that describes the medicines an individual is taking.","alias":["Collection","WorkingList","Organizer"],"min":0,"max":"*","base":{"path":"List","min":0,"max":"*"},"constraint":[{"key":"dom-2","severity":"error","human":"If the resource is contained in another resource, it SHALL NOT contain nested Resources","expression":"contained.contained.empty()","xpath":"not(parent::f:contained and f:contained)","source":"DomainResource"},{"key":"dom-1","severity":"error","human":"If the resource is contained in another resource, it SHALL NOT contain any narrative","expression":"contained.text.empty()","xpath":"not(parent::f:contained and f:text)","source":"DomainResource"},{"key":"dom-4","severity":"error","human":"If a resource is contained in another resource, it SHALL NOT have a meta.versionId or a meta.lastUpdated","expression":"contained.meta.versionId.empty() and contained.meta.lastUpdated.empty()","xpath":"not(exists(f:contained/*/f:meta/f:versionId)) and not(exists(f:contained/*/f:meta/f:lastUpdated))","source":"DomainResource"},{"key":"dom-3","severity":"error","human":"If the resource is contained in another resource, it SHALL be referred to from elsewhere in the resource","expression":"contained.where(('#'+id in %resource.descendants().reference).not()).empty()","xpath":"not(exists(for $id in f:contained/*/@id return $id[not(ancestor::f:contained/parent::*/descendant::f:reference/@value=concat('#', $id))]))","source":"DomainResource"},{"key":"lst-2","severity":"error","human":"The deleted flag can only be used if the mode of the list is \"changes\"","expression":"mode = 'changes' or entry.deleted.empty()","xpath":"(f:mode/@value = 'changes') or not(exists(f:entry/f:deleted))","source":"List"},{"key":"lst-1","severity":"error","human":"A list can only have an emptyReason if it is empty","expression":"emptyReason.empty() or entry.empty()","xpath":"not(exists(f:emptyReason) and exists(f:entry))","source":"List"},{"key":"inv-dh-lst-01","severity":"error","human":"The subject shall at least have a reference or an identifier with at least a system and a value","expression":"subject.reference.exists() or subject.identifier.where(system.count() + value.count() >1).exists()"},{"key":"inv-dh-lst-02","severity":"error","human":"The source shall at least have a reference or an identifier with at least a system and a value","expression":"source.reference.exists() or source.identifier.where(system.count() + value.count() >1).exists()"},{"key":"inv-dh-lst-03","severity":"error","human":"The author role shall at least have a reference or an identifier with at least a system and a value","expression":"extension('http://hl7.org.au/fhir/StructureDefinition/author-role').valueReference.reference.exists() or extension('http://hl7.org.au/fhir/StructureDefinition/author-role').valueReference.identifier.where(system.count() + value.count() >1).exists()"}],"mapping":[{"identity":"rim","map":"Entity. Role, or Act"},{"identity":"rim","map":"Act[classCode<ORG,moodCode=EVN]"},{"identity":"w5","map":"infrastructure.documents"}]},{"id":"List.id","path":"List.id","short":"Logical id of this artifact","definition":"The logical id of the resource, as used in the URL for the resource. Once assigned, this value never changes.","comment":"The only time that a resource does not have an id is when it is being submitted to the server using a create operation.","min":0,"max":"1","base":{"path":"Resource.id","min":0,"max":"1"},"type":[{"code":"id"}],"isSummary":true},{"id":"List.meta","path":"List.meta","short":"Metadata about the resource","definition":"The metadata about the resource. This is content that is maintained by the infrastructure. Changes to the content may not always be associated with version changes to the resource.","min":1,"max":"1","base":{"path":"Resource.meta","min":0,"max":"1"},"type":[{"code":"Meta"}],"constraint":[{"key":"inv-dh-lst-04","severity":"error","human":"One profile shall be 'http://ns.electronichealth.net.au/ci/fhir/3.0/StructureDefinition/list-sml-pracchanges-1'","expression":"profile.where($this='http://ns.electronichealth.net.au/ci/fhir/3.0/StructureDefinition/list-sml-pracchanges-1').exists()"}],"isSummary":true},{"id":"List.meta.id","path":"List.meta.id","representation":["xmlAttr"],"short":"xml:id (or equivalent in JSON)","definition":"unique id for the element within a resource (for internal references). This may be any string value that does not contain spaces.","min":0,"max":"1","base":{"path":"Element.id","min":0,"max":"1"},"type":[{"code":"string"}],"mapping":[{"identity":"rim","map":"n/a"}]},{"id":"List.meta.extension","path":"List.meta.extension","slicing":{"discriminator":[{"type":"value","path":"url"}],"description":"Extensions are always sliced by (at least) url","rules":"open"},"short":"Additional Content defined by implementations","definition":"May be used to represent additional information that is not part of the basic definition of the element. In order to make the use of extensions safe and manageable, there is a strict set of governance  applied to the definition and use of extensions. Though any implementer is allowed to define an extension, there is a set of requirements that SHALL be met as part of the definition of the extension.","comment":"There can be no stigma associated with the use of extensions by any application, project, or standard - regardless of the institution or jurisdiction that uses or defines the extensions.  The use of extensions is what allows the FHIR specification to retain a core level of simplicity for everyone.","alias":["extensions","user content"],"min":0,"max":"*","base":{"path":"Element.extension","min":0,"max":"*"},"type":[{"code":"Extension"}],"mapping":[{"identity":"rim","map":"n/a"}]},{"id":"List.meta.versionId","path":"List.meta.versionId","short":"Version specific identifier","definition":"The version specific identifier, as it appears in the version portion of the URL. This values changes when the resource is created, updated, or deleted.","comment":"The server assigns this value, and ignores what the client specifies, except in the case that the server is imposing version integrity on updates/deletes.","min":0,"max":"1","base":{"path":"Meta.versionId","min":0,"max":"1"},"type":[{"code":"id"}],"isSummary":true},{"id":"List.meta.lastUpdated","path":"List.meta.lastUpdated","short":"When the resource version last changed","definition":"When the resource last changed - e.g. when the version changed.","comment":"This value is always populated except when the resource is first being created. The server / resource manager sets this value; what a client provides is irrelevant.","min":0,"max":"1","base":{"path":"Meta.lastUpdated","min":0,"max":"1"},"type":[{"code":"instant"}],"isSummary":true},{"id":"List.meta.profile","path":"List.meta.profile","short":"Profiles this resource claims to conform to","definition":"A list of profiles (references to [StructureDefinition](http://hl7.org/fhir/STU3/structuredefinition.html#) resources) that this resource claims to conform to. The URL is a reference to [StructureDefinition.url](http://hl7.org/fhir/STU3/).","comment":"It is up to the server and/or other infrastructure of policy to determine whether/how these claims are verified and/or updated over time.  The list of profile URLs is a set.","min":1,"max":"*","base":{"path":"Meta.profile","min":0,"max":"*"},"type":[{"code":"uri"}],"isSummary":true},{"id":"List.meta.security","path":"List.meta.security","short":"Security Labels applied to this resource","definition":"Security labels applied to this resource. These tags connect specific resources to the overall security policy and infrastructure.","comment":"The security labels can be updated without changing the stated version of the resource  The list of security labels is a set. Uniqueness is based the system/code, and version and display are ignored.","min":0,"max":"*","base":{"path":"Meta.security","min":0,"max":"*"},"type":[{"code":"Coding"}],"isSummary":true,"binding":{"extension":[{"url":"http://hl7.org/fhir/StructureDefinition/elementdefinition-bindingName","valueString":"SecurityLabels"},{"url":"http://hl7.org/fhir/StructureDefinition/elementdefinition-isCommonBinding","valueBoolean":true}],"strength":"extensible","description":"Security Labels from the Healthcare Privacy and Security Classification System.","valueSetReference":{"reference":"http://hl7.org/fhir/ValueSet/security-labels"}}},{"id":"List.meta.tag","path":"List.meta.tag","short":"Tags applied to this resource","definition":"Tags applied to this resource. Tags are intended to be used to identify and relate resources to process and workflow, and applications are not required to consider the tags when interpreting the meaning of a resource.","comment":"The tags can be updated without changing the stated version of the resource.  The list of tags is a set. Uniqueness is based the system/code, and version and display are ignored.","min":0,"max":"*","base":{"path":"Meta.tag","min":0,"max":"*"},"type":[{"code":"Coding"}],"isSummary":true,"binding":{"extension":[{"url":"http://hl7.org/fhir/StructureDefinition/elementdefinition-bindingName","valueString":"Tags"}],"strength":"example","description":"Codes that represent various types of tags, commonly workflow-related; e.g. \"Needs review by Dr. Jones\"","valueSetReference":{"reference":"http://hl7.org/fhir/ValueSet/common-tags"}}},{"id":"List.implicitRules","path":"List.implicitRules","short":"A set of rules under which this content was created","definition":"A reference to a set of rules that were followed when the resource was constructed, and which must be understood when processing the content.","comment":"Asserting this rule set restricts the content to be only understood by a limited set of trading partners. This inherently limits the usefulness of the data in the long term. However, the existing health eco-system is highly fractured, and not yet ready to define, collect, and exchange data in a generally computable sense. Wherever possible, implementers and/or specification writers should avoid using this element. \n\nThis element is labelled as a modifier because the implicit rules may provide additional knowledge about the resource that modifies it's meaning or interpretation.","min":0,"max":"1","base":{"path":"Resource.implicitRules","min":0,"max":"1"},"type":[{"code":"uri"}],"isModifier":true,"isSummary":true},{"id":"List.language","path":"List.language","short":"Language of the resource content","definition":"The base language in which the resource is written.","comment":"Language is provided to support indexing and accessibility (typically, services such as text to speech use the language tag). The html language tag in the narrative applies  to the narrative. The language tag on the resource may be used to specify the language of other presentations generated from the data in the resource  Not all the content has to be in the base language. The Resource.language should not be assumed to apply to the narrative automatically. If a language is specified, it should it also be specified on the div element in the html (see rules in HTML5 for information about the relationship between xml:lang and the html lang attribute).","min":1,"max":"1","base":{"path":"Resource.language","min":0,"max":"1"},"type":[{"code":"code"}],"fixedCode":"en-AU","binding":{"extension":[{"url":"http://hl7.org/fhir/StructureDefinition/elementdefinition-maxValueSet","valueReference":{"reference":"http://hl7.org/fhir/ValueSet/all-languages"}},{"url":"http://hl7.org/fhir/StructureDefinition/elementdefinition-bindingName","valueString":"Language"},{"url":"http://hl7.org/fhir/StructureDefinition/elementdefinition-isCommonBinding","valueBoolean":true}],"strength":"extensible","description":"A human language.","valueSetReference":{"reference":"http://hl7.org/fhir/ValueSet/languages"}}},{"id":"List.text","path":"List.text","short":"Text summary of the resource, for human interpretation","definition":"A human-readable narrative that contains a summary of the resource, and may be used to represent the content of the resource to a human. The narrative need not encode all the structured data, but is required to contain sufficient detail to make it \"clinically safe\" for a human to just read the narrative. Resource definitions may define what content should be represented in the narrative to ensure clinical safety.","comment":"Contained resources do not have narrative. Resources that are not contained SHOULD have a narrative. In some cases, a resource may only have text with little or no additional discrete data (as long as all minOccurs=1 elements are satisfied).  This may be necessary for data from legacy systems where information is captured as a \"text blob\" or where text is additionally entered raw or narrated and encoded in formation is added later.","alias":["narrative","html","xhtml","display"],"min":0,"max":"1","base":{"path":"DomainResource.text","min":0,"max":"1"},"type":[{"code":"Narrative"}],"condition":["dom-1"],"mapping":[{"identity":"rim","map":"Act.text?"}]},{"id":"List.contained","path":"List.contained","short":"Contained, inline Resources","definition":"These resources do not have an independent existence apart from the resource that contains them - they cannot be identified independently, and nor can they have their own independent transaction scope.","comment":"This should never be done when the content can be identified properly, as once identification is lost, it is extremely difficult (and context dependent) to restore it again.","alias":["inline resources","anonymous resources","contained resources"],"min":0,"max":"*","base":{"path":"DomainResource.contained","min":0,"max":"*"},"type":[{"code":"Resource"}],"mapping":[{"identity":"rim","map":"N/A"}]},{"id":"List.extension","path":"List.extension","slicing":{"discriminator":[{"type":"value","path":"url"}],"rules":"open"},"short":"Extension","definition":"An Extension","min":0,"max":"*","base":{"path":"DomainResource.extension","min":0,"max":"*"},"type":[{"code":"Extension"}]},{"id":"List.extension:sourceRole","path":"List.extension","sliceName":"sourceRole","short":"Practitioner role that authored the list","definition":"Identifies the practitioner role responsible for the information in the resource (aka author), not necessarily who typed it in.","min":1,"max":"1","base":{"path":"DomainResource.extension","min":0,"max":"*"},"type":[{"code":"Extension","profile":"http://hl7.org.au/fhir/StructureDefinition/author-role"}],"condition":["ele-1"],"constraint":[{"key":"ele-1","severity":"error","human":"All FHIR elements must have a @value or children","expression":"hasValue() | (children().count() > id.count())","xpath":"@value|f:*|h:div","source":"Element"},{"key":"ext-1","severity":"error","human":"Must have either extensions or value[x], not both","expression":"extension.exists() != value.exists()","xpath":"exists(f:extension)!=exists(f:*[starts-with(local-name(.), 'value')])","source":"Extension"},{"key":"inv-dh-lst-05","severity":"error","human":"A practitioner role shall conform to PractitionerRole with Practitioner with Mandatory Identifier","expression":"resolve().conformsTo('http://ns.electronichealth.net.au/ci/fhir/3.0/StructureDefinition/practitionerrole-withpractitionerident-1')"}],"mustSupport":true},{"id":"List.extension:sourceRelatedPerson","path":"List.extension","sliceName":"sourceRelatedPerson","short":"Related person that defined the list contents (aka Author)","definition":"The entity (related person) responsible for deciding what the contents of the list were. Where the list was created by a human, this is the same as the author of the list.","min":0,"max":"1","base":{"path":"DomainResource.extension","min":0,"max":"*"},"type":[{"code":"Extension","profile":"http://hl7.org.au/fhir/StructureDefinition/author-related-person"}],"condition":["ele-1"],"constraint":[{"key":"ele-1","severity":"error","human":"All FHIR elements must have a @value or children","expression":"hasValue() | (children().count() > id.count())","xpath":"@value|f:*|h:div","source":"Element"},{"key":"ext-1","severity":"error","human":"Must have either extensions or value[x], not both","expression":"extension.exists() != value.exists()","xpath":"exists(f:extension)!=exists(f:*[starts-with(local-name(.), 'value')])","source":"Extension"}]},{"id":"List.modifierExtension","path":"List.modifierExtension","short":"Extensions that cannot be ignored","definition":"May be used to represent additional information that is not part of the basic definition of the resource, and that modifies the understanding of the element that contains it. Usually modifier elements provide negation or qualification. In order to make the use of extensions safe and manageable, there is a strict set of governance applied to the definition and use of extensions. Though any implementer is allowed to define an extension, there is a set of requirements that SHALL be met as part of the definition of the extension. Applications processing a resource are required to check for modifier extensions.","comment":"There can be no stigma associated with the use of extensions by any application, project, or standard - regardless of the institution or jurisdiction that uses or defines the extensions.  The use of extensions is what allows the FHIR specification to retain a core level of simplicity for everyone.","alias":["extensions","user content"],"min":0,"max":"*","base":{"path":"DomainResource.modifierExtension","min":0,"max":"*"},"type":[{"code":"Extension"}],"isModifier":true,"mapping":[{"identity":"rim","map":"N/A"}]},{"id":"List.identifier","path":"List.identifier","short":"Business identifier","definition":"Identifier for the List assigned for business purposes outside the context of FHIR.","min":0,"max":"*","base":{"path":"List.identifier","min":0,"max":"*"},"type":[{"code":"Identifier"}],"mapping":[{"identity":"rim","map":".id"},{"identity":"w5","map":"id"}]},{"id":"List.status","path":"List.status","short":"current | retired | entered-in-error","definition":"Indicates the current state of this list.","comment":"This element is labeled as a modifier because the status contains codes that mark the resource as not currently valid.","min":1,"max":"1","base":{"path":"List.status","min":1,"max":"1"},"type":[{"code":"code"}],"fixedCode":"current","mustSupport":true,"isModifier":true,"isSummary":true,"binding":{"extension":[{"url":"http://hl7.org/fhir/StructureDefinition/elementdefinition-bindingName","valueString":"ListStatus"}],"strength":"required","description":"The current state of the list","valueSetReference":{"reference":"http://hl7.org/fhir/ValueSet/list-status"}},"mapping":[{"identity":"rim","map":".status[current=active;retired=obsolete;entered-in-error=nullified]"},{"identity":"w5","map":"status"}]},{"id":"List.mode","path":"List.mode","short":"working | snapshot | changes","definition":"How this list was prepared - whether it is a working list that is suitable for being maintained on an ongoing basis, or if it represents a snapshot of a list of items from another source, or whether it is a prepared list where items may be marked as added, modified or deleted.","comment":"This element is labeled as a modifier because a change list must not be mis-understood as a complete list.","requirements":"Lists are used in various ways, and it must be known in what way it is safe to use them.","min":1,"max":"1","base":{"path":"List.mode","min":1,"max":"1"},"type":[{"code":"code"}],"fixedCode":"snapshot","isModifier":true,"isSummary":true,"binding":{"extension":[{"url":"http://hl7.org/fhir/StructureDefinition/elementdefinition-bindingName","valueString":"ListMode"}],"strength":"required","description":"The processing mode that applies to this list","valueSetReference":{"reference":"http://hl7.org/fhir/ValueSet/list-mode"}},"mapping":[{"identity":"rim","map":".outBoundRelationship[typeCode=COMP].target[classCode=OBS\"].value"},{"identity":"w5","map":"class"}]},{"id":"List.title","path":"List.title","short":"Descriptive name for the list","definition":"A label for the list assigned by the author.","requirements":"Allows customization beyond just the code identifying the kind of list.","min":0,"max":"1","base":{"path":"List.title","min":0,"max":"1"},"type":[{"code":"string"}],"example":[{"label":"General","valueString":"Dr. Jane's Patients"}],"mustSupport":true,"isSummary":true,"mapping":[{"identity":"rim","map":".title"}]},{"id":"List.code","path":"List.code","short":"What the purpose of this list is","definition":"This code defines the purpose of the list - why it was created.","comment":"If there is no code, the purpose of the list is implied where it is used, such as in a document section using Document.section.code.","requirements":"Lists often contain subsets of resources rather than an exhaustive list.  The code identifies what type of subset is included.","min":1,"max":"1","base":{"path":"List.code","min":0,"max":"1"},"type":[{"code":"CodeableConcept"}],"mustSupport":true,"isSummary":true,"binding":{"strength":"required","valueSetReference":{"reference":"https://healthterminologies.gov.au/fhir/ValueSet/history-of-medication-use-list-type-1"}},"mapping":[{"identity":"rim","map":".code"},{"identity":"w5","map":"what"}]},{"id":"List.subject","path":"List.subject","short":"If all resources have the same subject","definition":"The common subject (or patient) of the resources that are in the list, if there is one.","comment":"Some purely arbitrary lists do not have a common subject, so this is optional.","requirements":"The primary purpose of listing the subject explicitly is to help with finding the right list.","min":1,"max":"1","base":{"path":"List.subject","min":0,"max":"1"},"type":[{"code":"Reference","targetProfile":"http://ns.electronichealth.net.au/ci/fhir/3.0/StructureDefinition/patient-ident-1"}],"mustSupport":true,"isSummary":true,"mapping":[{"identity":"rim","map":".participation[typeCode<SUB].role (and sometimes .player)"},{"identity":"w5","map":"who.focus"}]},{"id":"List.encounter","path":"List.encounter","short":"Context in which list created","definition":"The encounter that is the context in which this list was created.","min":0,"max":"1","base":{"path":"List.encounter","min":0,"max":"1"},"type":[{"code":"Reference","targetProfile":"http://ns.electronichealth.net.au/ci/fhir/3.0/StructureDefinition/encounter-es-1"}],"mustSupport":true,"mapping":[{"identity":"rim","map":"inboundRelationship[typeCode=COMP].source[classCode=ENC, moodCode=EVN]"},{"identity":"w5","map":"context"}]},{"id":"List.encounter.id","path":"List.encounter.id","representation":["xmlAttr"],"short":"xml:id (or equivalent in JSON)","definition":"unique id for the element within a resource (for internal references). This may be any string value that does not contain spaces.","min":0,"max":"1","base":{"path":"Element.id","min":0,"max":"1"},"type":[{"code":"string"}],"mapping":[{"identity":"rim","map":"n/a"}]},{"id":"List.encounter.extension","path":"List.encounter.extension","slicing":{"discriminator":[{"type":"value","path":"url"}],"description":"Extensions are always sliced by (at least) url","rules":"open"},"short":"Additional Content defined by implementations","definition":"May be used to represent additional information that is not part of the basic definition of the element. In order to make the use of extensions safe and manageable, there is a strict set of governance  applied to the definition and use of extensions. Though any implementer is allowed to define an extension, there is a set of requirements that SHALL be met as part of the definition of the extension.","comment":"There can be no stigma associated with the use of extensions by any application, project, or standard - regardless of the institution or jurisdiction that uses or defines the extensions.  The use of extensions is what allows the FHIR specification to retain a core level of simplicity for everyone.","alias":["extensions","user content"],"min":0,"max":"*","base":{"path":"Element.extension","min":0,"max":"*"},"type":[{"code":"Extension"}],"mapping":[{"identity":"rim","map":"n/a"}]},{"id":"List.encounter.reference","path":"List.encounter.reference","short":"Literal reference, Relative, internal or absolute URL","definition":"A reference to a location at which the other resource is found. The reference may be a relative reference, in which case it is relative to the service base URL, or an absolute URL that resolves to the location where the resource is found. The reference may be version specific or not. If the reference is not to a FHIR RESTful server, then it should be assumed to be version specific. Internal fragment references (start with '#') refer to contained resources.","comment":"Using absolute URLs provides a stable scalable approach suitable for a cloud/web context, while using relative/logical references provides a flexible approach suitable for use when trading across closed eco-system boundaries.   Absolute URLs do not need to point to a FHIR RESTful server, though this is the preferred approach. If the URL conforms to the structure \"/[type]/[id]\" then it should be assumed that the reference is to a FHIR RESTful server.","min":1,"max":"1","base":{"path":"Reference.reference","min":0,"max":"1"},"type":[{"code":"string"}],"condition":["ref-1"],"isSummary":true,"mapping":[{"identity":"rim","map":"N/A"}]},{"id":"List.encounter.identifier","path":"List.encounter.identifier","short":"Logical reference, when literal reference is not known","definition":"An identifier for the other resource. This is used when there is no way to reference the other resource directly, either because the entity is not available through a FHIR server, or because there is no way for the author of the resource to convert a known identifier to an actual location. There is no requirement that a Reference.identifier point to something that is actually exposed as a FHIR instance, but it SHALL point to a business concept that would be expected to be exposed as a FHIR instance, and that instance would need to be of a FHIR resource type allowed by the reference.","comment":"When an identifier is provided in place of a reference, any system processing the reference will only be able to resolve the identifier to a reference if it understands the business context in which the identifier is used. Sometimes this is global (e.g. a national identifier) but often it is not. For this reason, none of the useful mechanisms described for working with references (e.g. chaining, includes) are possible, nor should servers be expected to be able resolve the reference. Servers may accept an identifier based reference untouched, resolve it, and/or reject it - see CapabilityStatement.rest.resource.referencePolicy. \n\nWhen both an identifier and a literal reference are provided, the literal reference is preferred. Applications processing the resource are allowed - but not required - to check that the identifier matches the literal reference\n\nApplications converting a logical reference to a literal reference may choose to leave the logical reference present, or remove it.","min":0,"max":"1","base":{"path":"Reference.identifier","min":0,"max":"1"},"type":[{"code":"Identifier"}],"isSummary":true,"mapping":[{"identity":"rim","map":".identifier"}]},{"id":"List.encounter.display","extension":[{"url":"http://hl7.org/fhir/StructureDefinition/elementdefinition-translatable","valueBoolean":true}],"path":"List.encounter.display","short":"Text alternative for the resource","definition":"Plain text narrative that identifies the resource in addition to the resource reference.","comment":"This is generally not the same as the Resource.text of the referenced resource.  The purpose is to identify what's being referenced, not to fully describe it.","min":0,"max":"1","base":{"path":"Reference.display","min":0,"max":"1"},"type":[{"code":"string"}],"isSummary":true,"mapping":[{"identity":"rim","map":"N/A"}]},{"id":"List.date","path":"List.date","short":"When the list was prepared","definition":"The date that the list was prepared.","comment":"The actual important date is the date of currency of the resources that were summarized, but it is usually assumed that these are current when the preparation occurs.","requirements":"Identifies how current the list is which affects relevance.","min":1,"max":"1","base":{"path":"List.date","min":0,"max":"1"},"type":[{"code":"dateTime"}],"mustSupport":true,"isSummary":true,"mapping":[{"identity":"rim","map":".participation[typeCode<AUT].time[type=TS]"},{"identity":"w5","map":"when.recorded"}]},{"id":"List.source","path":"List.source","short":"Practitioner referenced by practitioner role that authored the list","definition":"The entity responsible for deciding what the contents of the list were. Where the list was created by a human, this is the same as the author of the list.","comment":"The primary source is the entity that made the decisions what items are in the list. This may be software or user.","requirements":"Allows follow-up as well as context.","alias":["Author"],"min":1,"max":"1","base":{"path":"List.source","min":0,"max":"1"},"type":[{"code":"Reference","targetProfile":"http://ns.electronichealth.net.au/ci/fhir/3.0/StructureDefinition/practitioner-ident-1"}],"mustSupport":true,"isSummary":true,"mapping":[{"identity":"rim","map":".participation[typeCode<AUT].role[classCode=REL].player[classCode=PSN,determinerCode=INST] or .participation[typeCode<AUT].role[classCode=REL].player[classCode=DEV,determinerCode=INST]"},{"identity":"w5","map":"who.author"}]},{"id":"List.orderedBy","path":"List.orderedBy","short":"What order the list has","definition":"What order applies to the items in the list.","comment":"Applications SHOULD render ordered lists in the order provided, but MAY allow users to re-order based on their own preferences as well. If there is no order specified, the order is unknown, though there may still be some order.","requirements":"Important for presentation and rendering.  Lists may be sorted to place more important information first or to group related entries.","min":0,"max":"1","base":{"path":"List.orderedBy","min":0,"max":"1"},"type":[{"code":"CodeableConcept"}],"binding":{"extension":[{"url":"http://hl7.org/fhir/StructureDefinition/elementdefinition-bindingName","valueString":"ListOrder"}],"strength":"preferred","description":"What order applies to the items in a list","valueSetReference":{"reference":"http://hl7.org/fhir/ValueSet/list-order"}},"mapping":[{"identity":"rim","map":".outboundRelationship[typeCode=COMP].sequenceNumber > 1"}]},{"id":"List.note","path":"List.note","short":"Comments about the list","definition":"Comments that apply to the overall list.","min":0,"max":"*","base":{"path":"List.note","min":0,"max":"*"},"type":[{"code":"Annotation"}],"mustSupport":true,"mapping":[{"identity":"rim","map":".inboundRelationship[typeCode=SUBJ].act.text"}]},{"id":"List.entry","path":"List.entry","short":"Medicine item with change information","definition":"List of medicine type entries","comment":"If there are no entries in the list, an emptyReason SHOULD be provided.","min":1,"max":"*","base":{"path":"List.entry","min":0,"max":"*"},"type":[{"code":"BackboneElement"}],"condition":["lst-1"],"constraint":[{"key":"ele-1","severity":"error","human":"All FHIR elements must have a @value or children","expression":"hasValue() | (children().count() > id.count())","xpath":"@value|f:*|h:div","source":"Element"}],"mustSupport":true,"mapping":[{"identity":"rim","map":".outboundRelationship[typeCode=COMP] or  .participation[typeCode=SBJ]"}]},{"id":"List.entry.id","path":"List.entry.id","representation":["xmlAttr"],"short":"xml:id (or equivalent in JSON)","definition":"unique id for the element within a resource (for internal references). This may be any string value that does not contain spaces.","min":0,"max":"1","base":{"path":"Element.id","min":0,"max":"1"},"type":[{"code":"string"}],"mapping":[{"identity":"rim","map":"n/a"}]},{"id":"List.entry.extension","path":"List.entry.extension","slicing":{"discriminator":[{"type":"value","path":"url"}],"rules":"open"},"short":"Extension","definition":"An Extension","min":0,"max":"*","base":{"path":"Element.extension","min":0,"max":"*"},"type":[{"code":"Extension"}]},{"id":"List.entry.extension:changeDescription","path":"List.entry.extension","sliceName":"changeDescription","short":"Description of the change to the medicine item","definition":"Description of a change including the reason for change.","min":0,"max":"1","base":{"path":"Element.extension","min":0,"max":"*"},"type":[{"code":"Extension","profile":"http://hl7.org.au/fhir/StructureDefinition/change-description"}],"condition":["ele-1"],"constraint":[{"key":"ele-1","severity":"error","human":"All FHIR elements must have a @value or children","expression":"hasValue() | (children().count() > id.count())","xpath":"@value|f:*|h:div","source":"Element"},{"key":"ext-1","severity":"error","human":"Must have either extensions or value[x], not both","expression":"extension.exists() != value.exists()","xpath":"exists(f:extension)!=exists(f:*[starts-with(local-name(.), 'value')])","source":"Extension"}],"mustSupport":true},{"id":"List.entry.modifierExtension","path":"List.entry.modifierExtension","short":"Extensions that cannot be ignored","definition":"May be used to represent additional information that is not part of the basic definition of the element, and that modifies the understanding of the element that contains it. Usually modifier elements provide negation or qualification. In order to make the use of extensions safe and manageable, there is a strict set of governance applied to the definition and use of extensions. Though any implementer is allowed to define an extension, there is a set of requirements that SHALL be met as part of the definition of the extension. Applications processing a resource are required to check for modifier extensions.","comment":"There can be no stigma associated with the use of extensions by any application, project, or standard - regardless of the institution or jurisdiction that uses or defines the extensions.  The use of extensions is what allows the FHIR specification to retain a core level of simplicity for everyone.","alias":["extensions","user content","modifiers"],"min":0,"max":"*","base":{"path":"BackboneElement.modifierExtension","min":0,"max":"*"},"type":[{"code":"Extension"}],"isModifier":true,"isSummary":true,"mapping":[{"identity":"rim","map":"N/A"}]},{"id":"List.entry.flag","path":"List.entry.flag","short":"Medicine item change","definition":"The flag allows the system constructing the list to indicate the role and significance of the item in the list.","comment":"The flag can only be understood in the context of the List.code. If the flag means that the entry has actually been deleted from the list, the deleted element SHALL be true. Deleted can only be used if the List.mode is \"changes\".","requirements":"This field is present to support various clinical uses of lists, such as a discharge summary medication list, where flags specify whether the medication was added, modified, or deleted from the list.","min":1,"max":"1","base":{"path":"List.entry.flag","min":0,"max":"1"},"type":[{"code":"CodeableConcept"}],"mustSupport":true,"binding":{"strength":"required","valueSetReference":{"reference":"https://healthterminologies.gov.au/fhir/ValueSet/medicine-item-change-event-1"}},"mapping":[{"identity":"rim","map":".outBoundRelationship[typeCode=COMP].target[classCode=OBS\"].value"}]},{"id":"List.entry.deleted","path":"List.entry.deleted","short":"If this item is actually marked as deleted","definition":"True if this item is marked as deleted in the list.","comment":"If the flag means that the entry has actually been deleted from the list, the deleted element SHALL be true. Both flag and deleted can only be used if the List.mode is \"changes\". A deleted entry should be displayed in narrative as deleted.\n\nThis element is labeled as a modifier because it indicates that an item is (to be) no longer in the list.","requirements":"The flag element may contain codes that an application processing the list does not understand. However there can be no ambiguity if a list item is actually marked as \"deleted\".","min":0,"max":"1","base":{"path":"List.entry.deleted","min":0,"max":"1"},"type":[{"code":"boolean"}],"defaultValueBoolean":false,"condition":["lst-2"],"isModifier":true,"mapping":[{"identity":"rim","map":"added: .updateMode=(\"A\",\"AR\")  retained: .updateMode=\"NC\"  updated: .updateMode=\"R\"  deleted: .updateMode=\"D\""}]},{"id":"List.entry.date","path":"List.entry.date","short":"When item added to list","definition":"When this item was added to the list.","comment":"This is only useful and meaningful when the mode is \"working\".","requirements":"The date may be significant for understanding the meaning of items in a working list.","min":0,"max":"1","base":{"path":"List.entry.date","min":0,"max":"1"},"type":[{"code":"dateTime"}],"mapping":[{"identity":"rim","map":".availabilityTime"}]},{"id":"List.entry.item","path":"List.entry.item","short":"Medicine item","definition":"A reference to the actual resource from which data was derived.","min":1,"max":"1","base":{"path":"List.entry.item","min":1,"max":"1"},"type":[{"code":"Reference","targetProfile":"http://ns.electronichealth.net.au/ci/fhir/3.0/StructureDefinition/medicationstatement-detailed-1"}],"mustSupport":true,"mapping":[{"identity":"rim","map":".target or .role or .role.entity"}]},{"id":"List.entry.item.id","path":"List.entry.item.id","representation":["xmlAttr"],"short":"xml:id (or equivalent in JSON)","definition":"unique id for the element within a resource (for internal references). This may be any string value that does not contain spaces.","min":0,"max":"1","base":{"path":"Element.id","min":0,"max":"1"},"type":[{"code":"string"}],"mapping":[{"identity":"rim","map":"n/a"}]},{"id":"List.entry.item.extension","path":"List.entry.item.extension","slicing":{"discriminator":[{"type":"value","path":"url"}],"description":"Extensions are always sliced by (at least) url","rules":"open"},"short":"Additional Content defined by implementations","definition":"May be used to represent additional information that is not part of the basic definition of the element. In order to make the use of extensions safe and manageable, there is a strict set of governance  applied to the definition and use of extensions. Though any implementer is allowed to define an extension, there is a set of requirements that SHALL be met as part of the definition of the extension.","comment":"There can be no stigma associated with the use of extensions by any application, project, or standard - regardless of the institution or jurisdiction that uses or defines the extensions.  The use of extensions is what allows the FHIR specification to retain a core level of simplicity for everyone.","alias":["extensions","user content"],"min":0,"max":"*","base":{"path":"Element.extension","min":0,"max":"*"},"type":[{"code":"Extension"}],"mapping":[{"identity":"rim","map":"n/a"}]},{"id":"List.entry.item.reference","path":"List.entry.item.reference","short":"Literal reference, Relative, internal or absolute URL","definition":"A reference to a location at which the other resource is found. The reference may be a relative reference, in which case it is relative to the service base URL, or an absolute URL that resolves to the location where the resource is found. The reference may be version specific or not. If the reference is not to a FHIR RESTful server, then it should be assumed to be version specific. Internal fragment references (start with '#') refer to contained resources.","comment":"Using absolute URLs provides a stable scalable approach suitable for a cloud/web context, while using relative/logical references provides a flexible approach suitable for use when trading across closed eco-system boundaries.   Absolute URLs do not need to point to a FHIR RESTful server, though this is the preferred approach. If the URL conforms to the structure \"/[type]/[id]\" then it should be assumed that the reference is to a FHIR RESTful server.","min":1,"max":"1","base":{"path":"Reference.reference","min":0,"max":"1"},"type":[{"code":"string"}],"condition":["ref-1"],"isSummary":true,"mapping":[{"identity":"rim","map":"N/A"}]},{"id":"List.entry.item.identifier","path":"List.entry.item.identifier","short":"Logical reference, when literal reference is not known","definition":"An identifier for the other resource. This is used when there is no way to reference the other resource directly, either because the entity is not available through a FHIR server, or because there is no way for the author of the resource to convert a known identifier to an actual location. There is no requirement that a Reference.identifier point to something that is actually exposed as a FHIR instance, but it SHALL point to a business concept that would be expected to be exposed as a FHIR instance, and that instance would need to be of a FHIR resource type allowed by the reference.","comment":"When an identifier is provided in place of a reference, any system processing the reference will only be able to resolve the identifier to a reference if it understands the business context in which the identifier is used. Sometimes this is global (e.g. a national identifier) but often it is not. For this reason, none of the useful mechanisms described for working with references (e.g. chaining, includes) are possible, nor should servers be expected to be able resolve the reference. Servers may accept an identifier based reference untouched, resolve it, and/or reject it - see CapabilityStatement.rest.resource.referencePolicy. \n\nWhen both an identifier and a literal reference are provided, the literal reference is preferred. Applications processing the resource are allowed - but not required - to check that the identifier matches the literal reference\n\nApplications converting a logical reference to a literal reference may choose to leave the logical reference present, or remove it.","min":0,"max":"1","base":{"path":"Reference.identifier","min":0,"max":"1"},"type":[{"code":"Identifier"}],"isSummary":true,"mapping":[{"identity":"rim","map":".identifier"}]},{"id":"List.entry.item.display","extension":[{"url":"http://hl7.org/fhir/StructureDefinition/elementdefinition-translatable","valueBoolean":true}],"path":"List.entry.item.display","short":"Text alternative for the resource","definition":"Plain text narrative that identifies the resource in addition to the resource reference.","comment":"This is generally not the same as the Resource.text of the referenced resource.  The purpose is to identify what's being referenced, not to fully describe it.","min":0,"max":"1","base":{"path":"Reference.display","min":0,"max":"1"},"type":[{"code":"string"}],"isSummary":true,"mapping":[{"identity":"rim","map":"N/A"}]},{"id":"List.emptyReason","path":"List.emptyReason","short":"Why list is empty","definition":"If the list is empty, why the list is empty.","comment":"The various reasons for an empty list make a significant interpretation to its interpretation. Note that this code is for use when the entire list has been suppressed, and not for when individual items are omitted - implementers may consider using a text note or a flag on an entry in these cases.","requirements":"Allows capturing things like \"none exist\" or \"not asked\" which can be important for most lists.","min":0,"max":"1","base":{"path":"List.emptyReason","min":0,"max":"1"},"type":[{"code":"CodeableConcept"}],"condition":["lst-1"],"binding":{"extension":[{"url":"http://hl7.org/fhir/StructureDefinition/elementdefinition-bindingName","valueString":"ListEmptyReason"}],"strength":"preferred","description":"If a list is empty, why it is empty","valueSetReference":{"reference":"http://hl7.org/fhir/ValueSet/list-empty-reason"}},"mapping":[{"identity":"rim","map":".inboundRelationship[typeCode=SUBJ,code<{ListEmptyReason}].value[type=CD]"}]}]},"differential":{"element":[{"id":"List","path":"List","short":"A list of medicine items for a patient","definition":"A list of medicines authored by a practitioner at a point in time that describes the medicines an individual is taking.","constraint":[{"key":"inv-dh-lst-01","severity":"error","human":"The subject shall at least have a reference or an identifier with at least a system and a value","expression":"subject.reference.exists() or subject.identifier.where(system.count() + value.count() >1).exists()"},{"key":"inv-dh-lst-02","severity":"error","human":"The source shall at least have a reference or an identifier with at least a system and a value","expression":"source.reference.exists() or source.identifier.where(system.count() + value.count() >1).exists()"},{"key":"inv-dh-lst-03","severity":"error","human":"The author role shall at least have a reference or an identifier with at least a system and a value","expression":"extension('http://hl7.org.au/fhir/StructureDefinition/author-role').valueReference.reference.exists() or extension('http://hl7.org.au/fhir/StructureDefinition/author-role').valueReference.identifier.where(system.count() + value.count() >1).exists()"}]},{"id":"List.meta","path":"List.meta","min":1,"constraint":[{"key":"inv-dh-lst-04","severity":"error","human":"One profile shall be 'http://ns.electronichealth.net.au/ci/fhir/3.0/StructureDefinition/list-sml-pracchanges-1'","expression":"profile.where($this='http://ns.electronichealth.net.au/ci/fhir/3.0/StructureDefinition/list-sml-pracchanges-1').exists()"}]},{"id":"List.meta.profile","path":"List.meta.profile","min":1},{"id":"List.language","path":"List.language","min":1,"fixedCode":"en-AU"},{"id":"List.extension:sourceRole","extension":[{"url":"http://hl7.org/fhir/StructureDefinition/structuredefinition-standards-status","valueCode":"draft"}],"path":"List.extension","sliceName":"sourceRole","short":"Practitioner role that authored the list","min":1,"constraint":[{"key":"inv-dh-lst-05","severity":"error","human":"A practitioner role shall conform to PractitionerRole with Practitioner with Mandatory Identifier","expression":"resolve().conformsTo('http://ns.electronichealth.net.au/ci/fhir/3.0/StructureDefinition/practitionerrole-withpractitionerident-1')"}],"mustSupport":true},{"id":"List.status","path":"List.status","fixedCode":"current","mustSupport":true},{"id":"List.mode","path":"List.mode","fixedCode":"snapshot"},{"id":"List.title","path":"List.title","mustSupport":true},{"id":"List.code","path":"List.code","min":1,"mustSupport":true,"binding":{"strength":"required","valueSetReference":{"reference":"https://healthterminologies.gov.au/fhir/ValueSet/history-of-medication-use-list-type-1"}}},{"id":"List.subject","path":"List.subject","min":1,"type":[{"code":"Reference","targetProfile":"http://ns.electronichealth.net.au/ci/fhir/3.0/StructureDefinition/patient-ident-1"}],"mustSupport":true},{"id":"List.encounter","path":"List.encounter","type":[{"code":"Reference","targetProfile":"http://ns.electronichealth.net.au/ci/fhir/3.0/StructureDefinition/encounter-es-1"}],"mustSupport":true},{"id":"List.encounter.reference","path":"List.encounter.reference","min":1},{"id":"List.date","path":"List.date","min":1,"mustSupport":true},{"id":"List.source","path":"List.source","short":"Practitioner referenced by practitioner role that authored the list","min":1,"type":[{"code":"Reference","targetProfile":"http://ns.electronichealth.net.au/ci/fhir/3.0/StructureDefinition/practitioner-ident-1"}],"mustSupport":true},{"id":"List.note","path":"List.note","mustSupport":true},{"id":"List.entry","path":"List.entry","short":"Medicine item with change information","min":1,"mustSupport":true},{"id":"List.entry.extension:changeDescription","extension":[{"url":"http://hl7.org/fhir/StructureDefinition/structuredefinition-standards-status","valueCode":"draft"}],"path":"List.entry.extension","sliceName":"changeDescription","short":"Description of the change to the medicine item","mustSupport":true},{"id":"List.entry.flag","path":"List.entry.flag","min":1,"mustSupport":true,"binding":{"strength":"required","valueSetReference":{"reference":"https://healthterminologies.gov.au/fhir/ValueSet/medicine-item-change-event-1"}}},{"id":"List.entry.item","path":"List.entry.item","short":"Medicine item","type":[{"code":"Reference","targetProfile":"http://ns.electronichealth.net.au/ci/fhir/3.0/StructureDefinition/medicationstatement-detailed-1"}],"mustSupport":true},{"id":"List.entry.item.reference","path":"List.entry.item.reference","min":1}]}}