{
  "resourceType": "Immunization",
  "id": "21e09e32-441a-4297-a803-970358b4f20f",
  "meta": {
    "profile": [
      "http://ns.electronichealth.net.au/ci/fhir/3.0/StructureDefinition/immunization-summary-administration-1"
    ]
  },
  "text": {
    "status": "generated",
    "div": "<div xmlns=\"http://www.w3.org/1999/xhtml\"><p><b>Generated Narrative with Details</b></p><p><b>id</b>: 21e09e32-441a-4297-a803-970358b4f20f</p><p><b>meta</b>: </p><p><b>status</b>: completed</p><p><b>notGiven</b>: false</p><p><b>vaccineCode</b>: Fluvax 2015 <span style=\"background: LightGoldenRodYellow\">(Details : {SNOMED CT code '709541000168107' = 'Fluvax 2015', given as 'Fluvax 2015'})</span></p><p><b>patient</b>: <a href=\"Patient-d9698a55-723a-49de-931b-4e61d732b016.html\">Generated Summary: id: d9698a55-723a-49de-931b-4e61d732b016; National unique individual identifier = 8003608833357361; Adam A. Everyman(OFFICIAL), Damo ; gender: male</a></p><p><b>date</b>: 2015-10-03</p><p><b>primarySource</b>: true</p></div>"
  },
  "status": "completed",
  "notGiven": false,
  "vaccineCode": {
    "coding": [
      {
        "system": "http://snomed.info/sct",
        "code": "709541000168107",
        "display": "Fluvax 2015"
      }
    ]
  },
  "patient": {
    "reference": "Patient/d9698a55-723a-49de-931b-4e61d732b016"
  },
  "date": "2015-10-03",
  "primarySource": true
}