{
  "resourceType": "Immunization",
  "id": "42bdb0e9-d510-46c4-a4a3-02205dbb1447",
  "meta": {
    "profile": [
      "http://ns.electronichealth.net.au/ci/fhir/3.0/StructureDefinition/immunization-summary-administration-1"
    ]
  },
  "text": {
    "status": "generated",
    "div": "<div xmlns=\"http://www.w3.org/1999/xhtml\"><p><b>Generated Narrative with Details</b></p><p><b>id</b>: 42bdb0e9-d510-46c4-a4a3-02205dbb1447</p><p><b>meta</b>: </p><p><b>status</b>: completed</p><p><b>notGiven</b>: false</p><p><b>vaccineCode</b>: Engerix-B Adult <span style=\"background: LightGoldenRodYellow\">(Details : {SNOMED CT code '33491000168108' = '33491000168108', given as 'Engerix-B Adult'})</span></p><p><b>patient</b>: <a href=\"Patient-d9698a55-723a-49de-931b-4e61d732b016.html\">Generated Summary: id: d9698a55-723a-49de-931b-4e61d732b016; National unique individual identifier = 8003608833357361; Adam A. Everyman(OFFICIAL), Damo ; gender: male</a></p><p><b>date</b>: 9 Oct. 2017</p><p><b>primarySource</b>: true</p></div>"
  },
  "status": "completed",
  "notGiven": false,
  "vaccineCode": {
    "coding": [
      {
        "system": "http://snomed.info/sct",
        "code": "33491000168108",
        "display": "Engerix-B Adult"
      }
    ]
  },
  "patient": {
    "reference": "Patient/d9698a55-723a-49de-931b-4e61d732b016"
  },
  "date": "2017-10-09",
  "primarySource": true
}