{
  "resourceType": "Patient",
  "id": "d9698a55-723a-49de-931b-4e61d732b016",
  "meta": {
    "profile": [
      "http://ns.electronichealth.net.au/ci/fhir/3.0/StructureDefinition/patient-ident-1",
      "http://ns.electronichealth.net.au/ci/fhir/3.0/StructureDefinition/patient-ihi-1"
    ]
  },
  "text": {
    "status": "generated",
    "div": "<div xmlns=\"http://www.w3.org/1999/xhtml\"><p><b>Generated Narrative with Details</b></p><p><b>id</b>: d9698a55-723a-49de-931b-4e61d732b016</p><p><b>meta</b>: </p><p><b>identifier</b>: National unique individual identifier = 8003608833357361</p><p><b>name</b>: Adam A. Everyman(OFFICIAL), Damo </p><p><b>gender</b>: male</p><p><b>generalPractitioner</b>: <a href=\"Practitioner-b44c4b41-16ae-46b1-b7b4-f4dd2bcd3654.html\">Generated Summary: id: b44c4b41-16ae-46b1-b7b4-f4dd2bcd3654; HPI-I = 8003619900015717; Peter Chalmers (OFFICIAL)</a></p><p><b>managingOrganization</b>: <a href=\"Organization-9df89ebf-b9ab-4ed5-b865-90892c1bbb1a.html\">Generated Summary: id: 9df89ebf-b9ab-4ed5-b865-90892c1bbb1a; ABN = 51824754455; name: Devonport Family Medicine Clinic; reception@example.dfmc.com.au(WORK), fax: (03) 8543 5557(WORK), ph: (03) 8543 5556(WORK)</a></p></div>"
  },
  "identifier": [
    {
      "type": {
        "coding": [
          {
            "system": "http://hl7.org/fhir/v2/0203",
            "code": "NI",
            "display": "National unique individual identifier"
          }
        ]
      },
      "system": "http://ns.electronichealth.net.au/id/hi/ihi/1.0",
      "value": "8003608833357361"
    }
  ],
  "name": [
    {
      "use": "official",
      "text": "Adam A. Everyman",
      "family": "Everyman",
      "given": [
        "Adam",
        "A."
      ]
    },
    {
      "use": "usual",
      "given": [
        "Damo"
      ]
    }
  ],
  "gender": "male",
  "generalPractitioner": [
    {
      "reference": "Practitioner/b44c4b41-16ae-46b1-b7b4-f4dd2bcd3654"
    }
  ],
  "managingOrganization": {
    "reference": "Organization/9df89ebf-b9ab-4ed5-b865-90892c1bbb1a"
  }
}