{
  "resourceType": "Practitioner",
  "id": "428f6506-625f-4f16-b0e2-b31ab6d293bf",
  "meta": {
    "profile": [
      "http://ns.electronichealth.net.au/ci/fhir/3.0/StructureDefinition/practitioner-dh-base-1",
      "http://ns.electronichealth.net.au/ci/fhir/3.0/StructureDefinition/practitioner-ident-1"
    ]
  },
  "text": {
    "status": "generated",
    "div": "<div xmlns=\"http://www.w3.org/1999/xhtml\"><p><b>Generated Narrative with Details</b></p><p><b>id</b>: 428f6506-625f-4f16-b0e2-b31ab6d293bf</p><p><b>meta</b>: </p><p><b>identifier</b>: HPI-I = 8003610000000000</p><p><b>name</b>: Peter Chalmers (OFFICIAL)</p><p><b>telecom</b>: pchalmers@example.albiongp.com.au(WORK)</p></div>"
  },
  "identifier": [
    {
      "type": {
        "coding": [
          {
            "system": "http://hl7.org/fhir/v2/0203",
            "code": "NPI",
            "display": "National provider identifier"
          }
        ],
        "text": "HPI-I"
      },
      "system": "http://ns.electronichealth.net.au/id/hi/hpii/1.0",
      "value": "8003610000000000"
    }
  ],
  "name": [
    {
      "use": "official",
      "family": "Chalmers",
      "given": [
        "Peter"
      ],
      "prefix": [
        "Dr."
      ]
    }
  ],
  "telecom": [
    {
      "system": "email",
      "value": "pchalmers@example.albiongp.com.au",
      "use": "work"
    }
  ]
}