{
  "resourceType": "Practitioner",
  "id": "b44c4b41-16ae-46b1-b7b4-f4dd2bcd3654",
  "meta": {
    "profile": [
      "http://ns.electronichealth.net.au/ci/fhir/3.0/StructureDefinition/practitioner-dh-base-1",
      "http://ns.electronichealth.net.au/ci/fhir/3.0/StructureDefinition/practitioner-ident-1"
    ]
  },
  "text": {
    "status": "generated",
    "div": "<div xmlns=\"http://www.w3.org/1999/xhtml\"><p><b>Generated Narrative with Details</b></p><p><b>id</b>: b44c4b41-16ae-46b1-b7b4-f4dd2bcd3654</p><p><b>meta</b>: </p><p><b>identifier</b>: HPI-I = 8003610000000000</p><p><b>name</b>: Peter Chalmers (OFFICIAL)</p><h3>Qualifications</h3><table class=\"grid\"><tr><td>-</td><td><b>Identifier</b></td><td><b>Code</b></td><td><b>Issuer</b></td></tr><tr><td>*</td><td>AHPRA registration number = MED0000932850</td><td>AHPRA qualification for General Practitioner <span style=\"background: LightGoldenRodYellow\">(Details : {http://www.abs.gov.au/ausstats/abs@.nsf/mf/1220.0 code '253111' = '253111', given as 'General Medical Practitioner'})</span></td><td>AHPRA</td></tr></table></div>"
  },
  "identifier": [
    {
      "type": {
        "coding": [
          {
            "system": "http://hl7.org/fhir/v2/0203",
            "code": "NPI",
            "display": "National provider identifier"
          }
        ],
        "text": "HPI-I"
      },
      "system": "http://ns.electronichealth.net.au/id/hi/hpii/1.0",
      "value": "8003610000000000"
    }
  ],
  "name": [
    {
      "use": "official",
      "family": "Chalmers",
      "given": [
        "Peter"
      ],
      "prefix": [
        "Dr."
      ]
    }
  ],
  "qualification": [
    {
      "identifier": [
        {
          "type": {
            "coding": [
              {
                "system": "http://hl7.org.au/fhir/v2/0203",
                "code": "AHPRA",
                "display": "Australian Health Practitioner Regulation Agency Registration Number"
              }
            ],
            "text": "AHPRA registration number"
          },
          "system": "http://hl7.org.au/id/ahpra-registration-number",
          "value": "MED0000932850"
        }
      ],
      "code": {
        "coding": [
          {
            "system": "http://www.abs.gov.au/ausstats/abs@.nsf/mf/1220.0",
            "code": "253111",
            "display": "General Medical Practitioner"
          }
        ],
        "text": "AHPRA qualification for General Practitioner"
      },
      "issuer": {
        "display": "AHPRA"
      }
    }
  ]
}