<?xml version="1.0" encoding="UTF-8"?><StructureDefinition xmlns="http://hl7.org/fhir"><id value="list-medseventchanges-1"/><text><status value="generated"/><div xmlns="http://www.w3.org/1999/xhtml"><table border="0" cellpadding="0" cellspacing="0" style="border: 0px #F0F0F0 solid; font-size: 11px; font-family: verdana; vertical-align: top;"><tr style="border: 1px #F0F0F0 solid; font-size: 11px; font-family: verdana; vertical-align: top;"><th style="vertical-align: top; text-align : left; background-color: white; border: 0px #F0F0F0 solid; padding:0px 4px 0px 4px" class="hierarchy"><a href="http://hl7.org/fhir/STU3/formats.html#table" title="The logical name of the element">Name</a></th><th style="vertical-align: top; text-align : left; background-color: white; border: 0px #F0F0F0 solid; padding:0px 4px 0px 4px" class="hierarchy"><a href="http://hl7.org/fhir/STU3/formats.html#table" title="Information about the use of the element">Flags</a></th><th style="vertical-align: top; text-align : left; background-color: white; border: 0px #F0F0F0 solid; padding:0px 4px 0px 4px" class="hierarchy"><a href="http://hl7.org/fhir/STU3/formats.html#table" title="Minimum and Maximum # of times the the element can appear in the instance">Card.</a></th><th style="width: 100px" class="hierarchy"><a href="http://hl7.org/fhir/STU3/formats.html#table" title="Reference to the type of the element">Type</a></th><th style="vertical-align: top; text-align : left; background-color: white; border: 0px #F0F0F0 solid; padding:0px 4px 0px 4px" class="hierarchy"><a href="http://hl7.org/fhir/STU3/formats.html#table" title="Additional information about the element">Description &amp; Constraints</a><span style="float: right"><a href="http://hl7.org/fhir/STU3/formats.html#table" title="Legend for this format"><img src="http://hl7.org/fhir/STU3/help16.png" alt="doco" style="background-color: inherit"/></a></span></th></tr><tr style="border: 0px #F0F0F0 solid; padding:0px; vertical-align: top; background-color: white;"><td style="vertical-align: top; text-align : left; background-color: white; border: 0px #F0F0F0 solid; padding:0px 4px 0px 4px; white-space: nowrap; background-image: url(tbl_bck1.png)" class="hierarchy"><img src="tbl_spacer.png" alt="." style="background-color: inherit" class="hierarchy"/><img src="icon_element.gif" alt="." style="background-color: white; background-color: inherit" title="Element" class="hierarchy"/> <a href="StructureDefinition-list-medseventchanges-1-definitions.html#List" title="null">List</a><a name="List"> </a></td><td style="vertical-align: top; text-align : left; background-color: white; border: 0px #F0F0F0 solid; padding:0px 4px 0px 4px" class="hierarchy"/><td style="vertical-align: top; text-align : left; background-color: white; border: 0px #F0F0F0 solid; padding:0px 4px 0px 4px" class="hierarchy"/><td style="vertical-align: top; text-align : left; background-color: white; border: 0px #F0F0F0 solid; padding:0px 4px 0px 4px" class="hierarchy"/><td style="vertical-align: top; text-align : left; background-color: white; border: 0px #F0F0F0 solid; padding:0px 4px 0px 4px" class="hierarchy"/></tr>
<tr style="border: 0px #F0F0F0 solid; padding:0px; vertical-align: top; background-color: white;"><td style="vertical-align: top; text-align : left; background-color: white; border: 0px #F0F0F0 solid; padding:0px 4px 0px 4px; white-space: nowrap; background-image: url(tbl_bck10.png)" class="hierarchy"><img src="tbl_spacer.png" alt="." style="background-color: inherit" class="hierarchy"/><img src="tbl_vjoin.png" alt="." style="background-color: inherit" class="hierarchy"/><img src="icon_element.gif" alt="." style="background-color: white; background-color: inherit" title="Element" class="hierarchy"/> <a href="StructureDefinition-list-medseventchanges-1-definitions.html#List.status" title="null">status</a><a name="List.status"> </a></td><td style="vertical-align: top; text-align : left; background-color: white; border: 0px #F0F0F0 solid; padding:0px 4px 0px 4px" class="hierarchy"><span style="padding-left: 3px; padding-right: 3px; color: white; background-color: red" title="This element must be supported">S</span></td><td style="vertical-align: top; text-align : left; background-color: white; border: 0px #F0F0F0 solid; padding:0px 4px 0px 4px" class="hierarchy"/><td style="vertical-align: top; text-align : left; background-color: white; border: 0px #F0F0F0 solid; padding:0px 4px 0px 4px" class="hierarchy"/><td style="vertical-align: top; text-align : left; background-color: white; border: 0px #F0F0F0 solid; padding:0px 4px 0px 4px" class="hierarchy"><span style="font-weight:bold">Fixed Value: </span><span style="color: darkgreen">current</span></td></tr>
<tr style="border: 0px #F0F0F0 solid; padding:0px; vertical-align: top; background-color: white;"><td style="vertical-align: top; text-align : left; background-color: white; border: 0px #F0F0F0 solid; padding:0px 4px 0px 4px; white-space: nowrap; background-image: url(tbl_bck10.png)" class="hierarchy"><img src="tbl_spacer.png" alt="." style="background-color: inherit" class="hierarchy"/><img src="tbl_vjoin.png" alt="." style="background-color: inherit" class="hierarchy"/><img src="icon_element.gif" alt="." style="background-color: white; background-color: inherit" title="Element" class="hierarchy"/> <a href="StructureDefinition-list-medseventchanges-1-definitions.html#List.mode" title="null">mode</a><a name="List.mode"> </a></td><td style="vertical-align: top; text-align : left; background-color: white; border: 0px #F0F0F0 solid; padding:0px 4px 0px 4px" class="hierarchy"/><td style="vertical-align: top; text-align : left; background-color: white; border: 0px #F0F0F0 solid; padding:0px 4px 0px 4px" class="hierarchy"/><td style="vertical-align: top; text-align : left; background-color: white; border: 0px #F0F0F0 solid; padding:0px 4px 0px 4px" class="hierarchy"/><td style="vertical-align: top; text-align : left; background-color: white; border: 0px #F0F0F0 solid; padding:0px 4px 0px 4px" class="hierarchy"><span style="font-weight:bold">Fixed Value: </span><span style="color: darkgreen">snapshot</span></td></tr>
<tr style="border: 0px #F0F0F0 solid; padding:0px; vertical-align: top; background-color: white;"><td style="vertical-align: top; text-align : left; background-color: white; border: 0px #F0F0F0 solid; padding:0px 4px 0px 4px; white-space: nowrap; background-image: url(tbl_bck10.png)" class="hierarchy"><img src="tbl_spacer.png" alt="." style="background-color: inherit" class="hierarchy"/><img src="tbl_vjoin.png" alt="." style="background-color: inherit" class="hierarchy"/><img src="icon_element.gif" alt="." style="background-color: white; background-color: inherit" title="Element" class="hierarchy"/> <a href="StructureDefinition-list-medseventchanges-1-definitions.html#List.code" title="null">code</a><a name="List.code"> </a></td><td style="vertical-align: top; text-align : left; background-color: white; border: 0px #F0F0F0 solid; padding:0px 4px 0px 4px" class="hierarchy"><span style="padding-left: 3px; padding-right: 3px; color: white; background-color: red" title="This element must be supported">S</span></td><td style="vertical-align: top; text-align : left; background-color: white; border: 0px #F0F0F0 solid; padding:0px 4px 0px 4px" class="hierarchy">1..</td><td style="vertical-align: top; text-align : left; background-color: white; border: 0px #F0F0F0 solid; padding:0px 4px 0px 4px" class="hierarchy"/><td style="vertical-align: top; text-align : left; background-color: white; border: 0px #F0F0F0 solid; padding:0px 4px 0px 4px" class="hierarchy"><span style="font-weight:bold">Fixed Value: </span><span style="color: darkgreen">{&quot;coding&quot;:[{&quot;system&quot;:&quot;http://loinc.org&quot;,&quot;code&quot;:&quot;10160-0&quot;}]}</span><span style="color: darkgreen"> (History of Medication use Narrative)</span></td></tr>
<tr style="border: 0px #F0F0F0 solid; padding:0px; vertical-align: top; background-color: white;"><td style="vertical-align: top; text-align : left; background-color: white; border: 0px #F0F0F0 solid; padding:0px 4px 0px 4px; white-space: nowrap; background-image: url(tbl_bck10.png)" class="hierarchy"><img src="tbl_spacer.png" alt="." style="background-color: inherit" class="hierarchy"/><img src="tbl_vjoin.png" alt="." style="background-color: inherit" class="hierarchy"/><img src="icon_reference.png" alt="." style="background-color: white; background-color: inherit" title="Reference to another Resource" class="hierarchy"/> <a href="StructureDefinition-list-medseventchanges-1-definitions.html#List.subject" title="null">subject</a><a name="List.subject"> </a></td><td style="vertical-align: top; text-align : left; background-color: white; border: 0px #F0F0F0 solid; padding:0px 4px 0px 4px" class="hierarchy"><span style="padding-left: 3px; padding-right: 3px; color: white; background-color: red" title="This element must be supported">S</span></td><td style="vertical-align: top; text-align : left; background-color: white; border: 0px #F0F0F0 solid; padding:0px 4px 0px 4px" class="hierarchy">1..</td><td style="vertical-align: top; text-align : left; background-color: white; border: 0px #F0F0F0 solid; padding:0px 4px 0px 4px" class="hierarchy"><a href="http://hl7.org/fhir/STU3/references.html">Reference</a>(<a href="StructureDefinition-patient-ident-1.html">Patient with Mandatory Identifier</a>)</td><td style="vertical-align: top; text-align : left; background-color: white; border: 0px #F0F0F0 solid; padding:0px 4px 0px 4px" class="hierarchy"/></tr>
<tr style="border: 0px #F0F0F0 solid; padding:0px; vertical-align: top; background-color: white;"><td style="vertical-align: top; text-align : left; background-color: white; border: 0px #F0F0F0 solid; padding:0px 4px 0px 4px; white-space: nowrap; background-image: url(tbl_bck10.png)" class="hierarchy"><img src="tbl_spacer.png" alt="." style="background-color: inherit" class="hierarchy"/><img src="tbl_vjoin.png" alt="." style="background-color: inherit" class="hierarchy"/><img src="icon_element.gif" alt="." style="background-color: white; background-color: inherit" title="Element" class="hierarchy"/> <a href="StructureDefinition-list-medseventchanges-1-definitions.html#List.date" title="null">date</a><a name="List.date"> </a></td><td style="vertical-align: top; text-align : left; background-color: white; border: 0px #F0F0F0 solid; padding:0px 4px 0px 4px" class="hierarchy"><span style="padding-left: 3px; padding-right: 3px; color: white; background-color: red" title="This element must be supported">S</span></td><td style="vertical-align: top; text-align : left; background-color: white; border: 0px #F0F0F0 solid; padding:0px 4px 0px 4px" class="hierarchy"/><td style="vertical-align: top; text-align : left; background-color: white; border: 0px #F0F0F0 solid; padding:0px 4px 0px 4px" class="hierarchy"/><td style="vertical-align: top; text-align : left; background-color: white; border: 0px #F0F0F0 solid; padding:0px 4px 0px 4px" class="hierarchy"/></tr>
<tr style="border: 0px #F0F0F0 solid; padding:0px; vertical-align: top; background-color: white;"><td style="vertical-align: top; text-align : left; background-color: white; border: 0px #F0F0F0 solid; padding:0px 4px 0px 4px; white-space: nowrap; background-image: url(tbl_bck10.png)" class="hierarchy"><img src="tbl_spacer.png" alt="." style="background-color: inherit" class="hierarchy"/><img src="tbl_vjoin.png" alt="." style="background-color: inherit" class="hierarchy"/><img src="icon_reference.png" alt="." style="background-color: white; background-color: inherit" title="Reference to another Resource" class="hierarchy"/> <a href="StructureDefinition-list-medseventchanges-1-definitions.html#List.source" title="null">source</a><a name="List.source"> </a></td><td style="vertical-align: top; text-align : left; background-color: white; border: 0px #F0F0F0 solid; padding:0px 4px 0px 4px" class="hierarchy"><span style="padding-left: 3px; padding-right: 3px; color: white; background-color: red" title="This element must be supported">S</span></td><td style="vertical-align: top; text-align : left; background-color: white; border: 0px #F0F0F0 solid; padding:0px 4px 0px 4px" class="hierarchy"/><td style="vertical-align: top; text-align : left; background-color: white; border: 0px #F0F0F0 solid; padding:0px 4px 0px 4px" class="hierarchy"><a href="http://hl7.org/fhir/STU3/references.html">Reference</a>(<a href="StructureDefinition-practitioner-ident-1.html">Practitioner with Mandatory Identifier</a>)</td><td style="vertical-align: top; text-align : left; background-color: white; border: 0px #F0F0F0 solid; padding:0px 4px 0px 4px" class="hierarchy"/></tr>
<tr style="border: 0px #F0F0F0 solid; padding:0px; vertical-align: top; background-color: white;"><td style="vertical-align: top; text-align : left; background-color: white; border: 0px #F0F0F0 solid; padding:0px 4px 0px 4px; white-space: nowrap; background-image: url(tbl_bck01.png)" class="hierarchy"><img src="tbl_spacer.png" alt="." style="background-color: inherit" class="hierarchy"/><img src="tbl_vjoin_end.png" alt="." style="background-color: inherit" class="hierarchy"/><img src="icon_element.gif" alt="." style="background-color: white; background-color: inherit" title="Element" class="hierarchy"/> <a href="StructureDefinition-list-medseventchanges-1-definitions.html#List.entry" title="null">entry</a><a name="List.entry"> </a></td><td style="vertical-align: top; text-align : left; background-color: white; border: 0px #F0F0F0 solid; padding:0px 4px 0px 4px" class="hierarchy"><span style="padding-left: 3px; padding-right: 3px; color: white; background-color: red" title="This element must be supported">S</span></td><td style="vertical-align: top; text-align : left; background-color: white; border: 0px #F0F0F0 solid; padding:0px 4px 0px 4px" class="hierarchy">1..</td><td style="vertical-align: top; text-align : left; background-color: white; border: 0px #F0F0F0 solid; padding:0px 4px 0px 4px" class="hierarchy"/><td style="vertical-align: top; text-align : left; background-color: white; border: 0px #F0F0F0 solid; padding:0px 4px 0px 4px" class="hierarchy">Medicine item with change information</td></tr>
<tr style="border: 0px #F0F0F0 solid; padding:0px; vertical-align: top; background-color: white;"><td style="vertical-align: top; text-align : left; background-color: white; border: 0px #F0F0F0 solid; padding:0px 4px 0px 4px; white-space: nowrap; background-image: url(tbl_bck014.png)" class="hierarchy"><img src="tbl_spacer.png" alt="." style="background-color: inherit" class="hierarchy"/><img src="tbl_blank.png" alt="." style="background-color: inherit" class="hierarchy"/><img src="tbl_vjoin.png" alt="." style="background-color: inherit" class="hierarchy"/><img src="icon_extension_simple.png" alt="." style="background-color: white; background-color: inherit" title="Simple Extension" class="hierarchy"/> <a href="StructureDefinition-list-medseventchanges-1-definitions.html#List.entry.extension:changeDescription" title="Extension URL = http://hl7.org.au/fhir/StructureDefinition/change-description">change-description</a><a name="List.entry.extension"> </a></td><td style="vertical-align: top; text-align : left; background-color: white; border: 0px #F0F0F0 solid; padding:0px 4px 0px 4px" class="hierarchy"><span style="padding-left: 3px; padding-right: 3px; color: white; background-color: red" title="This element must be supported">S</span></td><td style="vertical-align: top; text-align : left; background-color: white; border: 0px #F0F0F0 solid; padding:0px 4px 0px 4px" class="hierarchy">0..*</td><td style="vertical-align: top; text-align : left; background-color: white; border: 0px #F0F0F0 solid; padding:0px 4px 0px 4px" class="hierarchy"><a href="http://hl7.org/fhir/STU3/datatypes.html#string">string</a></td><td style="vertical-align: top; text-align : left; background-color: white; border: 0px #F0F0F0 solid; padding:0px 4px 0px 4px" class="hierarchy">Description of the change to the medicine item<br/><span style="font-weight:bold">URL: </span><a href="http://hl7.org/fhir/STU3/https://build.fhir.org/ig/hl7au/au-fhir-base//StructureDefinition-change-description.html">http://hl7.org.au/fhir/StructureDefinition/change-description</a></td></tr>
<tr style="border: 0px #F0F0F0 solid; padding:0px; vertical-align: top; background-color: white;"><td style="vertical-align: top; text-align : left; background-color: white; border: 0px #F0F0F0 solid; padding:0px 4px 0px 4px; white-space: nowrap; background-image: url(tbl_bck010.png)" class="hierarchy"><img src="tbl_spacer.png" alt="." style="background-color: inherit" class="hierarchy"/><img src="tbl_blank.png" alt="." style="background-color: inherit" class="hierarchy"/><img src="tbl_vjoin.png" alt="." style="background-color: inherit" class="hierarchy"/><img src="icon_element.gif" alt="." style="background-color: white; background-color: inherit" title="Element" class="hierarchy"/> <a href="StructureDefinition-list-medseventchanges-1-definitions.html#List.entry.flag" title="null">flag</a><a name="List.entry.flag"> </a></td><td style="vertical-align: top; text-align : left; background-color: white; border: 0px #F0F0F0 solid; padding:0px 4px 0px 4px" class="hierarchy"><span style="padding-left: 3px; padding-right: 3px; color: white; background-color: red" title="This element must be supported">S</span></td><td style="vertical-align: top; text-align : left; background-color: white; border: 0px #F0F0F0 solid; padding:0px 4px 0px 4px" class="hierarchy">1..</td><td style="vertical-align: top; text-align : left; background-color: white; border: 0px #F0F0F0 solid; padding:0px 4px 0px 4px" class="hierarchy"/><td style="vertical-align: top; text-align : left; background-color: white; border: 0px #F0F0F0 solid; padding:0px 4px 0px 4px" class="hierarchy"><span style="font-weight:bold">Binding: </span><a href="https://healthterminologies.gov.au/fhir/ValueSet/medicine-item-change-event-1">https://healthterminologies.gov.au/fhir/ValueSet/medicine-item-change-event-1</a> (<a href="http://hl7.org/fhir/STU3/terminologies.html#required" title="To be conformant, the concept in this element SHALL be from the specified value set.">required</a>)</td></tr>
<tr style="border: 0px #F0F0F0 solid; padding:0px; vertical-align: top; background-color: white;"><td style="vertical-align: top; text-align : left; background-color: white; border: 0px #F0F0F0 solid; padding:0px 4px 0px 4px; white-space: nowrap; background-image: url(tbl_bck010.png)" class="hierarchy"><img src="tbl_spacer.png" alt="." style="background-color: inherit" class="hierarchy"/><img src="tbl_blank.png" alt="." style="background-color: inherit" class="hierarchy"/><img src="tbl_vjoin.png" alt="." style="background-color: inherit" class="hierarchy"/><img src="icon_element.gif" alt="." style="background-color: white; background-color: inherit" title="Element" class="hierarchy"/> <span style="text-decoration:line-through" title="null">deleted</span><a name="List.entry.deleted"> </a></td><td style="vertical-align: top; text-align : left; background-color: white; border: 0px #F0F0F0 solid; padding:0px 4px 0px 4px" class="hierarchy"/><td style="vertical-align: top; text-align : left; background-color: white; border: 0px #F0F0F0 solid; padding:0px 4px 0px 4px" class="hierarchy"><span style="text-decoration:line-through"/><span style="text-decoration:line-through"></span><span style="text-decoration:line-through">..</span><span style="text-decoration:line-through">0</span></td><td style="vertical-align: top; text-align : left; background-color: white; border: 0px #F0F0F0 solid; padding:0px 4px 0px 4px" class="hierarchy"/><td style="vertical-align: top; text-align : left; background-color: white; border: 0px #F0F0F0 solid; padding:0px 4px 0px 4px" class="hierarchy"/></tr>
<tr style="border: 0px #F0F0F0 solid; padding:0px; vertical-align: top; background-color: white;"><td style="vertical-align: top; text-align : left; background-color: white; border: 0px #F0F0F0 solid; padding:0px 4px 0px 4px; white-space: nowrap; background-image: url(tbl_bck000.png)" class="hierarchy"><img src="tbl_spacer.png" alt="." style="background-color: inherit" class="hierarchy"/><img src="tbl_blank.png" alt="." style="background-color: inherit" class="hierarchy"/><img src="tbl_vjoin_end.png" alt="." style="background-color: inherit" class="hierarchy"/><img src="icon_reference.png" alt="." style="background-color: white; background-color: inherit" title="Reference to another Resource" class="hierarchy"/> <a href="StructureDefinition-list-medseventchanges-1-definitions.html#List.entry.item" title="null">item</a><a name="List.entry.item"> </a></td><td style="vertical-align: top; text-align : left; background-color: white; border: 0px #F0F0F0 solid; padding:0px 4px 0px 4px" class="hierarchy"><span style="padding-left: 3px; padding-right: 3px; color: white; background-color: red" title="This element must be supported">S</span></td><td style="vertical-align: top; text-align : left; background-color: white; border: 0px #F0F0F0 solid; padding:0px 4px 0px 4px" class="hierarchy"/><td style="vertical-align: top; text-align : left; background-color: white; border: 0px #F0F0F0 solid; padding:0px 4px 0px 4px" class="hierarchy"><a href="http://hl7.org/fhir/STU3/references.html">Reference</a>(http://ns.electronichealth.net.au/ci/fhir/3.0/StructureDefinition/medicationstatement-summary-1)</td><td style="vertical-align: top; text-align : left; background-color: white; border: 0px #F0F0F0 solid; padding:0px 4px 0px 4px" class="hierarchy">Medicine item</td></tr>
<tr><td colspan="5" class="hierarchy"><br/><a href="http://hl7.org/fhir/STU3/formats.html#table" title="Legend for this format"><img src="http://hl7.org/fhir/STU3/help16.png" alt="doco" style="background-color: inherit"/> Documentation for this format</a></td></tr></table></div></text><url value="http://ns.electronichealth.net.au/ci/fhir/3.0/StructureDefinition/list-medseventchanges-1"/><version value="1.0.0"/><name value="ListMedsChanges"/><title value="List of Medicine Changes from an Event"/><status value="draft"/><experimental value="true"/><date value="2019-06-06T16:38:20+10:00"/><publisher value="Australian Digital Health Agency"/><contact><telecom><system value="email"/><value value="help@digitalhealth.gov.au"/></telecom></contact><description value="The purpose of this profile is to provide a list of medicines that have specifically changed as a result of an event or those medicines directly relevant to an event. The list is intended to be suited to handling and exchange as a referenced entry in a Composition.&#xA;&#xA;#### Must Support&#xA;&#xA;In the context of this profile [Must Support](http://hl7.org/fhir/STU3/conformance-rules.html#mustSupport) SHALL be interpreted as follows:&#xA;&#xA;* The system SHALL be able to include the element when authoring a resource where data is available&#xA;&#xA;* The system SHALL be able to store and retrieve the element&#xA;&#xA;* The system SHALL be able to process resources containing the element"/><copyright value="Copyright &#xA9; 2019 Australian Digital Health Agency - All rights reserved. This content is licensed under a Creative Commons Attribution 4.0 International License. See https://creativecommons.org/licenses/by/4.0/."/><fhirVersion value="3.0.1"/><mapping><identity value="rim"/><uri value="http://hl7.org/v3"/><name value="RIM Mapping"/></mapping><mapping><identity value="w5"/><uri value="http://hl7.org/fhir/w5"/><name value="W5 Mapping"/></mapping><kind value="resource"/><abstract value="false"/><type value="List"/><baseDefinition value="http://hl7.org.au/fhir/StructureDefinition/au-medlist"/><derivation value="constraint"/><snapshot><element id="List"><extension url="http://hl7.org/fhir/StructureDefinition/structuredefinition-standards-status"><valueCode value="draft"/></extension><path value="List"/><short value="A list of medications in an Australian healthcare context"/><definition value="A set of information summarized from a list of other resources."/><alias value="Collection"/><alias value="WorkingList"/><alias value="Organizer"/><min value="0"/><max value="*"/><base><path value="List"/><min value="0"/><max value="*"/></base><constraint><key value="dom-2"/><severity value="error"/><human value="If the resource is contained in another resource, it SHALL NOT contain nested Resources"/><expression value="contained.contained.empty()"/><xpath value="not(parent::f:contained and f:contained)"/><source value="DomainResource"/></constraint><constraint><key value="dom-1"/><severity value="error"/><human value="If the resource is contained in another resource, it SHALL NOT contain any narrative"/><expression value="contained.text.empty()"/><xpath value="not(parent::f:contained and f:text)"/><source value="DomainResource"/></constraint><constraint><key value="dom-4"/><severity value="error"/><human value="If a resource is contained in another resource, it SHALL NOT have a meta.versionId or a meta.lastUpdated"/><expression value="contained.meta.versionId.empty() and contained.meta.lastUpdated.empty()"/><xpath value="not(exists(f:contained/*/f:meta/f:versionId)) and not(exists(f:contained/*/f:meta/f:lastUpdated))"/><source value="DomainResource"/></constraint><constraint><key value="dom-3"/><severity value="error"/><human value="If the resource is contained in another resource, it SHALL be referred to from elsewhere in the resource"/><expression value="contained.where((&#39;#&#39;+id in %resource.descendants().reference).not()).empty()"/><xpath value="not(exists(for $id in f:contained/*/@id return $id[not(ancestor::f:contained/parent::*/descendant::f:reference/@value=concat(&#39;#&#39;, $id))]))"/><source value="DomainResource"/></constraint><constraint><key value="lst-2"/><severity value="error"/><human value="The deleted flag can only be used if the mode of the list is &quot;changes&quot;"/><expression value="mode = &#39;changes&#39; or entry.deleted.empty()"/><xpath value="(f:mode/@value = &#39;changes&#39;) or not(exists(f:entry/f:deleted))"/><source value="List"/></constraint><constraint><key value="lst-1"/><severity value="error"/><human value="A list can only have an emptyReason if it is empty"/><expression value="emptyReason.empty() or entry.empty()"/><xpath value="not(exists(f:emptyReason) and exists(f:entry))"/><source value="List"/></constraint><mapping><identity value="rim"/><map value="Entity. Role, or Act"/></mapping><mapping><identity value="rim"/><map value="Act[classCode&lt;ORG,moodCode=EVN]"/></mapping><mapping><identity value="w5"/><map value="infrastructure.documents"/></mapping></element><element id="List.id"><path value="List.id"/><short value="Logical id of this artifact"/><definition value="The logical id of the resource, as used in the URL for the resource. Once assigned, this value never changes."/><comment value="The only time that a resource does not have an id is when it is being submitted to the server using a create operation."/><min value="0"/><max value="1"/><base><path value="Resource.id"/><min value="0"/><max value="1"/></base><type><code value="id"/></type><isSummary value="true"/></element><element id="List.meta"><path value="List.meta"/><short value="Metadata about the resource"/><definition value="The metadata about the resource. This is content that is maintained by the infrastructure. Changes to the content may not always be associated with version changes to the resource."/><min value="0"/><max value="1"/><base><path value="Resource.meta"/><min value="0"/><max value="1"/></base><type><code value="Meta"/></type><isSummary value="true"/></element><element id="List.implicitRules"><path value="List.implicitRules"/><short value="A set of rules under which this content was created"/><definition value="A reference to a set of rules that were followed when the resource was constructed, and which must be understood when processing the content."/><comment value="Asserting this rule set restricts the content to be only understood by a limited set of trading partners. This inherently limits the usefulness of the data in the long term. However, the existing health eco-system is highly fractured, and not yet ready to define, collect, and exchange data in a generally computable sense. Wherever possible, implementers and/or specification writers should avoid using this element. &#xA;&#xA;This element is labelled as a modifier because the implicit rules may provide additional knowledge about the resource that modifies it&#39;s meaning or interpretation."/><min value="0"/><max value="1"/><base><path value="Resource.implicitRules"/><min value="0"/><max value="1"/></base><type><code value="uri"/></type><isModifier value="true"/><isSummary value="true"/></element><element id="List.language"><path value="List.language"/><short value="Language of the resource content"/><definition value="The base language in which the resource is written."/><comment value="Language is provided to support indexing and accessibility (typically, services such as text to speech use the language tag). The html language tag in the narrative applies  to the narrative. The language tag on the resource may be used to specify the language of other presentations generated from the data in the resource  Not all the content has to be in the base language. The Resource.language should not be assumed to apply to the narrative automatically. If a language is specified, it should it also be specified on the div element in the html (see rules in HTML5 for information about the relationship between xml:lang and the html lang attribute)."/><min value="0"/><max value="1"/><base><path value="Resource.language"/><min value="0"/><max value="1"/></base><type><code value="code"/></type><binding><extension url="http://hl7.org/fhir/StructureDefinition/elementdefinition-maxValueSet"><valueReference><reference value="http://hl7.org/fhir/ValueSet/all-languages"/></valueReference></extension><extension url="http://hl7.org/fhir/StructureDefinition/elementdefinition-bindingName"><valueString value="Language"/></extension><extension url="http://hl7.org/fhir/StructureDefinition/elementdefinition-isCommonBinding"><valueBoolean value="true"/></extension><strength value="extensible"/><description value="A human language."/><valueSetReference><reference value="http://hl7.org/fhir/ValueSet/languages"/></valueSetReference></binding></element><element id="List.text"><path value="List.text"/><short value="Text summary of the resource, for human interpretation"/><definition value="A human-readable narrative that contains a summary of the resource, and may be used to represent the content of the resource to a human. The narrative need not encode all the structured data, but is required to contain sufficient detail to make it &quot;clinically safe&quot; for a human to just read the narrative. Resource definitions may define what content should be represented in the narrative to ensure clinical safety."/><comment value="Contained resources do not have narrative. Resources that are not contained SHOULD have a narrative. In some cases, a resource may only have text with little or no additional discrete data (as long as all minOccurs=1 elements are satisfied).  This may be necessary for data from legacy systems where information is captured as a &quot;text blob&quot; or where text is additionally entered raw or narrated and encoded in formation is added later."/><alias value="narrative"/><alias value="html"/><alias value="xhtml"/><alias value="display"/><min value="0"/><max value="1"/><base><path value="DomainResource.text"/><min value="0"/><max value="1"/></base><type><code value="Narrative"/></type><condition value="dom-1"/><mapping><identity value="rim"/><map value="Act.text?"/></mapping></element><element id="List.contained"><path value="List.contained"/><short value="Contained, inline Resources"/><definition value="These resources do not have an independent existence apart from the resource that contains them - they cannot be identified independently, and nor can they have their own independent transaction scope."/><comment value="This should never be done when the content can be identified properly, as once identification is lost, it is extremely difficult (and context dependent) to restore it again."/><alias value="inline resources"/><alias value="anonymous resources"/><alias value="contained resources"/><min value="0"/><max value="*"/><base><path value="DomainResource.contained"/><min value="0"/><max value="*"/></base><type><code value="Resource"/></type><mapping><identity value="rim"/><map value="N/A"/></mapping></element><element id="List.extension"><path value="List.extension"/><slicing><discriminator><type value="value"/><path value="url"/></discriminator><rules value="open"/></slicing><short value="Extension"/><definition value="An Extension"/><min value="0"/><max value="*"/><base><path value="DomainResource.extension"/><min value="0"/><max value="*"/></base><type><code value="Extension"/></type></element><element id="List.extension:sourceRole"><extension url="http://hl7.org/fhir/StructureDefinition/structuredefinition-standards-status"><valueCode value="draft"/></extension><path value="List.extension"/><sliceName value="sourceRole"/><short value="Practitioner role that defined the list contents (aka Author)"/><definition value="The entity (practitioner role) responsible for deciding what the contents of the list were. Where the list was created by a human, this is the same as the author of the list."/><min value="0"/><max value="1"/><base><path value="DomainResource.extension"/><min value="0"/><max value="*"/></base><type><code value="Extension"/><profile value="http://hl7.org.au/fhir/StructureDefinition/list-source-role"/></type><condition value="ele-1"/><constraint><key value="ele-1"/><severity value="error"/><human value="All FHIR elements must have a @value or children"/><expression value="hasValue() | (children().count() &gt; id.count())"/><xpath value="@value|f:*|h:div"/><source value="Element"/></constraint><constraint><key value="ext-1"/><severity value="error"/><human value="Must have either extensions or value[x], not both"/><expression value="extension.exists() != value.exists()"/><xpath value="exists(f:extension)!=exists(f:*[starts-with(local-name(.), &#39;value&#39;)])"/><source value="Extension"/></constraint></element><element id="List.modifierExtension"><path value="List.modifierExtension"/><short value="Extensions that cannot be ignored"/><definition value="May be used to represent additional information that is not part of the basic definition of the resource, and that modifies the understanding of the element that contains it. Usually modifier elements provide negation or qualification. In order to make the use of extensions safe and manageable, there is a strict set of governance applied to the definition and use of extensions. Though any implementer is allowed to define an extension, there is a set of requirements that SHALL be met as part of the definition of the extension. Applications processing a resource are required to check for modifier extensions."/><comment value="There can be no stigma associated with the use of extensions by any application, project, or standard - regardless of the institution or jurisdiction that uses or defines the extensions.  The use of extensions is what allows the FHIR specification to retain a core level of simplicity for everyone."/><alias value="extensions"/><alias value="user content"/><min value="0"/><max value="*"/><base><path value="DomainResource.modifierExtension"/><min value="0"/><max value="*"/></base><type><code value="Extension"/></type><isModifier value="true"/><mapping><identity value="rim"/><map value="N/A"/></mapping></element><element id="List.identifier"><path value="List.identifier"/><short value="Business identifier"/><definition value="Identifier for the List assigned for business purposes outside the context of FHIR."/><min value="0"/><max value="*"/><base><path value="List.identifier"/><min value="0"/><max value="*"/></base><type><code value="Identifier"/></type><mapping><identity value="rim"/><map value=".id"/></mapping><mapping><identity value="w5"/><map value="id"/></mapping></element><element id="List.status"><path value="List.status"/><short value="current | retired | entered-in-error"/><definition value="Indicates the current state of this list."/><comment value="This element is labeled as a modifier because the status contains codes that mark the resource as not currently valid."/><min value="1"/><max value="1"/><base><path value="List.status"/><min value="1"/><max value="1"/></base><type><code value="code"/></type><fixedCode value="current"/><mustSupport value="true"/><isModifier value="true"/><isSummary value="true"/><binding><extension url="http://hl7.org/fhir/StructureDefinition/elementdefinition-bindingName"><valueString value="ListStatus"/></extension><strength value="required"/><description value="The current state of the list"/><valueSetReference><reference value="http://hl7.org/fhir/ValueSet/list-status"/></valueSetReference></binding><mapping><identity value="rim"/><map value=".status[current=active;retired=obsolete;entered-in-error=nullified]"/></mapping><mapping><identity value="w5"/><map value="status"/></mapping></element><element id="List.mode"><path value="List.mode"/><short value="working | snapshot | changes"/><definition value="How this list was prepared - whether it is a working list that is suitable for being maintained on an ongoing basis, or if it represents a snapshot of a list of items from another source, or whether it is a prepared list where items may be marked as added, modified or deleted."/><comment value="This element is labeled as a modifier because a change list must not be mis-understood as a complete list."/><requirements value="Lists are used in various ways, and it must be known in what way it is safe to use them."/><min value="1"/><max value="1"/><base><path value="List.mode"/><min value="1"/><max value="1"/></base><type><code value="code"/></type><fixedCode value="snapshot"/><isModifier value="true"/><isSummary value="true"/><binding><extension url="http://hl7.org/fhir/StructureDefinition/elementdefinition-bindingName"><valueString value="ListMode"/></extension><strength value="required"/><description value="The processing mode that applies to this list"/><valueSetReference><reference value="http://hl7.org/fhir/ValueSet/list-mode"/></valueSetReference></binding><mapping><identity value="rim"/><map value=".outBoundRelationship[typeCode=COMP].target[classCode=OBS&quot;].value"/></mapping><mapping><identity value="w5"/><map value="class"/></mapping></element><element id="List.title"><path value="List.title"/><short value="Descriptive name for the list"/><definition value="A label for the list assigned by the author."/><requirements value="Allows customization beyond just the code identifying the kind of list."/><min value="0"/><max value="1"/><base><path value="List.title"/><min value="0"/><max value="1"/></base><type><code value="string"/></type><example><label value="General"/><valueString value="Dr. Jane&#39;s Patients"/></example><isSummary value="true"/><mapping><identity value="rim"/><map value=".title"/></mapping></element><element id="List.code"><path value="List.code"/><short value="What the purpose of this list is"/><definition value="This code defines the purpose of the list - why it was created."/><comment value="If there is no code, the purpose of the list is implied where it is used, such as in a document section using Document.section.code."/><requirements value="Lists often contain subsets of resources rather than an exhaustive list.  The code identifies what type of subset is included."/><min value="1"/><max value="1"/><base><path value="List.code"/><min value="0"/><max value="1"/></base><type><code value="CodeableConcept"/></type><fixedCodeableConcept><coding><system value="http://loinc.org"/><code value="10160-0"/></coding></fixedCodeableConcept><mustSupport value="true"/><isSummary value="true"/><binding><extension url="http://hl7.org/fhir/StructureDefinition/elementdefinition-bindingName"><valueString value="ListPurpose"/></extension><strength value="example"/><description value="What the purpose of a list is"/><valueSetReference><reference value="http://hl7.org/fhir/ValueSet/list-example-codes"/></valueSetReference></binding><mapping><identity value="rim"/><map value=".code"/></mapping><mapping><identity value="w5"/><map value="what"/></mapping></element><element id="List.subject"><path value="List.subject"/><short value="If all resources have the same subject"/><definition value="The common subject (or patient) of the resources that are in the list, if there is one."/><comment value="Some purely arbitrary lists do not have a common subject, so this is optional."/><requirements value="The primary purpose of listing the subject explicitly is to help with finding the right list."/><min value="1"/><max value="1"/><base><path value="List.subject"/><min value="0"/><max value="1"/></base><type><code value="Reference"/><targetProfile value="http://ns.electronichealth.net.au/ci/fhir/3.0/StructureDefinition/patient-ident-1"/></type><mustSupport value="true"/><isSummary value="true"/><mapping><identity value="rim"/><map value=".participation[typeCode&lt;SUB].role (and sometimes .player)"/></mapping><mapping><identity value="w5"/><map value="who.focus"/></mapping></element><element id="List.encounter"><path value="List.encounter"/><short value="Context in which list created"/><definition value="The encounter that is the context in which this list was created."/><min value="0"/><max value="1"/><base><path value="List.encounter"/><min value="0"/><max value="1"/></base><type><code value="Reference"/><targetProfile value="http://hl7.org/fhir/StructureDefinition/Encounter"/></type><mapping><identity value="rim"/><map value="inboundRelationship[typeCode=COMP].source[classCode=ENC, moodCode=EVN]"/></mapping><mapping><identity value="w5"/><map value="context"/></mapping></element><element id="List.date"><path value="List.date"/><short value="When the list was prepared"/><definition value="The date that the list was prepared."/><comment value="The actual important date is the date of currency of the resources that were summarized, but it is usually assumed that these are current when the preparation occurs."/><requirements value="Identifies how current the list is which affects relevance."/><min value="0"/><max value="1"/><base><path value="List.date"/><min value="0"/><max value="1"/></base><type><code value="dateTime"/></type><mustSupport value="true"/><isSummary value="true"/><mapping><identity value="rim"/><map value=".participation[typeCode&lt;AUT].time[type=TS]"/></mapping><mapping><identity value="w5"/><map value="when.recorded"/></mapping></element><element id="List.source"><path value="List.source"/><short value="Who and/or what defined the list contents (aka Author)"/><definition value="The entity responsible for deciding what the contents of the list were. Where the list was created by a human, this is the same as the author of the list."/><comment value="The primary source is the entity that made the decisions what items are in the list. This may be software or user."/><requirements value="Allows follow-up as well as context."/><alias value="Author"/><min value="0"/><max value="1"/><base><path value="List.source"/><min value="0"/><max value="1"/></base><type><code value="Reference"/><targetProfile value="http://ns.electronichealth.net.au/ci/fhir/3.0/StructureDefinition/practitioner-ident-1"/></type><mustSupport value="true"/><isSummary value="true"/><mapping><identity value="rim"/><map value=".participation[typeCode&lt;AUT].role[classCode=REL].player[classCode=PSN,determinerCode=INST] or .participation[typeCode&lt;AUT].role[classCode=REL].player[classCode=DEV,determinerCode=INST]"/></mapping><mapping><identity value="w5"/><map value="who.author"/></mapping></element><element id="List.orderedBy"><path value="List.orderedBy"/><short value="What order the list has"/><definition value="What order applies to the items in the list."/><comment value="Applications SHOULD render ordered lists in the order provided, but MAY allow users to re-order based on their own preferences as well. If there is no order specified, the order is unknown, though there may still be some order."/><requirements value="Important for presentation and rendering.  Lists may be sorted to place more important information first or to group related entries."/><min value="0"/><max value="1"/><base><path value="List.orderedBy"/><min value="0"/><max value="1"/></base><type><code value="CodeableConcept"/></type><binding><extension url="http://hl7.org/fhir/StructureDefinition/elementdefinition-bindingName"><valueString value="ListOrder"/></extension><strength value="preferred"/><description value="What order applies to the items in a list"/><valueSetReference><reference value="http://hl7.org/fhir/ValueSet/list-order"/></valueSetReference></binding><mapping><identity value="rim"/><map value=".outboundRelationship[typeCode=COMP].sequenceNumber &gt; 1"/></mapping></element><element id="List.note"><path value="List.note"/><short value="Comments about the list"/><definition value="Comments that apply to the overall list."/><min value="0"/><max value="*"/><base><path value="List.note"/><min value="0"/><max value="*"/></base><type><code value="Annotation"/></type><mapping><identity value="rim"/><map value=".inboundRelationship[typeCode=SUBJ].act.text"/></mapping></element><element id="List.entry"><path value="List.entry"/><short value="Medicine item with change information"/><definition value="List of medicine type entries"/><comment value="If there are no entries in the list, an emptyReason SHOULD be provided."/><min value="1"/><max value="*"/><base><path value="List.entry"/><min value="0"/><max value="*"/></base><type><code value="BackboneElement"/></type><condition value="lst-1"/><constraint><key value="ele-1"/><severity value="error"/><human value="All FHIR elements must have a @value or children"/><expression value="hasValue() | (children().count() &gt; id.count())"/><xpath value="@value|f:*|h:div"/><source value="Element"/></constraint><mustSupport value="true"/><mapping><identity value="rim"/><map value=".outboundRelationship[typeCode=COMP] or  .participation[typeCode=SBJ]"/></mapping></element><element id="List.entry.id"><path value="List.entry.id"/><representation value="xmlAttr"/><short value="xml:id (or equivalent in JSON)"/><definition value="unique id for the element within a resource (for internal references). This may be any string value that does not contain spaces."/><min value="0"/><max value="1"/><base><path value="Element.id"/><min value="0"/><max value="1"/></base><type><code value="string"/></type><mapping><identity value="rim"/><map value="n/a"/></mapping></element><element id="List.entry.extension"><path value="List.entry.extension"/><slicing><discriminator><type value="value"/><path value="url"/></discriminator><rules value="open"/></slicing><short value="Extension"/><definition value="An Extension"/><min value="0"/><max value="*"/><base><path value="Element.extension"/><min value="0"/><max value="*"/></base><type><code value="Extension"/></type></element><element id="List.entry.extension:changeDescription"><extension url="http://hl7.org/fhir/StructureDefinition/structuredefinition-standards-status"><valueCode value="draft"/></extension><path value="List.entry.extension"/><sliceName value="changeDescription"/><short value="Description of the change to the medicine item"/><definition value="Description of a change including the reason for change."/><min value="0"/><max value="1"/><base><path value="Element.extension"/><min value="0"/><max value="*"/></base><type><code value="Extension"/><profile value="http://hl7.org.au/fhir/StructureDefinition/change-description"/></type><condition value="ele-1"/><constraint><key value="ele-1"/><severity value="error"/><human value="All FHIR elements must have a @value or children"/><expression value="hasValue() | (children().count() &gt; id.count())"/><xpath value="@value|f:*|h:div"/><source value="Element"/></constraint><constraint><key value="ext-1"/><severity value="error"/><human value="Must have either extensions or value[x], not both"/><expression value="extension.exists() != value.exists()"/><xpath value="exists(f:extension)!=exists(f:*[starts-with(local-name(.), &#39;value&#39;)])"/><source value="Extension"/></constraint><constraint><key value="ele-1"/><severity value="error"/><human value="All FHIR elements must have a @value or children"/><expression value="hasValue() | (children().count() &gt; id.count())"/><xpath value="@value|f:*|h:div"/><source value="Element"/></constraint><constraint><key value="ext-1"/><severity value="error"/><human value="Must have either extensions or value[x], not both"/><expression value="extension.exists() != value.exists()"/><xpath value="exists(f:extension)!=exists(f:*[starts-with(local-name(.), &#39;value&#39;)])"/><source value="Extension"/></constraint><mustSupport value="true"/></element><element id="List.entry.modifierExtension"><path value="List.entry.modifierExtension"/><short value="Extensions that cannot be ignored"/><definition value="May be used to represent additional information that is not part of the basic definition of the element, and that modifies the understanding of the element that contains it. Usually modifier elements provide negation or qualification. In order to make the use of extensions safe and manageable, there is a strict set of governance applied to the definition and use of extensions. Though any implementer is allowed to define an extension, there is a set of requirements that SHALL be met as part of the definition of the extension. Applications processing a resource are required to check for modifier extensions."/><comment value="There can be no stigma associated with the use of extensions by any application, project, or standard - regardless of the institution or jurisdiction that uses or defines the extensions.  The use of extensions is what allows the FHIR specification to retain a core level of simplicity for everyone."/><alias value="extensions"/><alias value="user content"/><alias value="modifiers"/><min value="0"/><max value="*"/><base><path value="BackboneElement.modifierExtension"/><min value="0"/><max value="*"/></base><type><code value="Extension"/></type><isModifier value="true"/><isSummary value="true"/><mapping><identity value="rim"/><map value="N/A"/></mapping></element><element id="List.entry.flag"><path value="List.entry.flag"/><short value="Medicine item change"/><definition value="The flag allows the system constructing the list to indicate the role and significance of the item in the list."/><comment value="The flag can only be understood in the context of the List.code. If the flag means that the entry has actually been deleted from the list, the deleted element SHALL be true. Deleted can only be used if the List.mode is &quot;changes&quot;."/><requirements value="This field is present to support various clinical uses of lists, such as a discharge summary medication list, where flags specify whether the medication was added, modified, or deleted from the list."/><min value="1"/><max value="1"/><base><path value="List.entry.flag"/><min value="0"/><max value="1"/></base><type><code value="CodeableConcept"/></type><mustSupport value="true"/><binding><extension url="http://hl7.org/fhir/StructureDefinition/elementdefinition-bindingName"><valueString value="ListItemFlag"/></extension><strength value="required"/><valueSetReference><reference value="https://healthterminologies.gov.au/fhir/ValueSet/medicine-item-change-event-1"/></valueSetReference></binding><mapping><identity value="rim"/><map value=".outBoundRelationship[typeCode=COMP].target[classCode=OBS&quot;].value"/></mapping></element><element id="List.entry.deleted"><path value="List.entry.deleted"/><short value="If this item is actually marked as deleted"/><definition value="True if this item is marked as deleted in the list."/><comment value="If the flag means that the entry has actually been deleted from the list, the deleted element SHALL be true. Both flag and deleted can only be used if the List.mode is &quot;changes&quot;. A deleted entry should be displayed in narrative as deleted.&#xA;&#xA;This element is labeled as a modifier because it indicates that an item is (to be) no longer in the list."/><requirements value="The flag element may contain codes that an application processing the list does not understand. However there can be no ambiguity if a list item is actually marked as &quot;deleted&quot;."/><min value="0"/><max value="0"/><base><path value="List.entry.deleted"/><min value="0"/><max value="1"/></base><type><code value="boolean"/></type><defaultValueBoolean value="false"/><condition value="lst-2"/><isModifier value="true"/><mapping><identity value="rim"/><map value="added: .updateMode=(&quot;A&quot;,&quot;AR&quot;)  retained: .updateMode=&quot;NC&quot;  updated: .updateMode=&quot;R&quot;  deleted: .updateMode=&quot;D&quot;"/></mapping></element><element id="List.entry.date"><path value="List.entry.date"/><short value="When item added to list"/><definition value="When this item was added to the list."/><comment value="This is only useful and meaningful when the mode is &quot;working&quot;."/><requirements value="The date may be significant for understanding the meaning of items in a working list."/><min value="0"/><max value="1"/><base><path value="List.entry.date"/><min value="0"/><max value="1"/></base><type><code value="dateTime"/></type><mapping><identity value="rim"/><map value=".availabilityTime"/></mapping></element><element id="List.entry.item"><path value="List.entry.item"/><short value="Medicine item"/><definition value="A reference to the actual resource from which data was derived."/><min value="1"/><max value="1"/><base><path value="List.entry.item"/><min value="1"/><max value="1"/></base><type><code value="Reference"/><targetProfile value="http://ns.electronichealth.net.au/ci/fhir/3.0/StructureDefinition/medicationstatement-summary-1"/></type><mustSupport value="true"/><mapping><identity value="rim"/><map value=".target or .role or .role.entity"/></mapping></element><element id="List.emptyReason"><path value="List.emptyReason"/><short value="Why list is empty"/><definition value="If the list is empty, why the list is empty."/><comment value="The various reasons for an empty list make a significant interpretation to its interpretation. Note that this code is for use when the entire list has been suppressed, and not for when individual items are omitted - implementers may consider using a text note or a flag on an entry in these cases."/><requirements value="Allows capturing things like &quot;none exist&quot; or &quot;not asked&quot; which can be important for most lists."/><min value="0"/><max value="1"/><base><path value="List.emptyReason"/><min value="0"/><max value="1"/></base><type><code value="CodeableConcept"/></type><condition value="lst-1"/><binding><extension url="http://hl7.org/fhir/StructureDefinition/elementdefinition-bindingName"><valueString value="ListEmptyReason"/></extension><strength value="preferred"/><description value="If a list is empty, why it is empty"/><valueSetReference><reference value="http://hl7.org/fhir/ValueSet/list-empty-reason"/></valueSetReference></binding><mapping><identity value="rim"/><map value=".inboundRelationship[typeCode=SUBJ,code&lt;{ListEmptyReason}].value[type=CD]"/></mapping></element></snapshot><differential><element id="List"><path value="List"/></element><element id="List.status"><path value="List.status"/><fixedCode value="current"/><mustSupport value="true"/></element><element id="List.mode"><path value="List.mode"/><fixedCode value="snapshot"/></element><element id="List.code"><path value="List.code"/><min value="1"/><fixedCodeableConcept><coding><system value="http://loinc.org"/><code value="10160-0"/></coding></fixedCodeableConcept><mustSupport value="true"/></element><element id="List.subject"><path value="List.subject"/><min value="1"/><type><code value="Reference"/><targetProfile value="http://ns.electronichealth.net.au/ci/fhir/3.0/StructureDefinition/patient-ident-1"/></type><mustSupport value="true"/></element><element id="List.date"><path value="List.date"/><mustSupport value="true"/></element><element id="List.source"><path value="List.source"/><type><code value="Reference"/><targetProfile value="http://ns.electronichealth.net.au/ci/fhir/3.0/StructureDefinition/practitioner-ident-1"/></type><mustSupport value="true"/></element><element id="List.entry"><path value="List.entry"/><short value="Medicine item with change information"/><min value="1"/><mustSupport value="true"/></element><element id="List.entry.extension:changeDescription"><path value="List.entry.extension"/><sliceName value="changeDescription"/><short value="Description of the change to the medicine item"/><type><code value="Extension"/><profile value="http://hl7.org.au/fhir/StructureDefinition/change-description"/></type><mustSupport value="true"/></element><element id="List.entry.flag"><path value="List.entry.flag"/><min value="1"/><mustSupport value="true"/><binding><extension url="http://hl7.org/fhir/StructureDefinition/elementdefinition-bindingName"><valueString value="ListItemFlag"/></extension><strength value="required"/><valueSetReference><reference value="https://healthterminologies.gov.au/fhir/ValueSet/medicine-item-change-event-1"/></valueSetReference></binding></element><element id="List.entry.deleted"><path value="List.entry.deleted"/><max value="0"/></element><element id="List.entry.item"><path value="List.entry.item"/><short value="Medicine item"/><type><code value="Reference"/><targetProfile value="http://ns.electronichealth.net.au/ci/fhir/3.0/StructureDefinition/medicationstatement-summary-1"/></type><mustSupport value="true"/></element></differential></StructureDefinition>