<?xml version="1.0" encoding="UTF-8"?><StructureDefinition xmlns="http://hl7.org/fhir"><id value="humanname-dh-base-1"/><meta><versionId value="1"/><lastUpdated value="2017-12-15T14:57:25.752+10:00"/></meta><language value="en-AU"/><text><status value="generated"/><div xmlns="http://www.w3.org/1999/xhtml"><table border="0" cellpadding="0" cellspacing="0" style="border: 0px #F0F0F0 solid; font-size: 11px; font-family: verdana; vertical-align: top;"><tr style="border: 1px #F0F0F0 solid; font-size: 11px; font-family: verdana; vertical-align: top;"><th style="vertical-align: top; text-align : left; background-color: white; border: 0px #F0F0F0 solid; padding:0px 4px 0px 4px" class="hierarchy"><a href="http://hl7.org/fhir/STU3/formats.html#table" title="The logical name of the element">Name</a></th><th style="vertical-align: top; text-align : left; background-color: white; border: 0px #F0F0F0 solid; padding:0px 4px 0px 4px" class="hierarchy"><a href="http://hl7.org/fhir/STU3/formats.html#table" title="Information about the use of the element">Flags</a></th><th style="vertical-align: top; text-align : left; background-color: white; border: 0px #F0F0F0 solid; padding:0px 4px 0px 4px" class="hierarchy"><a href="http://hl7.org/fhir/STU3/formats.html#table" title="Minimum and Maximum # of times the the element can appear in the instance">Card.</a></th><th style="width: 100px" class="hierarchy"><a href="http://hl7.org/fhir/STU3/formats.html#table" title="Reference to the type of the element">Type</a></th><th style="vertical-align: top; text-align : left; background-color: white; border: 0px #F0F0F0 solid; padding:0px 4px 0px 4px" class="hierarchy"><a href="http://hl7.org/fhir/STU3/formats.html#table" title="Additional information about the element">Description &amp; Constraints</a><span style="float: right"><a href="http://hl7.org/fhir/STU3/formats.html#table" title="Legend for this format"><img src="http://hl7.org/fhir/STU3/help16.png" alt="doco" style="background-color: inherit"/></a></span></th></tr><tr style="border: 0px #F0F0F0 solid; padding:0px; vertical-align: top; background-color: white;"><td style="vertical-align: top; text-align : left; background-color: white; border: 0px #F0F0F0 solid; padding:0px 4px 0px 4px; white-space: nowrap; background-image: url(tbl_bck1.png)" class="hierarchy"><img src="tbl_spacer.png" alt="." style="background-color: inherit" class="hierarchy"/><img src="icon_element.gif" alt="." style="background-color: white; background-color: inherit" title="Element" class="hierarchy"/> <a href="StructureDefinition-humanname-dh-base-1-definitions.html#HumanName" title="null">HumanName</a><a name="HumanName"> </a></td><td style="vertical-align: top; text-align : left; background-color: white; border: 0px #F0F0F0 solid; padding:0px 4px 0px 4px" class="hierarchy"><span style="padding-left: 3px; padding-right: 3px; color: black; background-color: white" title="This element has or is affected by some invariants">I</span></td><td style="vertical-align: top; text-align : left; background-color: white; border: 0px #F0F0F0 solid; padding:0px 4px 0px 4px" class="hierarchy"/><td style="vertical-align: top; text-align : left; background-color: white; border: 0px #F0F0F0 solid; padding:0px 4px 0px 4px" class="hierarchy"/><td style="vertical-align: top; text-align : left; background-color: white; border: 0px #F0F0F0 solid; padding:0px 4px 0px 4px" class="hierarchy"><span style="font-weight:bold">inv-dh-humn-01: </span>The name shall at least have text or a family name or a given name</td></tr>
<tr style="border: 0px #F0F0F0 solid; padding:0px; vertical-align: top; background-color: white;"><td style="vertical-align: top; text-align : left; background-color: white; border: 0px #F0F0F0 solid; padding:0px 4px 0px 4px; white-space: nowrap; background-image: url(tbl_bck10.png)" class="hierarchy"><img src="tbl_spacer.png" alt="." style="background-color: inherit" class="hierarchy"/><img src="tbl_vjoin.png" alt="." style="background-color: inherit" class="hierarchy"/><img src="icon_element.gif" alt="." style="background-color: white; background-color: inherit" title="Element" class="hierarchy"/> <a href="StructureDefinition-humanname-dh-base-1-definitions.html#HumanName.prefix" title="Part of the name that is acquired as a title due to academic, legal, employment or nobility status, etc. and that appears at the start of the name.&#xD;&#xA;Human Name Prefix SHOULD NOT be confused with job title.&#xD;&#xA;Mixed case SHOULD be used (rather than upper case only).&#xD;&#xA;Prefix of &#x2018;Master&#x2019; SHOULD only be used for clients less than 15 years of age.&#xD;&#xA;Prefix of &#x2018;Doctor&#x2019; and &#x2018;Professor&#x2019; SHOULD only be applicable to clients of greater than 20 years of age.&#xD;&#xA;Prefixes of Dame, Miss, Mrs, Ms and Sr are only accepted for females.&#xD;&#xA;Prefixes of Br, Mstr, Mr and Sir are only accepted for males.">prefix</a><a name="HumanName.prefix"> </a></td><td style="vertical-align: top; text-align : left; background-color: white; border: 0px #F0F0F0 solid; padding:0px 4px 0px 4px" class="hierarchy"/><td style="vertical-align: top; text-align : left; background-color: white; border: 0px #F0F0F0 solid; padding:0px 4px 0px 4px" class="hierarchy"/><td style="vertical-align: top; text-align : left; background-color: white; border: 0px #F0F0F0 solid; padding:0px 4px 0px 4px" class="hierarchy"/><td style="vertical-align: top; text-align : left; background-color: white; border: 0px #F0F0F0 solid; padding:0px 4px 0px 4px" class="hierarchy"/></tr>
<tr style="border: 0px #F0F0F0 solid; padding:0px; vertical-align: top; background-color: white;"><td style="vertical-align: top; text-align : left; background-color: white; border: 0px #F0F0F0 solid; padding:0px 4px 0px 4px; white-space: nowrap; background-image: url(tbl_bck00.png)" class="hierarchy"><img src="tbl_spacer.png" alt="." style="background-color: inherit" class="hierarchy"/><img src="tbl_vjoin_end.png" alt="." style="background-color: inherit" class="hierarchy"/><img src="icon_element.gif" alt="." style="background-color: white; background-color: inherit" title="Element" class="hierarchy"/> <a href="StructureDefinition-humanname-dh-base-1-definitions.html#HumanName.suffix" title="null">suffix</a><a name="HumanName.suffix"> </a></td><td style="vertical-align: top; text-align : left; background-color: white; border: 0px #F0F0F0 solid; padding:0px 4px 0px 4px" class="hierarchy"/><td style="vertical-align: top; text-align : left; background-color: white; border: 0px #F0F0F0 solid; padding:0px 4px 0px 4px" class="hierarchy"/><td style="vertical-align: top; text-align : left; background-color: white; border: 0px #F0F0F0 solid; padding:0px 4px 0px 4px" class="hierarchy"/><td style="vertical-align: top; text-align : left; background-color: white; border: 0px #F0F0F0 solid; padding:0px 4px 0px 4px" class="hierarchy"/></tr>
<tr><td colspan="5" class="hierarchy"><br/><a href="http://hl7.org/fhir/STU3/formats.html#table" title="Legend for this format"><img src="http://hl7.org/fhir/STU3/help16.png" alt="doco" style="background-color: inherit"/> Documentation for this format</a></td></tr></table></div></text><url value="http://ns.electronichealth.net.au/ci/fhir/3.0/StructureDefinition/humanname-dh-base-1"/><version value="1.0"/><name value="HumanNameBase"/><title value="Base HumanName"/><status value="draft"/><date value="2017-05-19T14:09:22+10:00"/><publisher value="Australian Digital Health Agency"/><description value="Australian Digital Health Agency profile of the [HumanName](http://hl7.org/fhir/stu3/datatypes.html#HumanName) data type."/><jurisdiction><coding><system value="urn:iso:std:iso:3166"/><code value="AU"/><display value="Australia"/></coding><text value="Australia"/></jurisdiction><copyright value="Copyright &#xA9; 2017 Australian Digital Health Agency"/><fhirVersion value="3.0.1"/><mapping><identity value="v2"/><uri value="http://hl7.org/v2"/><name value="HL7 v2 Mapping"/></mapping><mapping><identity value="rim"/><uri value="http://hl7.org/v3"/><name value="RIM Mapping"/></mapping><mapping><identity value="servd"/><uri value="http://www.omg.org/spec/ServD/1.0/"/><name value="ServD"/></mapping><kind value="complex-type"/><abstract value="false"/><type value="HumanName"/><baseDefinition value="http://hl7.org/fhir/StructureDefinition/HumanName"/><derivation value="constraint"/><snapshot><element id="HumanName"><path value="HumanName"/><short value="Name of a human - parts and usage"/><definition value="A human&#39;s name with the ability to identify parts and usage."/><comment value="Names may be changed, or repudiated, or people may have different names in different contexts. Names may be divided into parts of different type that have variable significance depending on context, though the division into parts does not always matter. With personal names, the different parts may or may not be imbued with some implicit meaning; various cultures associate different importance with the name parts and the degree to which systems must care about name parts around the world varies widely."/><min value="0"/><max value="*"/><base><path value="HumanName"/><min value="0"/><max value="*"/></base><condition value="ele-1"/><constraint><key value="ele-1"/><severity value="error"/><human value="All FHIR elements must have a @value or children"/><expression value="hasValue() | (children().count() &gt; id.count())"/><xpath value="@value|f:*|h:div"/><source value="Element"/></constraint><constraint><key value="inv-dh-humn-01"/><requirements value="HumanName.{text | family | given} - shall have a HumanName.text OR HumanName.family OR HumanName.given"/><severity value="error"/><human value="The name shall at least have text or a family name or a given name"/><expression value="text.exists() or family.exists() or given.exists()"/></constraint><mapping><identity value="rim"/><map value="n/a"/></mapping><mapping><identity value="v2"/><map value="XPN"/></mapping><mapping><identity value="rim"/><map value="EN (actually, PN)"/></mapping><mapping><identity value="servd"/><map value="ProviderName"/></mapping></element><element id="HumanName.id"><path value="HumanName.id"/><representation value="xmlAttr"/><short value="xml:id (or equivalent in JSON)"/><definition value="unique id for the element within a resource (for internal references). This may be any string value that does not contain spaces."/><min value="0"/><max value="1"/><base><path value="Element.id"/><min value="0"/><max value="1"/></base><type><code value="string"/></type><mapping><identity value="rim"/><map value="n/a"/></mapping></element><element id="HumanName.extension"><path value="HumanName.extension"/><slicing><discriminator><type value="value"/><path value="url"/></discriminator><description value="Extensions are always sliced by (at least) url"/><rules value="open"/></slicing><short value="Additional Content defined by implementations"/><definition value="May be used to represent additional information that is not part of the basic definition of the element. In order to make the use of extensions safe and manageable, there is a strict set of governance  applied to the definition and use of extensions. Though any implementer is allowed to define an extension, there is a set of requirements that SHALL be met as part of the definition of the extension."/><comment value="There can be no stigma associated with the use of extensions by any application, project, or standard - regardless of the institution or jurisdiction that uses or defines the extensions.  The use of extensions is what allows the FHIR specification to retain a core level of simplicity for everyone."/><alias value="extensions"/><alias value="user content"/><min value="0"/><max value="*"/><base><path value="Element.extension"/><min value="0"/><max value="*"/></base><type><code value="Extension"/></type><mapping><identity value="rim"/><map value="n/a"/></mapping></element><element id="HumanName.use"><path value="HumanName.use"/><short value="usual | official | temp | nickname | anonymous | old | maiden"/><definition value="Identifies the purpose for this name."/><comment value="This is labeled as &quot;Is Modifier&quot; because applications should not mistake a temporary or old name etc.for a current/permanent one. Applications can assume that a name is current unless it explicitly says that it is temporary or old."/><requirements value="Allows the appropriate name for a particular context of use to be selected from among a set of names."/><min value="0"/><max value="1"/><base><path value="HumanName.use"/><min value="0"/><max value="1"/></base><type><code value="code"/></type><isModifier value="true"/><isSummary value="true"/><binding><extension url="http://hl7.org/fhir/StructureDefinition/elementdefinition-bindingName"><valueString value="NameUse"/></extension><strength value="required"/><description value="The use of a human name"/><valueSetReference><reference value="http://hl7.org/fhir/ValueSet/name-use"/></valueSetReference></binding><mapping><identity value="v2"/><map value="XPN.7, but often indicated by which field contains the name"/></mapping><mapping><identity value="rim"/><map value="unique(./use)"/></mapping><mapping><identity value="servd"/><map value="./NamePurpose"/></mapping></element><element id="HumanName.text"><path value="HumanName.text"/><short value="Text representation of the full name"/><definition value="A full text representation of the name."/><comment value="Can provide both a text representation and structured parts."/><requirements value="A renderable, unencoded form."/><min value="0"/><max value="1"/><base><path value="HumanName.text"/><min value="0"/><max value="1"/></base><type><code value="string"/></type><isSummary value="true"/><mapping><identity value="v2"/><map value="implied by XPN.11"/></mapping><mapping><identity value="rim"/><map value="./formatted"/></mapping></element><element id="HumanName.family"><path value="HumanName.family"/><short value="Family name (often called &#39;Surname&#39;)"/><definition value="The part of a name that links to the genealogy. In some cultures (e.g. Eritrea) the family name of a son is the first name of his father."/><comment value="Family Name may be decomposed into specific parts using extensions (de, nl, es related cultures)."/><alias value="surname"/><min value="0"/><max value="1"/><base><path value="HumanName.family"/><min value="0"/><max value="1"/></base><type><code value="string"/></type><isSummary value="true"/><mapping><identity value="v2"/><map value="XPN.1/FN.1"/></mapping><mapping><identity value="rim"/><map value="./part[partType = FAM]"/></mapping><mapping><identity value="servd"/><map value="./FamilyName"/></mapping></element><element id="HumanName.given"><path value="HumanName.given"/><short value="Given names (not always &#39;first&#39;). Includes middle names"/><definition value="Given name."/><comment value="If only initials are recorded, they may be used in place of the full name.  Not called &quot;first name&quot; since given names do not always come first."/><alias value="first name"/><alias value="middle name"/><min value="0"/><max value="*"/><base><path value="HumanName.given"/><min value="0"/><max value="*"/></base><type><code value="string"/></type><orderMeaning value="Given Names appear in the correct order for presenting the name"/><isSummary value="true"/><mapping><identity value="v2"/><map value="XPN.2 + XPN.3"/></mapping><mapping><identity value="rim"/><map value="./part[partType = GIV]"/></mapping><mapping><identity value="servd"/><map value="./GivenNames"/></mapping></element><element id="HumanName.prefix"><path value="HumanName.prefix"/><short value="Parts that come before the name"/><definition value="Part of the name that is acquired as a title due to academic, legal, employment or nobility status, etc. and that appears at the start of the name.&#xD;&#xA;Human Name Prefix SHOULD NOT be confused with job title.&#xD;&#xA;Mixed case SHOULD be used (rather than upper case only).&#xD;&#xA;Prefix of &#x2018;Master&#x2019; SHOULD only be used for clients less than 15 years of age.&#xD;&#xA;Prefix of &#x2018;Doctor&#x2019; and &#x2018;Professor&#x2019; SHOULD only be applicable to clients of greater than 20 years of age.&#xD;&#xA;Prefixes of Dame, Miss, Mrs, Ms and Sr are only accepted for females.&#xD;&#xA;Prefixes of Br, Mstr, Mr and Sir are only accepted for males."/><comment value="Prefix values can be populated as described in AS 4846:2014 Person and provider identification in healthcare, 4.4.2 Name Title."/><min value="0"/><max value="*"/><base><path value="HumanName.prefix"/><min value="0"/><max value="*"/></base><type><code value="string"/></type><orderMeaning value="Prefixes appear in the correct order for presenting the name"/><isSummary value="true"/><mapping><identity value="v2"/><map value="XPN.5"/></mapping><mapping><identity value="rim"/><map value="./part[partType = PFX]"/></mapping><mapping><identity value="servd"/><map value="./TitleCode"/></mapping></element><element id="HumanName.suffix"><path value="HumanName.suffix"/><short value="Parts that come after the name"/><definition value="Part of the name that is acquired as a title due to academic, legal, employment or nobility status, etc. and that appears at the end of the name."/><comment value="Suffix values can be populated as described in AS 4846:2014 Person and provider identification in healthcare, 4.5.3.2 Name Suffix."/><min value="0"/><max value="*"/><base><path value="HumanName.suffix"/><min value="0"/><max value="*"/></base><type><code value="string"/></type><orderMeaning value="Suffixes appear in the correct order for presenting the name"/><isSummary value="true"/><mapping><identity value="v2"/><map value="XPN/4"/></mapping><mapping><identity value="rim"/><map value="./part[partType = SFX]"/></mapping></element><element id="HumanName.period"><path value="HumanName.period"/><short value="Time period when name was/is in use"/><definition value="Indicates the period of time when this name was valid for the named person."/><requirements value="Allows names to be placed in historical context."/><min value="0"/><max value="1"/><base><path value="HumanName.period"/><min value="0"/><max value="1"/></base><type><code value="Period"/></type><isSummary value="true"/><mapping><identity value="v2"/><map value="XPN.13 + XPN.14"/></mapping><mapping><identity value="rim"/><map value="./usablePeriod[type=&quot;IVL&lt;TS&gt;&quot;]"/></mapping><mapping><identity value="servd"/><map value="./StartDate and ./EndDate"/></mapping></element></snapshot><differential><element id="HumanName"><path value="HumanName"/><constraint><key value="inv-dh-humn-01"/><requirements value="HumanName.{text | family | given} - shall have a HumanName.text OR HumanName.family OR HumanName.given"/><severity value="error"/><human value="The name shall at least have text or a family name or a given name"/><expression value="text.exists() or family.exists() or given.exists()"/></constraint></element><element id="HumanName.prefix"><path value="HumanName.prefix"/><definition value="Part of the name that is acquired as a title due to academic, legal, employment or nobility status, etc. and that appears at the start of the name.&#xD;&#xA;Human Name Prefix SHOULD NOT be confused with job title.&#xD;&#xA;Mixed case SHOULD be used (rather than upper case only).&#xD;&#xA;Prefix of &#x2018;Master&#x2019; SHOULD only be used for clients less than 15 years of age.&#xD;&#xA;Prefix of &#x2018;Doctor&#x2019; and &#x2018;Professor&#x2019; SHOULD only be applicable to clients of greater than 20 years of age.&#xD;&#xA;Prefixes of Dame, Miss, Mrs, Ms and Sr are only accepted for females.&#xD;&#xA;Prefixes of Br, Mstr, Mr and Sir are only accepted for males."/><comment value="Prefix values can be populated as described in AS 4846:2014 Person and provider identification in healthcare, 4.4.2 Name Title."/></element><element id="HumanName.suffix"><path value="HumanName.suffix"/><comment value="Suffix values can be populated as described in AS 4846:2014 Person and provider identification in healthcare, 4.5.3.2 Name Suffix."/></element></differential></StructureDefinition>