<?xml version="1.0" encoding="UTF-8"?>

<Bundle xmlns="http://hl7.org/fhir">
  <id value="3bb44f10-4350-498c-a629-4bf43df620e9"/>
  <meta>
    <lastUpdated value="2018-09-21T09:01:00+10:00"/>
  </meta>
  <identifier>
    <system value="urn:ietf:rfc:4122"/>
    <value value="a863c855-f4c9-4edf-b0f4-5edcbb6239be"/>
  </identifier>
  <type value="document"/>
<!--     The Composition resource     -->
  <entry>
    <fullUrl value="urn:uuid:565b1e7e-01c1-4379-a3d6-6e21cdea43e9"/>
    <resource>
      <Composition>
        <id value="565b1e7e-01c1-4379-a3d6-6e21cdea43e9"/>
        <meta>
          <lastUpdated value="2018-09-21T09:00:15+10:00"/>
          <profile value="http://ns.electronichealth.net.au/ci/fhir/3.0/StructureDefinition/composition-es-1"/>
        </meta>
        <language value="en-AU"/>
        <text>
          <status value="generated"/><div xmlns="http://www.w3.org/1999/xhtml" lang="en-AU">
            <p><b>Patient:</b> Eliana IGLESIAS, IHI: 8003608666701594</p> 
            <p><b>Author:</b> Barry HELPMAN M.D., bhelpman@example.devonportgp.com.au, (GP)</p>  
            <table border="1">
              <caption>Usual GP</caption>
              <thead>
                <tr>
                  <th>Name</th>                    
                  <th>Contact details</th>
                  <th>Address</th>
                  <th>Organisation</th>
                </tr>
              </thead>
              <tbody>
                <tr>
                  <td>Dr. Francis SMITH</td>
                  <td>-</td>
                  <td>-</td>
                  <td>Devonport Family Medicine Clinic</td>                  
                </tr>               
              </tbody>
            </table>
            <h2>Administrative details</h2>
            <p><b>Document type:</b> Event Summary</p>
            <p><b>Created date/time:</b> 19 July 2018</p>
            <p><b>Date/Time attested:</b> 21 July 2018 13:00+1000 </p>
            <p><b>Custodian:</b> Devonport Family Medicine Clinic, (03)8543 5556</p>
          </div>
        </text>
        <extension url="http://hl7.org.au/fhir/StructureDefinition/composition-author-role">
          <valueReference>
            <reference value="urn:uuid:45cad6ac-e9a3-418a-8480-4e64132849f2"/>
          </valueReference>
        </extension>
        <status value="final"/>
        <type>
          <coding>
            <system value="http://loinc.org"/>
            <code value="34133-9"/>
            <display value="Summary of episode note"/>
          </coding>
        </type>
        <subject>
          <reference value="urn:uuid:792b4811-2ce7-4531-8893-af827175bcfe"/>
        </subject>
        <encounter>
          <reference value="urn:uuid:98900f15-67f8-48a1-9345-6d5968f2c23e"/>
        </encounter>
        <date value="2018-07-19"/>
        <author>
          <reference value="urn:uuid:40a94071-8373-4d53-a788-63b79c75a3c1"/>
        </author>
        <title value="Event Summary"/>
        <attester>
          <mode value="legal"/>
          <time value="2018-09-21T09:00:15+10:00"/>
          <party>
            <reference value="urn:uuid:40a94071-8373-4d53-a788-63b79c75a3c1"/>
          </party>
        </attester>
        <custodian>
          <reference value="urn:uuid:021fff67-c5ec-438f-9520-ce9bafee1306"/>
        </custodian>
      <!--  Event Details -->
        <section>
          <title value="Event Details"/>
          <code>
            <coding>
              <system value="https://healthterminologies.gov.au/fhir/CodeSystem/nctis-data-components-1"/>
              <code value="101.16672"/>
              <display value="Event Overview"/>
            </coding>
          </code>
          <text>
            <status value="additional"/><div xmlns="http://www.w3.org/1999/xhtml" lang="en-AU">
              <p><b>Presentation date</b>: 19 July 2018 09:00</p>  
              <p><b>Encounter Description</b>: Patient presented with a headache, fever, sore
                throat. Patient advised she has no known allergies and was prescribed amoxicillin 500mg
                3/day for 5 days, and augmentin forte 1 tablet twice a day for five days during this
                event. Patient advised that usually takes sumatriptan for migraine; they took one tablet
                during the event, and during the event they were given one tablet to take home.</p>                        
            </div>
          </text>
          <entry>
            <reference value="urn:uuid:98900f15-67f8-48a1-9345-6d5968f2c23e"/>
          </entry>
        </section>
      <!-- Allergies and Adverse Reactions -->
        <section>
          <title value="Allergies and Adverse Reactions"/>
          <code>
            <coding>
              <system value="http://loinc.org"/>
              <code value="48765-2"/>
              <display value="Allergies and adverse reactions Document"/>
            </coding>
          </code>
          <text>
            <status value="generated"/><div xmlns="http://www.w3.org/1999/xhtml">
              <p>No known allergies.</p>
            </div>
          </text>
          <entry>
            <reference value="urn:uuid:a5e03840-1be4-43e0-acd2-c9e288adc4f9"/>
          </entry>
        </section>
      <!--  Medications -->
        <section>
          <title value="Medications"/>
          <code>
            <coding>
              <system value="http://loinc.org"/>
              <code value="10160-0"/>
              <display value="History of Medication use Narrative"/>
            </coding>
          </code>
          <text>
            <status value="extensions"/><div xmlns="http://www.w3.org/1999/xhtml" lang="en-AU">
              <table border="1">
                <caption>Medicines List</caption>
                <thead>
                  <tr>
                    <th>Medicine</th>                    
                    <th>Directions</th>
                    <th>Clinical Indication/Change description</th>
                    <th>Status</th>
                  </tr>
                </thead>
                <tbody>
                  <tr>
                    <td><b>amoxicillin</b> 500 mg - capsule</td>
                    <td>Take 3 tablets a day for 5 days.</td>
                    <td>For headache, fever, sore throat.</td>
                    <td>New prescription</td>
                  </tr>
                  <tr>
                    <td><b>Augmentin Duo Forte</b> 875/125 - tablet</td>
                    <td>Take 1 tablet twice a day for 5 days.</td>
                    <td>For headache, fever, sore throat.</td>
                    <td>New prescription</td>
                  </tr>                  
                  <tr>
                    <td><b>sumatriptan</b> 100 mg - tablet</td>
                    <td>As required</td>
                    <td>For migraine.</td>
                    <td>Unchanged</td>
                  </tr>
                </tbody>
              </table>
            </div>
          </text>
          <entry>
            <reference value="urn:uuid:fa11a4f8-9ecc-4a65-9643-74c3c84880f4"/>
          </entry>
        </section>
      </Composition>
    </resource>
  </entry>
<!-- PATIENT -->
  <entry>
    <fullUrl value="urn:uuid:792b4811-2ce7-4531-8893-af827175bcfe"/>
    <resource>
      <Patient>
        <id value="792b4811-2ce7-4531-8893-af827175bcfe"/>
        <meta>
          <lastUpdated value="2018-09-21T09:00:00+10:00"/>
        </meta>
        <text>
          <status value="extensions"/><div xmlns="http://www.w3.org/1999/xhtml">
            <h2>Patient details</h2>
            <p><b>Eliana IGLESIAS</b></p>            
            <p><b>Date of birth</b>: 20 Aug 1960, Female</p>
            <p>IHI: 8003608666701594</p>             
            <p>Indigenous status: Not stated/inadequately described</p>            
          </div>
        </text>
        <extension url="http://hl7.org.au/fhir/StructureDefinition/indigenous-status">
          <valueCoding>
            <system value="https://healthterminologies.gov.au/fhir/CodeSystem/australian-indigenous-status-1"/>
            <code value="9"/>
            <display value="Not stated/inadequately described"/>
          </valueCoding>
        </extension>
        <identifier>
          <type>
            <coding>
              <system value="http://hl7.org/fhir/v2/0203"/>
              <code value="NI"/>
              <display value="National unique individual identifier"/>
            </coding>
          </type>
          <system value="http://ns.electronichealth.net.au/id/hi/ihi/1.0"/>
          <value value="8003608666701594"/>
        </identifier>
        <name>
          <text value="Iliana Iglesias"/>
          <family value="Iglesias"/>
          <given value="Iliana"/>
        </name>
        <gender value="other"/>
        <birthDate value="1960-08-20">
          <extension url="http://hl7.org.au/fhir/StructureDefinition/date-accuracy-indicator">
            <valueCoding>
              <system value="https://healthterminologies.gov.au/fhir/CodeSystem/date-accuracy-indicator-1"/>
              <code value="AAE"/>
              <display value="Day and month are accurate, year is estimated"/>
            </valueCoding>
          </extension>
          <extension url="http://hl7.org/fhir/StructureDefinition/patient-birthTime">
            <valueDateTime value="1960-08-20T20:07:00+10:00"/>
          </extension>
        </birthDate>
        <generalPractitioner>
          <reference value="urn:uuid:6c9f40e7-6f00-4d75-9f39-d57bd620d855"/>
        </generalPractitioner>
        <managingOrganization>
          <reference value="urn:uuid:021fff67-c5ec-438f-9520-ce9bafee1306"/>
        </managingOrganization>
      </Patient>
    </resource>
  </entry>
<!--  PRACTITIONER -->
  <entry>
    <fullUrl value="urn:uuid:40a94071-8373-4d53-a788-63b79c75a3c1"/>
    <resource>
      <Practitioner>
        <id value="40a94071-8373-4d53-a788-63b79c75a3c1"/>
        <meta>
          <lastUpdated value="2018-09-21T09:00:00+10:00"/>
        </meta>
        <text>
          <status value="generated"/><div xmlns="http://www.w3.org/1999/xhtml"><p><b>Generated Narrative with Details</b></p><p><b>id</b>: 40a94071-8373-4d53-a788-63b79c75a3c1</p><p><b>meta</b>: </p><p><b>identifier</b>: HPI-I = 8003610000000000</p><p><b>name</b>: Barry Helpman (OFFICIAL)</p><p><b>telecom</b>: bhelpman@example.devonportgp.com.au(WORK)</p><h3>Qualifications</h3><table class="grid"><tr><td>-</td><td><b>Identifier</b></td><td><b>Code</b></td><td><b>Issuer</b></td></tr><tr><td>*</td><td>AHPRA Registration Number = MED0000932850</td><td>AHPRA qualification for General Practitioner <span style="background: LightGoldenRodYellow">(Details : {http://www.abs.gov.au/ausstats/abs@.nsf/mf/1220.0 code '253111' = '253111', given as 'General Medical Practitioner'})</span></td><td>AHPRA</td></tr></table></div>
        </text>
        <identifier>
          <type>
            <coding>
              <system value="http://hl7.org/fhir/v2/0203"/>
              <code value="NPI"/>
              <display value="National provider identifier"/>
            </coding>
            <text value="HPI-I"/>
          </type>
          <system value="http://ns.electronichealth.net.au/id/hi/hpii/1.0"/>
          <value value="8003610000000000"/>
        </identifier>
        <name>
          <use value="official"/>
          <family value="Helpman"/>
          <given value="Barry"/>
          <suffix value="M.D."/>
        </name>
        <telecom>
          <system value="email"/>
          <value value="bhelpman@example.devonportgp.com.au"/>
          <use value="work"/>
        </telecom>
        <qualification>
          <identifier>
            <type>
              <coding>
                <system value="http://hl7.org.au/fhir/v2/0203"/>
                <code value="AHPRA"/>
                <display value="Australian Health Practitioner Regulation Agency Registration Number"/>
              </coding>
              <text value="AHPRA Registration Number"/>
            </type>
            <system value="http://hl7.org.au/id/ahpra-registration-number"/>
            <value value="MED0000932850"/>
          </identifier>
          <code>
            <coding>
              <system value="http://www.abs.gov.au/ausstats/abs@.nsf/mf/1220.0"/>
              <code value="253111"/>
              <display value="General Medical Practitioner"/>
            </coding>
            <text value="AHPRA qualification for General Practitioner"/>
          </code>
          <issuer>
            <display value="AHPRA"/>
          </issuer>
        </qualification>
      </Practitioner>
    </resource>
  </entry>
<!-- GENERAL PRACTITIONER -->
  <entry>
    <fullUrl value="urn:uuid:6c9f40e7-6f00-4d75-9f39-d57bd620d855"/>
    <resource>
      <Practitioner>
        <id value="6c9f40e7-6f00-4d75-9f39-d57bd620d855"/>
        <meta>
          <lastUpdated value="2018-07-19T11:00:00+10:00"/>
        </meta>
        <text>
          <status value="generated"/><div xmlns="http://www.w3.org/1999/xhtml"><p><b>Generated Narrative with Details</b></p><p><b>id</b>: 6c9f40e7-6f00-4d75-9f39-d57bd620d855</p><p><b>meta</b>: </p><p><b>identifier</b>: HPI-I = 8003611234567893</p><p><b>name</b>: Francis Smith </p><h3>Qualifications</h3><table class="grid"><tr><td>-</td><td><b>Identifier</b></td><td><b>Code</b></td><td><b>Issuer</b></td></tr><tr><td>*</td><td>AHPRA Registration Number = MED0000197980</td><td>AHPRA qualification for General Practitioner <span style="background: LightGoldenRodYellow">(Details : {http://www.abs.gov.au/ausstats/abs@.nsf/mf/1220.0 code '253111' = '253111', given as 'General Medical Practitioner'})</span></td><td>AHPRA</td></tr></table></div>
        </text>
        <identifier>
          <type>
            <coding>
              <system value="http://hl7.org/fhir/v2/0203"/>
              <code value="NPI"/>
              <display value="National provider identifier"/>
            </coding>
            <text value="HPI-I"/>
          </type>
          <system value="http://ns.electronichealth.net.au/id/hi/hpii/1.0"/>
          <value value="8003611234567893"/>
        </identifier>
        <name>
          <family value="Smith"/>
          <given value="Francis"/>
          <prefix value="Dr"/>
        </name>
        <qualification>
          <identifier>
            <type>
              <coding>
                <system value="http://hl7.org.au/fhir/v2/0203"/>
                <code value="AHPRA"/>
                <display value="Australian Health Practitioner Regulation Agency Registration Number"/>
              </coding>
              <text value="AHPRA Registration Number"/>
            </type>
            <system value="http://hl7.org.au/id/ahpra-registration-number"/>
            <value value="MED0000197980"/>
          </identifier>
          <code>
            <coding>
              <system value="http://www.abs.gov.au/ausstats/abs@.nsf/mf/1220.0"/>
              <code value="253111"/>
              <display value="General Medical Practitioner"/>
            </coding>
            <text value="AHPRA qualification for General Practitioner"/>
          </code>
          <issuer>
            <display value="AHPRA"/>
          </issuer>
        </qualification>
      </Practitioner>
    </resource>
  </entry>
<!--  PRACTITIONERROLE  -->
  <entry>
    <fullUrl value="urn:uuid:45cad6ac-e9a3-418a-8480-4e64132849f2"/>
    <resource>
      <PractitionerRole>
        <id value="45cad6ac-e9a3-418a-8480-4e64132849f2"/>
        <meta>
          <profile value="http://ns.electronichealth.net.au/ci/fhir/3.0/StructureDefinition/practitionerrole-withpractitionerident-1"/>
        </meta>
        <text>
          <status value="generated"/><div xmlns="http://www.w3.org/1999/xhtml"><p><b>Generated Narrative with Details</b></p><p><b>id</b>: 45cad6ac-e9a3-418a-8480-4e64132849f2</p><p><b>meta</b>: </p><p><b>identifier</b>: Medicare Provider Number = 5544887B, HPI-I = 8003610000000000</p><p><b>practitioner</b>: <a href="Practitioner-40a94071-8373-4d53-a788-63b79c75a3c1.html">Generated Summary: id: 40a94071-8373-4d53-a788-63b79c75a3c1; HPI-I = 8003610000000000; Barry Helpman (OFFICIAL); bhelpman@example.devonportgp.com.au(WORK)</a></p><p><b>organization</b>: <a href="Organization-021fff67-c5ec-438f-9520-ce9bafee1306.html">Generated Summary: id: 021fff67-c5ec-438f-9520-ce9bafee1306; ABN = 51824754455; name: Devonport Family Medicine Clinic; reception@example.dfmc.com.au(WORK), fax: (03) 8543 5557(WORK), ph: (03) 8543 5556(WORK)</a></p><p><b>code</b>: GP <span style="background: LightGoldenRodYellow">(Details : {http://www.abs.gov.au/ausstats/abs@.nsf/mf/1220.0 code '253111' = '253111', given as 'General Practitioner'})</span></p></div>
        </text>
        <identifier>
          <type>
            <coding>
              <system value="http://hl7.org.au/fhir/v2/0203"/>
              <code value="UPIN"/>
            </coding>
            <text value="Medicare Provider Number"/>
          </type>
          <system value="http://ns.electronichealth.net.au/id/medicare-provider-number"/>
          <value value="5544887B"/>
        </identifier>
        <identifier>
          <type>
            <coding>
              <system value="http://hl7.org/fhir/v2/0203"/>
              <code value="NPI"/>
              <display value="National provider identifier"/>
            </coding>
            <text value="HPI-I"/>
          </type>
          <system value="http://ns.electronichealth.net.au/id/hi/hpii/1.0"/>
          <value value="8003610000000000"/>
        </identifier>
        <practitioner>
          <reference value="Practitioner/40a94071-8373-4d53-a788-63b79c75a3c1"/>
        </practitioner>
        <organization>
          <reference value="Organization/021fff67-c5ec-438f-9520-ce9bafee1306"/>
        </organization>
        <code>
          <coding>
            <system value="http://www.abs.gov.au/ausstats/abs@.nsf/mf/1220.0"/>
            <code value="253111"/>
            <display value="General Practitioner"/>
          </coding>
          <text value="GP"/>
        </code>
      </PractitionerRole>
    </resource>
  </entry>
<!--     CUSTODIAN  -->
  <entry>
    <fullUrl value="urn:uuid:021fff67-c5ec-438f-9520-ce9bafee1306"/>
    <resource>
      <Organization>
        <id value="021fff67-c5ec-438f-9520-ce9bafee130"/>
        <meta>
          <lastUpdated value="2018-09-21T09:00:00+10:00"/>
        </meta>
        <text>
          <status value="generated"/><div xmlns="http://www.w3.org/1999/xhtml"><p><b>Generated Narrative with Details</b></p><p><b>id</b>: 021fff67-c5ec-438f-9520-ce9bafee130</p><p><b>meta</b>: </p><p><b>identifier</b>: ABN = 51824754455</p><p><b>name</b>: Devonport Family Medicine Clinic</p><p><b>telecom</b>: reception@example.dfmc.com.au(WORK), fax: (03) 8543 5557(WORK), ph: (03) 8543 5556(WORK)</p><p><b>address</b>: LPO Box 235 Strahan TAS 7468 AU </p></div>
        </text>
        <identifier>
          <type>
            <text value="ABN"/>
          </type>
          <system value="http://hl7.org.au/id/abn"/>
          <value value="51824754455"/>
        </identifier>
        <name value="Devonport Family Medicine Clinic"/>
        <telecom>
          <system value="email"/>
          <value value="reception@example.dfmc.com.au"/>
          <use value="work"/>
        </telecom>
        <telecom>
          <system value="fax"/>
          <value value="(03) 8543 5557"/>
          <use value="work"/>
        </telecom>
        <telecom>
          <system value="phone"/>
          <value value="(03) 8543 5556"/>
          <use value="work"/>
        </telecom>
        <address>
          <type value="postal"/>
          <line value="LPO Box 235"/>
          <city value="Strahan"/>
          <state value="TAS"/>
          <postalCode value="7468"/>
          <country value="AU"/>
        </address>
      </Organization>
    </resource>
  </entry>
<!-- List -->
  <entry>
    <fullUrl value="urn:uuid:fa11a4f8-9ecc-4a65-9643-74c3c84880f4"/>
    <resource>
      <List>
        <id value="fa11a4f8-9ecc-4a65-9643-74c3c84880f4"/>
      <!-- The IG Publisher fails to run if the bundle example has a List resource with an Agency profile reference of "http://ns.electronichealth.net.au/ci/fhir/3.0/StructureDefinition/list-medseventchanges-1" -->
      <!-- <profile
            value="http://ns.electronichealth.net.au/ci/fhir/3.0/StructureDefinition/list-medseventchanges-1"
          /> -->
        <meta>
          <lastUpdated value="2018-07-19T11:00:00+10:00"/>
        </meta>
        <text>
          <status value="extensions"/><div xmlns="http://www.w3.org/1999/xhtml" lang="en-AU">
            <h2>List</h2>
            <p><b>status</b>: current</p>            
            <table border="1">
              <caption>Medicines List</caption>
              <thead>
                <tr>
                  <th>Medicine</th>                    
                  <th>Directions</th>
                  <th>Clinical Indication/Change description</th>
                  <th>Status</th>
                </tr>
              </thead>
              <tbody>
                <tr>
                  <td><b>amoxicillin</b> 500 mg - capsule</td>
                  <td>Take 3 tablets a day for 5 days.</td>
                  <td>For headache, fever, sore throat.</td>
                  <td>New prescription</td>
                  <td/>
                </tr>
                <tr>
                  <td><b>Augmentin Duo Forte</b> 875/125 - tablet</td>
                  <td>Take 1 tablet twice a day for 5 days.</td>
                  <td>For headache, fever, sore throat.</td>
                  <td>New prescription</td>
                  <td/>
                </tr>                  
                <tr>
                  <td><b>sumatriptan</b> 100 mg - tablet</td>
                  <td>As required</td>
                  <td>For migraine.</td>
                  <td>Unchanged</td>
                </tr>
              </tbody>
            </table>
          </div>
        </text>
        <status value="current"/>
        <mode value="snapshot"/>
        <code>
          <coding>
            <system value="http://loinc.org"/>
            <code value="10160-0"/>
          </coding>
        </code>
        <subject>
          <reference value="urn:uuid:792b4811-2ce7-4531-8893-af827175bcfe"/>
        </subject>
        <entry>
          <extension url="http://hl7.org.au/fhir/StructureDefinition/change-description">
            <valueString value="Prescription for headache, fever, sore throat"/>
          </extension>
          <flag>
            <coding>
              <system value="http://hl7.org.au/fhir/CodeSystem/medicine-item-change"/>
              <code value="prescribed"/>
              <display value="New prescription"/>
            </coding>
          </flag>
          <item>
            <reference value="urn:uuid:9db8a050-0c25-4192-834d-bca1da8ff250"/>
          </item>
        </entry>
        <entry>
          <extension url="http://hl7.org.au/fhir/StructureDefinition/change-description">
            <valueString value="Prescription for headache, fever, sore throat"/>
          </extension>
          <flag>
            <coding>
              <system value="http://hl7.org.au/fhir/CodeSystem/medicine-item-change"/>
              <code value="prescribed"/>
              <display value="New prescription"/>
            </coding>
          </flag>
          <item>
            <reference value="urn:uuid:fc257fb0-8325-4f85-b29f-4c100346f527"/>
          </item>
        </entry>
        <entry>
          <extension url="http://hl7.org.au/fhir/StructureDefinition/change-description">
            <valueString value="Migraine"/>
          </extension>
          <flag>
            <coding>
              <system value="http://hl7.org.au/fhir/CodeSystem/medicine-item-change"/>
              <code value="nochange"/>
              <display value="Unchanged"/>
            </coding>
          </flag>
          <item>
            <reference value="urn:uuid:32def593-e104-4cee-b8f5-d1f923efd94b"/>
          </item>
        </entry>
      </List>
    </resource>
  </entry>
<!-- Encounter -->
  <entry>
    <fullUrl value="urn:uuid:98900f15-67f8-48a1-9345-6d5968f2c23e"/>
    <resource>
      <Encounter>
        <id value="98900f15-67f8-48a1-9345-6d5968f2c23e"/>
        <meta>
          <lastUpdated value="2018-09-21T09:00:00+10:00"/>
        </meta>
        <text>
          <status value="generated"/><div xmlns="http://www.w3.org/1999/xhtml"><p><b>Generated Narrative with Details</b></p><p><b>id</b>: 98900f15-67f8-48a1-9345-6d5968f2c23e</p><p><b>meta</b>: </p><p><b>status</b>: finished</p><p><b>subject</b>: <a href="urn:uuid:792b4811-2ce7-4531-8893-af827175bcfe">urn:uuid:792b4811-2ce7-4531-8893-af827175bcfe</a></p><p><b>period</b>: 19 Jul. 2018, 9:00:00 am --&gt; 19 Jul. 2018, 9:15:00 am</p></div>
        </text>
        <extension url="http://hl7.org.au/fhir/StructureDefinition/encounter-description">
          <valueString value="Patient presented with a headache, fever, sore throat. Patient advised she has no known allergies and was prescribed amoxicillin 500mg 3/day for 5 days, and augmentin forte 1 tablet twice a day for five days during this event. Patient advised that usually takes sumatriptan for migraine; they took one tablet during the event, and during the event they were given one tablet to take home."/>
        </extension>
        <status value="finished"/>
        <subject>
          <reference value="urn:uuid:792b4811-2ce7-4531-8893-af827175bcfe"/>
        </subject>
        <period>
          <start value="2018-07-19T09:00:00+10:00"/>
          <end value="2018-07-19T09:15:00+10:00"/>
        </period>
      </Encounter>
    </resource>
  </entry>
<!--     A MedicationStatement - Sumatripan (active)     -->
  <entry>
    <fullUrl value="urn:uuid:32def593-e104-4cee-b8f5-d1f923efd94b"/>
    <resource>
      <MedicationStatement>
        <id value="32def593-e104-4cee-b8f5-d1f923efd94b"/>
        <meta>
          <lastUpdated value="2018-09-21T09:00:00+10:00"/>
        </meta>
        <text>
          <status value="generated"/><div xmlns="http://www.w3.org/1999/xhtml"><p><b>Generated Narrative with Details</b></p><p><b>id</b>: 32def593-e104-4cee-b8f5-d1f923efd94b</p><p><b>meta</b>: </p><p><b>status</b>: active</p><p><b>medication</b>: sumatriptan 100 mg <span style="background: LightGoldenRodYellow">(Details : {SNOMED CT code '45219011000036101' = '45219011000036101', given as 'sumatriptan 100 mg tablet'})</span></p><p><b>subject</b>: <a href="urn:uuid:792b4811-2ce7-4531-8893-af827175bcfe">urn:uuid:792b4811-2ce7-4531-8893-af827175bcfe</a></p><p><b>taken</b>: y</p><p><b>reasonCode</b>: Migraine <span style="background: LightGoldenRodYellow">(Details )</span></p><p><b>note</b>: Patient advised that usually takes sumatriptan for migraine; they took one             tablet during the event, and during the event they were given one tablet to take home.</p><p><b>dosage</b>: </p></div>
        </text>
        <status value="active"/>
        <medicationCodeableConcept>
          <coding>
            <system value="http://snomed.info/sct"/>
            <code value="45219011000036101"/>
            <display value="sumatriptan 100 mg tablet"/>
          </coding>
          <text value="sumatriptan 100 mg"/>
        </medicationCodeableConcept>
        <subject>
          <reference value="urn:uuid:792b4811-2ce7-4531-8893-af827175bcfe"/>
        </subject>
        <taken value="y"/>
        <reasonCode>
          <text value="Migraine"/>
        </reasonCode>
        <note>
          <text value="Patient advised that usually takes sumatriptan for migraine; they took one             tablet during the event, and during the event they were given one tablet to take home."/>
        </note>
        <dosage>
          <text value="As required"/>
        </dosage>
      </MedicationStatement>
    </resource>
  </entry>
<!-- Medication Statement - amoxicillin 500mg 3/day for 5 days -->
  <entry>
    <fullUrl value="urn:uuid:9db8a050-0c25-4192-834d-bca1da8ff250"/>
    <resource>
      <MedicationStatement>
        <id value="9db8a050-0c25-4192-834d-bca1da8ff250"/>
        <meta>
          <lastUpdated value="2018-07-19T11:00:00+10:00"/>
        </meta>
        <text>
          <status value="generated"/><div xmlns="http://www.w3.org/1999/xhtml"><p><b>Generated Narrative with Details</b></p><p><b>id</b>: 9db8a050-0c25-4192-834d-bca1da8ff250</p><p><b>meta</b>: </p><p><b>status</b>: intended</p><p><b>medication</b>: amoxicillin 500 mg capsule <span style="background: LightGoldenRodYellow">(Details : {SNOMED CT code '23551011000036108' = '23551011000036108', given as 'amoxicillin 500 mg capsule'})</span></p><p><b>subject</b>: <a href="urn:uuid:792b4811-2ce7-4531-8893-af827175bcfe">urn:uuid:792b4811-2ce7-4531-8893-af827175bcfe</a></p><p><b>taken</b>: n</p><p><b>reasonCode</b>: headache, fever and sore throat <span style="background: LightGoldenRodYellow">(Details )</span></p><p><b>dosage</b>: </p></div>
        </text>
        <status value="intended"/>
        <medicationCodeableConcept>
          <coding>
            <system value="http://snomed.info/sct"/>
            <code value="23551011000036108"/>
            <display value="amoxicillin 500 mg capsule"/>
          </coding>
          <text value="amoxicillin 500 mg capsule"/>
        </medicationCodeableConcept>
        <subject>
          <reference value="urn:uuid:792b4811-2ce7-4531-8893-af827175bcfe"/>
        </subject>
        <taken value="n"/>
        <reasonCode>
          <text value="headache, fever and sore throat"/>
        </reasonCode>
        <dosage>
          <text value="Take 3 tablets a day for 5 days"/>
        </dosage>
      </MedicationStatement>
    </resource>
  </entry>
<!-- Medication Statement -  augmentin forte 1 tablet -->
  <entry>
    <fullUrl value="urn:uuid:fc257fb0-8325-4f85-b29f-4c100346f527"/>
    <resource>
      <MedicationStatement>
        <id value="fc257fb0-8325-4f85-b29f-4c100346f527"/>
        <meta>
          <lastUpdated value="2018-07-19T11:00:00+10:00"/>
        </meta>
        <text>
          <status value="generated"/><div xmlns="http://www.w3.org/1999/xhtml"><p><b>Generated Narrative with Details</b></p><p><b>id</b>: fc257fb0-8325-4f85-b29f-4c100346f527</p><p><b>meta</b>: </p><p><b>status</b>: intended</p><p><b>medication</b>: Augmentin Duo Forte 875/125 tablet <span style="background: LightGoldenRodYellow">(Details : {SNOMED CT code '6052011000036107' = '6052011000036107', given as 'Augmentin Duo Forte 875/125 film-coated tablet'})</span></p><p><b>subject</b>: <a href="urn:uuid:792b4811-2ce7-4531-8893-af827175bcfe">urn:uuid:792b4811-2ce7-4531-8893-af827175bcfe</a></p><p><b>taken</b>: n</p><p><b>reasonCode</b>: headache, fever and sore throat <span style="background: LightGoldenRodYellow">(Details )</span></p><p><b>dosage</b>: </p></div>
        </text>
        <status value="intended"/>
        <medicationCodeableConcept>
          <coding>
            <system value="http://snomed.info/sct"/>
            <code value="6052011000036107"/>
            <display value="Augmentin Duo Forte 875/125 film-coated tablet"/>
          </coding>
          <text value="Augmentin Duo Forte 875/125 tablet"/>
        </medicationCodeableConcept>
        <subject>
          <reference value="urn:uuid:792b4811-2ce7-4531-8893-af827175bcfe"/>
        </subject>
        <taken value="n"/>
        <reasonCode>
          <text value="headache, fever and sore throat"/>
        </reasonCode>
        <dosage>
          <text value="1 tablet twice a day for five days"/>
        </dosage>
      </MedicationStatement>
    </resource>
  </entry>
<!-- AllergyIntolerance -->
  <entry>
    <fullUrl value="urn:uuid:a5e03840-1be4-43e0-acd2-c9e288adc4f9"/>
    <resource>
      <AllergyIntolerance>
        <id value="a5e03840-1be4-43e0-acd2-c9e288adc4f9"/>
        <meta>
          <lastUpdated value="2018-07-19T11:00:00+10:00"/>
        </meta>
        <text>
          <status value="generated"/><div xmlns="http://www.w3.org/1999/xhtml"><p><b>Generated Narrative with Details</b></p><p><b>id</b>: a5e03840-1be4-43e0-acd2-c9e288adc4f9</p><p><b>meta</b>: </p><p><b>clinicalStatus</b>: active</p><p><b>verificationStatus</b>: confirmed</p><p><b>code</b>: No known allergies <span style="background: LightGoldenRodYellow">(Details : {SNOMED CT code '716186003' = 'No known allergy (situation)', given as 'No known allergy'})</span></p><p><b>patient</b>: <a href="urn:uuid:792b4811-2ce7-4531-8893-af827175bcfe">urn:uuid:792b4811-2ce7-4531-8893-af827175bcfe</a></p></div>
        </text>
        <clinicalStatus value="active"/>
        <verificationStatus value="confirmed"/>
        <code>
          <coding>
            <system value="http://snomed.info/sct"/>
            <code value="716186003"/>
            <display value="No known allergy"/>
          </coding>
          <text value="No known allergies"/>
        </code>
        <patient>
          <reference value="urn:uuid:792b4811-2ce7-4531-8893-af827175bcfe"/>
        </patient>
      </AllergyIntolerance>
    </resource>
  </entry>
</Bundle>