"Path","Slice Name","Alias(s)","Label","Min","Max","Must Support?","Is Modifier?","Is Summary?","Type(s)","Short","Definition","Comments","Requirements","Default Value","Meaning When Missing","Fixed Value","Pattern","Example","Minimum Value","Maximum Value","Maximum Length","Binding Strength","Binding Description","Binding Value Set","Code","Slicing Discriminator","Slicing Description","Slicing Ordered","Slicing Rules","Base Path","Base Min","Base Max","Condition(s)","Constraint(s)","Mapping: HL7 v2 Mapping","Mapping: RIM Mapping","Mapping: ServD"
"HumanName","","","",0,*,"","","","","Name of a human - parts and usage","A human's name with the ability to identify parts and usage.","Names may be changed, or repudiated, or people may have different names in different contexts. Names may be divided into parts of different type that have variable significance depending on context, though the division into parts does not always matter. With personal names, the different parts may or may not be imbued with some implicit meaning; various cultures associate different importance with the name parts and the degree to which systems must care about name parts around the world varies widely.","","","","","","","","",,,,,"",,,,"HumanName",0,*,"ele-1
","ele-1:All FHIR elements must have a @value or children {hasValue() | (children().count() > id.count())}
inv-dh-humn-01:The name shall at least have text or a family name or a given name {text.exists() or family.exists() or given.exists()}","XPN","n/a","EN (actually, PN)","ProviderName"
"HumanName.id","","","",0,1,"","","","string {[]} {[]}
","xml:id (or equivalent in JSON)","unique id for the element within a resource (for internal references). This may be any string value that does not contain spaces.","","","","","","","","","",,,,,"",,,,"Element.id",0,1,"","","n/a"
"HumanName.extension","","extensions
user content","",0,*,"","","","Extension {[]} {[]}
","Additional Content defined by implementations","May be used to represent additional information that is not part of the basic definition of the element. In order to make the use of extensions safe and manageable, there is a strict set of governance  applied to the definition and use of extensions. Though any implementer is allowed to define an extension, there is a set of requirements that SHALL be met as part of the definition of the extension.","There can be no stigma associated with the use of extensions by any application, project, or standard - regardless of the institution or jurisdiction that uses or defines the extensions.  The use of extensions is what allows the FHIR specification to retain a core level of simplicity for everyone.","","","","","","","","",,,,,"","value:url}
","Extensions are always sliced by (at least) url",,"open","Element.extension",0,*,"","","n/a"
"HumanName.use","","","",0,1,"","Y","Y","code {[]} {[]}
","usual | official | temp | nickname | anonymous | old | maiden","Identifies the purpose for this name.","This is labeled as ""Is Modifier"" because applications should not mistake a temporary or old name etc.for a current/permanent one. Applications can assume that a name is current unless it explicitly says that it is temporary or old.","Allows the appropriate name for a particular context of use to be selected from among a set of names.","","","","","","","",,"required","The use of a human name","http://hl7.org/fhir/ValueSet/name-use","",,,,"HumanName.use",0,1,"","","XPN.7, but often indicated by which field contains the name","unique(./use)","./NamePurpose"
"HumanName.text","","","",0,1,"","","Y","string {[]} {[]}
","Text representation of the full name","A full text representation of the name.","Can provide both a text representation and structured parts.","A renderable, unencoded form.","","","","","","","",,,,,"",,,,"HumanName.text",0,1,"","","implied by XPN.11","./formatted"
"HumanName.family","","surname
","",0,1,"","","Y","string {[]} {[]}
","Family name (often called 'Surname')","The part of a name that links to the genealogy. In some cultures (e.g. Eritrea) the family name of a son is the first name of his father.","Family Name may be decomposed into specific parts using extensions (de, nl, es related cultures).","","","","","","","","",,,,,"",,,,"HumanName.family",0,1,"","","XPN.1/FN.1","./part[partType = FAM]","./FamilyName"
"HumanName.given","","first name
middle name","",0,*,"","","Y","string {[]} {[]}
","Given names (not always 'first'). Includes middle names","Given name.","If only initials are recorded, they may be used in place of the full name.  Not called ""first name"" since given names do not always come first.","","","","","","","","",,,,,"",,,,"HumanName.given",0,*,"","","XPN.2 + XPN.3","./part[partType = GIV]","./GivenNames"
"HumanName.prefix","","","",0,*,"","","Y","string {[]} {[]}
","Parts that come before the name","Part of the name that is acquired as a title due to academic, legal, employment or nobility status, etc. and that appears at the start of the name.
Human Name Prefix SHOULD NOT be confused with job title.
Mixed case SHOULD be used (rather than upper case only).
Prefix of ‘Master’ SHOULD only be used for clients less than 15 years of age.
Prefix of ‘Doctor’ and ‘Professor’ SHOULD only be applicable to clients of greater than 20 years of age.
Prefixes of Dame, Miss, Mrs, Ms and Sr are only accepted for females.
Prefixes of Br, Mstr, Mr and Sir are only accepted for males.","Prefix values can be populated as described in AS 4846:2014 Person and provider identification in healthcare, 4.4.2 Name Title.","","","","","","","","",,,,,"",,,,"HumanName.prefix",0,*,"","","XPN.5","./part[partType = PFX]","./TitleCode"
"HumanName.suffix","","","",0,*,"","","Y","string {[]} {[]}
","Parts that come after the name","Part of the name that is acquired as a title due to academic, legal, employment or nobility status, etc. and that appears at the end of the name.","Suffix values can be populated as described in AS 4846:2014 Person and provider identification in healthcare, 4.5.3.2 Name Suffix.","","","","","","","","",,,,,"",,,,"HumanName.suffix",0,*,"","","XPN/4","./part[partType = SFX]"
"HumanName.period","","","",0,1,"","","Y","Period {[]} {[]}
","Time period when name was/is in use","Indicates the period of time when this name was valid for the named person.","","Allows names to be placed in historical context.","","","","","","","",,,,,"",,,,"HumanName.period",0,1,"","","XPN.13 + XPN.14","./usablePeriod[type=""IVL<TS>""]","./StartDate and ./EndDate"
