<?xml version="1.0" encoding="UTF-8"?>

<ImplementationGuide xmlns="http://hl7.org/fhir">
  <id value="implementationguide-eventsummary-1"/>
  <text>
    <status value="generated"/><div xmlns="http://www.w3.org/1999/xhtml"><h2>Event Summary</h2><p>The official URL for this implementation guide is: </p><pre>http://ns.electronichealth.net.au/ci/fhir/3.0/ImplementationGuide/implementationguide-eventsummary-1</pre><div><p>Australian realm implementation guide of the FHIR specification to represent Event Summary records in the My Health Record system and related applications.</p>
</div></div>
  </text>
  <url value="http://ns.electronichealth.net.au/ci/fhir/3.0/ImplementationGuide/implementationguide-eventsummary-1"/>
  <version value="1.0.0"/>
  <name value="Event Summary"/>
  <status value="draft"/>
  <experimental value="true"/>
  <date value="2019-08-06T15:27:02+10:00"/>
  <publisher value="Australian Digital Health Agency"/>
  <contact>
    <telecom>
      <system value="email"/>
      <value value="help@digitalhealth.gov.au"/>
    </telecom>
  </contact>
  <description value="Australian realm implementation guide of the FHIR specification to represent Event Summary records in the My Health Record system and related applications."/>
  <copyright value="Copyright &#xA9; 2019 Australian Digital Health Agency - All rights reserved. This content is licensed under a Creative Commons Attribution 4.0 International License. See https://creativecommons.org/licenses/by/4.0/."/>
  <fhirVersion value="3.0.1"/>
  <package id="p1">
    <name value="ES"/>
    <resource>
      <extension url="http://hl7.org/fhir/tools/StructureDefinition/resource-information">
        <valueString value="StructureDefinition:resource"/>
      </extension>
      <extension url="http://hl7.org/fhir/StructureDefinition/implementationguide-page">
        <valueUri value="StructureDefinition-composition-es-1.html"/>
      </extension>
      <example value="false"/>
      <name value="Event Summary"/>
      <sourceReference>
        <reference value="StructureDefinition/composition-es-1"/>
      </sourceReference>
    </resource>
    <resource>
      <extension url="http://hl7.org/fhir/tools/StructureDefinition/resource-information">
        <valueString value="StructureDefinition:resource"/>
      </extension>
      <extension url="http://hl7.org/fhir/StructureDefinition/implementationguide-page">
        <valueUri value="StructureDefinition-encounter-es-1.html"/>
      </extension>
      <example value="true"/>
      <name value="Encounter Event Summary #1"/>
      <sourceReference>
        <reference value="StructureDefinition/encounter-es-1"/>
      </sourceReference>
    </resource>
    <resource>
      <extension url="http://hl7.org/fhir/tools/StructureDefinition/resource-information">
        <valueString value="StructureDefinition:resource"/>
      </extension>
      <extension url="http://hl7.org/fhir/StructureDefinition/implementationguide-page">
        <valueUri value="StructureDefinition-patient-dh-base-1.html"/>
      </extension>
      <example value="false"/>
      <name value="patient-dh-base-1"/>
      <description value="The Agency Patient profile, as derived from the HL7 AU patient profile."/>
      <sourceReference>
        <reference value="StructureDefinition/patient-dh-base-1"/>
      </sourceReference>
    </resource>
    <resource>
      <extension url="http://hl7.org/fhir/tools/StructureDefinition/resource-information">
        <valueString value="StructureDefinition:resource"/>
      </extension>
      <extension url="http://hl7.org/fhir/StructureDefinition/implementationguide-page">
        <valueUri value="StructureDefinition-patient-ident-1.html"/>
      </extension>
      <example value="false"/>
      <name value="patient-ident-1"/>
      <sourceReference>
        <reference value="StructureDefinition/patient-ident-1"/>
      </sourceReference>
    </resource>
    <resource>
      <extension url="http://hl7.org/fhir/tools/StructureDefinition/resource-information">
        <valueString value="StructureDefinition:resource"/>
      </extension>
      <extension url="http://hl7.org/fhir/StructureDefinition/implementationguide-page">
        <valueUri value="StructureDefinition-practitionerrole-withpractitionerident-1.html"/>
      </extension>
      <example value="false"/>
      <sourceReference>
        <reference value="StructureDefinition/practitionerrole-withpractitionerident-1"/>
      </sourceReference>
    </resource>
    <resource>
      <extension url="http://hl7.org/fhir/tools/StructureDefinition/resource-information">
        <valueString value="StructureDefinition:resource"/>
      </extension>
      <extension url="http://hl7.org/fhir/StructureDefinition/implementationguide-page">
        <valueUri value="StructureDefinition-practitioner-ident-1.html"/>
      </extension>
      <example value="false"/>
      <name value="practitioner-ident-1"/>
      <sourceReference>
        <reference value="StructureDefinition/practitioner-ident-1"/>
      </sourceReference>
    </resource>
    <resource>
      <extension url="http://hl7.org/fhir/tools/StructureDefinition/resource-information">
        <valueString value="StructureDefinition:resource"/>
      </extension>
      <extension url="http://hl7.org/fhir/StructureDefinition/implementationguide-page">
        <valueUri value="StructureDefinition-organization-ident-1.html"/>
      </extension>
      <example value="false"/>
      <name value="organization-ident-1"/>
      <sourceReference>
        <reference value="StructureDefinition/organization-ident-1"/>
      </sourceReference>
    </resource>
    <resource>
      <extension url="http://hl7.org/fhir/tools/StructureDefinition/resource-information">
        <valueString value="StructureDefinition:resource"/>
      </extension>
      <extension url="http://hl7.org/fhir/StructureDefinition/implementationguide-page">
        <valueUri value="StructureDefinition-allergyintolerance-summary-1.html"/>
      </extension>
      <example value="false"/>
      <name value="allergyintolerance-summary-1"/>
      <sourceReference>
        <reference value="StructureDefinition/allergyintolerance-summary-1"/>
      </sourceReference>
    </resource>
    <resource>
      <extension url="http://hl7.org/fhir/tools/StructureDefinition/resource-information">
        <valueString value="StructureDefinition:resource"/>
      </extension>
      <extension url="http://hl7.org/fhir/StructureDefinition/implementationguide-page">
        <valueUri value="StructureDefinition-list-medseventchanges-1.html"/>
      </extension>
      <example value="false"/>
      <name value="list-medseventchanges-1"/>
      <sourceReference>
        <reference value="StructureDefinition/list-medseventchanges-1"/>
      </sourceReference>
    </resource>
    <resource>
      <extension url="http://hl7.org/fhir/tools/StructureDefinition/resource-information">
        <valueString value="StructureDefinition:resource"/>
      </extension>
      <extension url="http://hl7.org/fhir/StructureDefinition/implementationguide-page">
        <valueUri value="StructureDefinition-observation-norelevantfinding-1.html"/>
      </extension>
      <example value="false"/>
      <name value="observation-norelevantfinding-1"/>
      <sourceReference>
        <reference value="StructureDefinition/observation-norelevantfinding-1"/>
      </sourceReference>
    </resource>
    <resource>
      <extension url="http://hl7.org/fhir/tools/StructureDefinition/resource-information">
        <valueString value="StructureDefinition:resource"/>
      </extension>
      <extension url="http://hl7.org/fhir/StructureDefinition/implementationguide-page">
        <valueUri value="StructureDefinition-condition-summary-1.html"/>
      </extension>
      <example value="false"/>
      <name value="condition-summary-1"/>
      <sourceReference>
        <reference value="StructureDefinition/condition-summary-1"/>
      </sourceReference>
    </resource>
    <resource>
      <extension url="http://hl7.org/fhir/tools/StructureDefinition/resource-information">
        <valueString value="StructureDefinition:resource"/>
      </extension>
      <extension url="http://hl7.org/fhir/StructureDefinition/implementationguide-page">
        <valueUri value="StructureDefinition-procedure-summary-1.html"/>
      </extension>
      <example value="false"/>
      <name value="procedure-summary-1"/>
      <sourceReference>
        <reference value="StructureDefinition/procedure-summary-1"/>
      </sourceReference>
    </resource>
    <resource>
      <extension url="http://hl7.org/fhir/tools/StructureDefinition/resource-information">
        <valueString value="StructureDefinition:resource"/>
      </extension>
      <extension url="http://hl7.org/fhir/StructureDefinition/implementationguide-page">
        <valueUri value="StructureDefinition-immunization-summary-1.html"/>
      </extension>
      <example value="false"/>
      <name value="immunization-summary-1"/>
      <sourceReference>
        <reference value="StructureDefinition/immunization-summary-1"/>
      </sourceReference>
    </resource>
    <resource>
      <extension url="http://hl7.org/fhir/tools/StructureDefinition/resource-information">
        <valueString value="StructureDefinition:resource"/>
      </extension>
      <extension url="http://hl7.org/fhir/StructureDefinition/implementationguide-page">
        <valueUri value="StructureDefinition-medicationstatement-summary-1.html"/>
      </extension>
      <example value="false"/>
      <name value="medicationstatement-summary-1"/>
      <sourceReference>
        <reference value="StructureDefinition/medicationstatement-summary-1"/>
      </sourceReference>
    </resource>
    <resource>
      <extension url="http://hl7.org/fhir/tools/StructureDefinition/resource-information">
        <valueString value="StructureDefinition:resource"/>
      </extension>
      <extension url="http://hl7.org/fhir/StructureDefinition/implementationguide-page">
        <valueUri value="StructureDefinition-relatedperson-dh-base-1.html"/>
      </extension>
      <example value="false"/>
      <name value="relatedperson-dh-base-1"/>
      <description value="The Agency RelatedPerson profile, as derived from the STU3 RelatedPerson resource"/>
      <sourceReference>
        <reference value="StructureDefinition/relatedperson-dh-base-1"/>
      </sourceReference>
    </resource>
    <resource>
      <extension url="http://hl7.org/fhir/tools/StructureDefinition/resource-information">
        <valueString value="StructureDefinition:resource"/>
      </extension>
      <extension url="http://hl7.org/fhir/StructureDefinition/implementationguide-page">
        <valueUri value="StructureDefinition-organization-dh-base-1.html"/>
      </extension>
      <example value="false"/>
      <name value="organization-dh-base-1"/>
      <description value="The Agency Organization profile, as derived from the HL7 AU Organization profile."/>
      <sourceReference>
        <reference value="StructureDefinition/organization-dh-base-1"/>
      </sourceReference>
    </resource>
    <resource>
      <extension url="http://hl7.org/fhir/tools/StructureDefinition/resource-information">
        <valueString value="StructureDefinition:resource"/>
      </extension>
      <extension url="http://hl7.org/fhir/StructureDefinition/implementationguide-page">
        <valueUri value="StructureDefinition-practitioner-dh-base-1.html"/>
      </extension>
      <example value="false"/>
      <sourceReference>
        <reference value="StructureDefinition/practitioner-dh-base-1"/>
      </sourceReference>
    </resource>
    <resource>
      <extension url="http://hl7.org/fhir/tools/StructureDefinition/resource-information">
        <valueString value="StructureDefinition:complex-type"/>
      </extension>
      <extension url="http://hl7.org/fhir/StructureDefinition/implementationguide-page">
        <valueUri value="StructureDefinition-humanname-dh-base-1.html"/>
      </extension>
      <example value="false"/>
      <sourceReference>
        <reference value="StructureDefinition/humanname-dh-base-1"/>
      </sourceReference>
    </resource>
    <resource>
      <extension url="http://hl7.org/fhir/tools/StructureDefinition/resource-information">
        <valueString value="Bundle"/>
      </extension>
      <extension url="http://hl7.org/fhir/StructureDefinition/implementationguide-page">
        <valueUri value="Bundle-3bb44f10-4350-498c-a629-4bf43df620e9.html"/>
      </extension>
      <example value="true"/>
      <sourceReference>
        <reference value="Bundle/3bb44f10-4350-498c-a629-4bf43df620e9"/>
      </sourceReference>
    </resource>
    <resource>
      <extension url="http://hl7.org/fhir/tools/StructureDefinition/resource-information">
        <valueString value="Bundle"/>
      </extension>
      <extension url="http://hl7.org/fhir/StructureDefinition/implementationguide-page">
        <valueUri value="Bundle-a1a25cd7-6553-4a47-9c5c-399050a80f9d.html"/>
      </extension>
      <example value="true"/>
      <sourceReference>
        <reference value="Bundle/a1a25cd7-6553-4a47-9c5c-399050a80f9d"/>
      </sourceReference>
    </resource>
    <resource>
      <extension url="http://hl7.org/fhir/tools/StructureDefinition/resource-information">
        <valueString value="Bundle"/>
      </extension>
      <extension url="http://hl7.org/fhir/StructureDefinition/implementationguide-page">
        <valueUri value="Bundle-7fdbd082-b9c4-46bf-ac8d-8f71de24ac4a.html"/>
      </extension>
      <example value="true"/>
      <sourceReference>
        <reference value="Bundle/7fdbd082-b9c4-46bf-ac8d-8f71de24ac4a"/>
      </sourceReference>
    </resource>
    <resource>
      <extension url="http://hl7.org/fhir/tools/StructureDefinition/resource-information">
        <valueString value="Composition"/>
      </extension>
      <extension url="http://hl7.org/fhir/StructureDefinition/implementationguide-page">
        <valueUri value="Composition-565b1e7e-01c1-4379-a3d6-6e21cdea43e9.html"/>
      </extension>
      <example value="true"/>
      <sourceReference>
        <reference value="Composition/565b1e7e-01c1-4379-a3d6-6e21cdea43e9"/>
      </sourceReference>
    </resource>
    <resource>
      <extension url="http://hl7.org/fhir/tools/StructureDefinition/resource-information">
        <valueString value="Composition"/>
      </extension>
      <extension url="http://hl7.org/fhir/StructureDefinition/implementationguide-page">
        <valueUri value="Composition-2384da13-ff91-4e05-930f-2d7a034ea713.html"/>
      </extension>
      <example value="true"/>
      <sourceReference>
        <reference value="Composition/2384da13-ff91-4e05-930f-2d7a034ea713"/>
      </sourceReference>
    </resource>
    <resource>
      <extension url="http://hl7.org/fhir/tools/StructureDefinition/resource-information">
        <valueString value="Composition"/>
      </extension>
      <extension url="http://hl7.org/fhir/StructureDefinition/implementationguide-page">
        <valueUri value="Composition-672a9ba7-0773-4a7f-ad80-e6ef50950a8d.html"/>
      </extension>
      <example value="true"/>
      <sourceReference>
        <reference value="Composition/672a9ba7-0773-4a7f-ad80-e6ef50950a8d"/>
      </sourceReference>
    </resource>
    <resource>
      <extension url="http://hl7.org/fhir/tools/StructureDefinition/resource-information">
        <valueString value="Patient"/>
      </extension>
      <extension url="http://hl7.org/fhir/StructureDefinition/implementationguide-page">
        <valueUri value="Patient-e6e84607-a0da-4ead-9ed6-5e064fea9fc4.html"/>
      </extension>
      <example value="true"/>
      <sourceReference>
        <reference value="Patient/e6e84607-a0da-4ead-9ed6-5e064fea9fc4"/>
      </sourceReference>
    </resource>
    <resource>
      <extension url="http://hl7.org/fhir/tools/StructureDefinition/resource-information">
        <valueString value="Patient"/>
      </extension>
      <extension url="http://hl7.org/fhir/StructureDefinition/implementationguide-page">
        <valueUri value="Patient-792b4811-2ce7-4531-8893-af827175bcfe.html"/>
      </extension>
      <example value="true"/>
      <sourceReference>
        <reference value="Patient/792b4811-2ce7-4531-8893-af827175bcfe"/>
      </sourceReference>
    </resource>
    <resource>
      <extension url="http://hl7.org/fhir/tools/StructureDefinition/resource-information">
        <valueString value="Patient"/>
      </extension>
      <extension url="http://hl7.org/fhir/StructureDefinition/implementationguide-page">
        <valueUri value="Patient-3a72f2d2-c9ed-40a4-beac-01c14dcf244a.html"/>
      </extension>
      <example value="true"/>
      <sourceReference>
        <reference value="Patient/3a72f2d2-c9ed-40a4-beac-01c14dcf244a"/>
      </sourceReference>
    </resource>
    <resource>
      <extension url="http://hl7.org/fhir/tools/StructureDefinition/resource-information">
        <valueString value="Patient"/>
      </extension>
      <extension url="http://hl7.org/fhir/StructureDefinition/implementationguide-page">
        <valueUri value="Patient-d422d1da-6280-4335-8795-b101a61134e4.html"/>
      </extension>
      <example value="true"/>
      <sourceReference>
        <reference value="Patient/d422d1da-6280-4335-8795-b101a61134e4"/>
      </sourceReference>
    </resource>
    <resource>
      <extension url="http://hl7.org/fhir/tools/StructureDefinition/resource-information">
        <valueString value="Organization"/>
      </extension>
      <extension url="http://hl7.org/fhir/StructureDefinition/implementationguide-page">
        <valueUri value="Organization-021fff67-c5ec-438f-9520-ce9bafee1306.html"/>
      </extension>
      <example value="true"/>
      <sourceReference>
        <reference value="Organization/021fff67-c5ec-438f-9520-ce9bafee1306"/>
      </sourceReference>
    </resource>
    <resource>
      <extension url="http://hl7.org/fhir/tools/StructureDefinition/resource-information">
        <valueString value="Organization"/>
      </extension>
      <extension url="http://hl7.org/fhir/StructureDefinition/implementationguide-page">
        <valueUri value="Organization-d93e5527-afd9-4c54-ab09-ada4fdd8ff13.html"/>
      </extension>
      <example value="true"/>
      <sourceReference>
        <reference value="Organization/d93e5527-afd9-4c54-ab09-ada4fdd8ff13"/>
      </sourceReference>
    </resource>
    <resource>
      <extension url="http://hl7.org/fhir/tools/StructureDefinition/resource-information">
        <valueString value="Organization"/>
      </extension>
      <extension url="http://hl7.org/fhir/StructureDefinition/implementationguide-page">
        <valueUri value="Organization-0903c2ea-252f-4b03-85f4-2ddcf046fbc3.html"/>
      </extension>
      <example value="true"/>
      <sourceReference>
        <reference value="Organization/0903c2ea-252f-4b03-85f4-2ddcf046fbc3"/>
      </sourceReference>
    </resource>
    <resource>
      <extension url="http://hl7.org/fhir/tools/StructureDefinition/resource-information">
        <valueString value="MedicationStatement"/>
      </extension>
      <extension url="http://hl7.org/fhir/StructureDefinition/implementationguide-page">
        <valueUri value="MedicationStatement-32def593-e104-4cee-b8f5-d1f923efd94b.html"/>
      </extension>
      <example value="true"/>
      <sourceReference>
        <reference value="MedicationStatement/32def593-e104-4cee-b8f5-d1f923efd94b"/>
      </sourceReference>
    </resource>
    <resource>
      <extension url="http://hl7.org/fhir/tools/StructureDefinition/resource-information">
        <valueString value="MedicationStatement"/>
      </extension>
      <extension url="http://hl7.org/fhir/StructureDefinition/implementationguide-page">
        <valueUri value="MedicationStatement-9db8a050-0c25-4192-834d-bca1da8ff250.html"/>
      </extension>
      <example value="true"/>
      <sourceReference>
        <reference value="MedicationStatement/9db8a050-0c25-4192-834d-bca1da8ff250"/>
      </sourceReference>
    </resource>
    <resource>
      <extension url="http://hl7.org/fhir/tools/StructureDefinition/resource-information">
        <valueString value="MedicationStatement"/>
      </extension>
      <extension url="http://hl7.org/fhir/StructureDefinition/implementationguide-page">
        <valueUri value="MedicationStatement-fc257fb0-8325-4f85-b29f-4c100346f527.html"/>
      </extension>
      <example value="true"/>
      <sourceReference>
        <reference value="MedicationStatement/fc257fb0-8325-4f85-b29f-4c100346f527"/>
      </sourceReference>
    </resource>
    <resource>
      <extension url="http://hl7.org/fhir/tools/StructureDefinition/resource-information">
        <valueString value="MedicationStatement"/>
      </extension>
      <extension url="http://hl7.org/fhir/StructureDefinition/implementationguide-page">
        <valueUri value="MedicationStatement-df0af202-6da0-4e67-9c22-ebc21ee34309.html"/>
      </extension>
      <example value="true"/>
      <sourceReference>
        <reference value="MedicationStatement/df0af202-6da0-4e67-9c22-ebc21ee34309"/>
      </sourceReference>
    </resource>
    <resource>
      <extension url="http://hl7.org/fhir/tools/StructureDefinition/resource-information">
        <valueString value="MedicationStatement"/>
      </extension>
      <extension url="http://hl7.org/fhir/StructureDefinition/implementationguide-page">
        <valueUri value="MedicationStatement-c20c510b-fd91-45eb-bacc-171a9a0261e5.html"/>
      </extension>
      <example value="true"/>
      <sourceReference>
        <reference value="MedicationStatement/c20c510b-fd91-45eb-bacc-171a9a0261e5"/>
      </sourceReference>
    </resource>
    <resource>
      <extension url="http://hl7.org/fhir/tools/StructureDefinition/resource-information">
        <valueString value="MedicationStatement"/>
      </extension>
      <extension url="http://hl7.org/fhir/StructureDefinition/implementationguide-page">
        <valueUri value="MedicationStatement-bed6ee24-3789-4cdd-83f0-a3a3a8ccba7a.html"/>
      </extension>
      <example value="true"/>
      <sourceReference>
        <reference value="MedicationStatement/bed6ee24-3789-4cdd-83f0-a3a3a8ccba7a"/>
      </sourceReference>
    </resource>
    <resource>
      <extension url="http://hl7.org/fhir/tools/StructureDefinition/resource-information">
        <valueString value="List"/>
      </extension>
      <extension url="http://hl7.org/fhir/StructureDefinition/implementationguide-page">
        <valueUri value="List-fa11a4f8-9ecc-4a65-9643-74c3c84880f4.html"/>
      </extension>
      <example value="true"/>
      <sourceReference>
        <reference value="List/fa11a4f8-9ecc-4a65-9643-74c3c84880f4"/>
      </sourceReference>
    </resource>
    <resource>
      <extension url="http://hl7.org/fhir/tools/StructureDefinition/resource-information">
        <valueString value="List"/>
      </extension>
      <extension url="http://hl7.org/fhir/StructureDefinition/implementationguide-page">
        <valueUri value="List-6eeee721-3485-4e1f-81b8-450a2143f441.html"/>
      </extension>
      <example value="true"/>
      <sourceReference>
        <reference value="List/6eeee721-3485-4e1f-81b8-450a2143f441"/>
      </sourceReference>
    </resource>
    <resource>
      <extension url="http://hl7.org/fhir/tools/StructureDefinition/resource-information">
        <valueString value="List"/>
      </extension>
      <extension url="http://hl7.org/fhir/StructureDefinition/implementationguide-page">
        <valueUri value="List-e6e32a80-a307-4833-b997-1e6e7b3abbb3.html"/>
      </extension>
      <example value="true"/>
      <sourceReference>
        <reference value="List/e6e32a80-a307-4833-b997-1e6e7b3abbb3"/>
      </sourceReference>
    </resource>
    <resource>
      <extension url="http://hl7.org/fhir/tools/StructureDefinition/resource-information">
        <valueString value="Encounter"/>
      </extension>
      <extension url="http://hl7.org/fhir/StructureDefinition/implementationguide-page">
        <valueUri value="Encounter-98900f15-67f8-48a1-9345-6d5968f2c23e.html"/>
      </extension>
      <example value="true"/>
      <sourceReference>
        <reference value="Encounter/98900f15-67f8-48a1-9345-6d5968f2c23e"/>
      </sourceReference>
    </resource>
    <resource>
      <extension url="http://hl7.org/fhir/tools/StructureDefinition/resource-information">
        <valueString value="Encounter"/>
      </extension>
      <extension url="http://hl7.org/fhir/StructureDefinition/implementationguide-page">
        <valueUri value="Encounter-6c39fd65-2a5f-42d0-b3db-20b6416e2b9a.html"/>
      </extension>
      <example value="true"/>
      <sourceReference>
        <reference value="Encounter/6c39fd65-2a5f-42d0-b3db-20b6416e2b9a"/>
      </sourceReference>
    </resource>
    <resource>
      <extension url="http://hl7.org/fhir/tools/StructureDefinition/resource-information">
        <valueString value="Encounter"/>
      </extension>
      <extension url="http://hl7.org/fhir/StructureDefinition/implementationguide-page">
        <valueUri value="Encounter-cead9124-f6d8-47ac-b785-8e0fcab3dc13.html"/>
      </extension>
      <example value="true"/>
      <sourceReference>
        <reference value="Encounter/cead9124-f6d8-47ac-b785-8e0fcab3dc13"/>
      </sourceReference>
    </resource>
    <resource>
      <extension url="http://hl7.org/fhir/tools/StructureDefinition/resource-information">
        <valueString value="AllergyIntolerance"/>
      </extension>
      <extension url="http://hl7.org/fhir/StructureDefinition/implementationguide-page">
        <valueUri value="AllergyIntolerance-a5e03840-1be4-43e0-acd2-c9e288adc4f9.html"/>
      </extension>
      <example value="true"/>
      <sourceReference>
        <reference value="AllergyIntolerance/a5e03840-1be4-43e0-acd2-c9e288adc4f9"/>
      </sourceReference>
    </resource>
    <resource>
      <extension url="http://hl7.org/fhir/tools/StructureDefinition/resource-information">
        <valueString value="AllergyIntolerance"/>
      </extension>
      <extension url="http://hl7.org/fhir/StructureDefinition/implementationguide-page">
        <valueUri value="AllergyIntolerance-b21f4cad-024a-4101-a6dd-80d50e29e295.html"/>
      </extension>
      <example value="true"/>
      <sourceReference>
        <reference value="AllergyIntolerance/b21f4cad-024a-4101-a6dd-80d50e29e295"/>
      </sourceReference>
    </resource>
    <resource>
      <extension url="http://hl7.org/fhir/tools/StructureDefinition/resource-information">
        <valueString value="AllergyIntolerance"/>
      </extension>
      <extension url="http://hl7.org/fhir/StructureDefinition/implementationguide-page">
        <valueUri value="AllergyIntolerance-c7dfc1e4-e2e0-4542-b93a-be297efb0f95.html"/>
      </extension>
      <example value="true"/>
      <sourceReference>
        <reference value="AllergyIntolerance/c7dfc1e4-e2e0-4542-b93a-be297efb0f95"/>
      </sourceReference>
    </resource>
    <resource>
      <extension url="http://hl7.org/fhir/tools/StructureDefinition/resource-information">
        <valueString value="Practitioner"/>
      </extension>
      <extension url="http://hl7.org/fhir/StructureDefinition/implementationguide-page">
        <valueUri value="Practitioner-40a94071-8373-4d53-a788-63b79c75a3c1.html"/>
      </extension>
      <example value="true"/>
      <sourceReference>
        <reference value="Practitioner/40a94071-8373-4d53-a788-63b79c75a3c1"/>
      </sourceReference>
    </resource>
    <resource>
      <extension url="http://hl7.org/fhir/tools/StructureDefinition/resource-information">
        <valueString value="Practitioner"/>
      </extension>
      <extension url="http://hl7.org/fhir/StructureDefinition/implementationguide-page">
        <valueUri value="Practitioner-6c9f40e7-6f00-4d75-9f39-d57bd620d855.html"/>
      </extension>
      <example value="true"/>
      <sourceReference>
        <reference value="Practitioner/6c9f40e7-6f00-4d75-9f39-d57bd620d855"/>
      </sourceReference>
    </resource>
    <resource>
      <extension url="http://hl7.org/fhir/tools/StructureDefinition/resource-information">
        <valueString value="Practitioner"/>
      </extension>
      <extension url="http://hl7.org/fhir/StructureDefinition/implementationguide-page">
        <valueUri value="Practitioner-20f15728-f3ac-4877-b55a-107f94dbd00c.html"/>
      </extension>
      <example value="true"/>
      <sourceReference>
        <reference value="Practitioner/20f15728-f3ac-4877-b55a-107f94dbd00c"/>
      </sourceReference>
    </resource>
    <resource>
      <extension url="http://hl7.org/fhir/tools/StructureDefinition/resource-information">
        <valueString value="Practitioner"/>
      </extension>
      <extension url="http://hl7.org/fhir/StructureDefinition/implementationguide-page">
        <valueUri value="Practitioner-7bfbb28b-e57b-4961-b5f9-4bfc5391b44a.html"/>
      </extension>
      <example value="true"/>
      <sourceReference>
        <reference value="Practitioner/7bfbb28b-e57b-4961-b5f9-4bfc5391b44a"/>
      </sourceReference>
    </resource>
    <resource>
      <extension url="http://hl7.org/fhir/tools/StructureDefinition/resource-information">
        <valueString value="PractitionerRole"/>
      </extension>
      <extension url="http://hl7.org/fhir/StructureDefinition/implementationguide-page">
        <valueUri value="PractitionerRole-e99357bd-b6ad-4ae7-9d99-27cb929e48af.html"/>
      </extension>
      <example value="true"/>
      <sourceReference>
        <reference value="PractitionerRole/e99357bd-b6ad-4ae7-9d99-27cb929e48af"/>
      </sourceReference>
    </resource>
    <resource>
      <extension url="http://hl7.org/fhir/tools/StructureDefinition/resource-information">
        <valueString value="PractitionerRole"/>
      </extension>
      <extension url="http://hl7.org/fhir/StructureDefinition/implementationguide-page">
        <valueUri value="PractitionerRole-45cad6ac-e9a3-418a-8480-4e64132849f2.html"/>
      </extension>
      <example value="true"/>
      <sourceReference>
        <reference value="PractitionerRole/45cad6ac-e9a3-418a-8480-4e64132849f2"/>
      </sourceReference>
    </resource>
    <resource>
      <extension url="http://hl7.org/fhir/tools/StructureDefinition/resource-information">
        <valueString value="Condition"/>
      </extension>
      <extension url="http://hl7.org/fhir/StructureDefinition/implementationguide-page">
        <valueUri value="Condition-ed5e2c34-2d28-4d21-a6aa-be7baad865b8.html"/>
      </extension>
      <example value="true"/>
      <sourceReference>
        <reference value="Condition/ed5e2c34-2d28-4d21-a6aa-be7baad865b8"/>
      </sourceReference>
    </resource>
    <resource>
      <extension url="http://hl7.org/fhir/tools/StructureDefinition/resource-information">
        <valueString value="Condition"/>
      </extension>
      <extension url="http://hl7.org/fhir/StructureDefinition/implementationguide-page">
        <valueUri value="Condition-e11fd841-5200-4657-9260-3a041a98ae31.html"/>
      </extension>
      <example value="true"/>
      <sourceReference>
        <reference value="Condition/e11fd841-5200-4657-9260-3a041a98ae31"/>
      </sourceReference>
    </resource>
    <resource>
      <extension url="http://hl7.org/fhir/tools/StructureDefinition/resource-information">
        <valueString value="Immunization"/>
      </extension>
      <extension url="http://hl7.org/fhir/StructureDefinition/implementationguide-page">
        <valueUri value="Immunization-d2b71673-d1a5-4e1d-9b25-bba47aa26036.html"/>
      </extension>
      <example value="true"/>
      <sourceReference>
        <reference value="Immunization/d2b71673-d1a5-4e1d-9b25-bba47aa26036"/>
      </sourceReference>
    </resource>
    <resource>
      <extension url="http://hl7.org/fhir/tools/StructureDefinition/resource-information">
        <valueString value="Procedure"/>
      </extension>
      <extension url="http://hl7.org/fhir/StructureDefinition/implementationguide-page">
        <valueUri value="Procedure-fed6e796-ac88-459c-af61-de718a48423d.html"/>
      </extension>
      <example value="true"/>
      <sourceReference>
        <reference value="Procedure/fed6e796-ac88-459c-af61-de718a48423d"/>
      </sourceReference>
    </resource>
  </package>
  <page>
    <source value="index.html"/>
    <title value="IG Templage Homepage"/>
    <kind value="page"/>
  </page>
</ImplementationGuide>