<?xml version="1.0" encoding="UTF-8"?>

<MedicationStatement xmlns="http://hl7.org/fhir">
  <id value="32def593-e104-4cee-b8f5-d1f923efd94b"/>
  <meta>
    <lastUpdated value="2018-09-21T09:00:00+10:00"/>
  </meta>
  <text>
    <status value="generated"/><div xmlns="http://www.w3.org/1999/xhtml"><p><b>Generated Narrative with Details</b></p><p><b>id</b>: 32def593-e104-4cee-b8f5-d1f923efd94b</p><p><b>meta</b>: </p><p><b>status</b>: active</p><p><b>medication</b>: sumatriptan 100 mg <span style="background: LightGoldenRodYellow">(Details : {SNOMED CT code '45219011000036101' = '45219011000036101', given as 'sumatriptan 100 mg tablet'})</span></p><p><b>subject</b>: <a href="urn:uuid:792b4811-2ce7-4531-8893-af827175bcfe">urn:uuid:792b4811-2ce7-4531-8893-af827175bcfe</a></p><p><b>taken</b>: y</p><p><b>reasonCode</b>: Migraine <span style="background: LightGoldenRodYellow">(Details )</span></p><p><b>note</b>: Patient advised that usually takes sumatriptan for migraine; they took one             tablet during the event, and during the event they were given one tablet to take home.</p><p><b>dosage</b>: </p></div>
  </text>
  <status value="active"/>
  <medicationCodeableConcept>
    <coding>
      <system value="http://snomed.info/sct"/>
      <code value="45219011000036101"/>
      <display value="sumatriptan 100 mg tablet"/>
    </coding>
    <text value="sumatriptan 100 mg"/>
  </medicationCodeableConcept>
  <subject>
    <reference value="urn:uuid:792b4811-2ce7-4531-8893-af827175bcfe"/>
  </subject>
  <taken value="y"/>
  <reasonCode>
    <text value="Migraine"/>
  </reasonCode>
  <note>
    <text value="Patient advised that usually takes sumatriptan for migraine; they took one             tablet during the event, and during the event they were given one tablet to take home."/>
  </note>
  <dosage>
    <text value="As required"/>
  </dosage>
</MedicationStatement>