{
  "resourceType": "MedicationStatement",
  "id": "fc257fb0-8325-4f85-b29f-4c100346f527",
  "meta": {
    "lastUpdated": "2018-07-19T11:00:00+10:00"
  },
  "text": {
    "status": "generated",
    "div": "<div xmlns=\"http://www.w3.org/1999/xhtml\"><p><b>Generated Narrative with Details</b></p><p><b>id</b>: fc257fb0-8325-4f85-b29f-4c100346f527</p><p><b>meta</b>: </p><p><b>status</b>: intended</p><p><b>medication</b>: Augmentin Duo Forte 875/125 tablet <span style=\"background: LightGoldenRodYellow\">(Details : {SNOMED CT code '6052011000036107' = '6052011000036107', given as 'Augmentin Duo Forte 875/125 film-coated tablet'})</span></p><p><b>subject</b>: <a href=\"urn:uuid:792b4811-2ce7-4531-8893-af827175bcfe\">urn:uuid:792b4811-2ce7-4531-8893-af827175bcfe</a></p><p><b>taken</b>: n</p><p><b>reasonCode</b>: headache, fever and sore throat <span style=\"background: LightGoldenRodYellow\">(Details )</span></p><p><b>dosage</b>: </p></div>"
  },
  "status": "intended",
  "medicationCodeableConcept": {
    "coding": [
      {
        "system": "http://snomed.info/sct",
        "code": "6052011000036107",
        "display": "Augmentin Duo Forte 875/125 film-coated tablet"
      }
    ],
    "text": "Augmentin Duo Forte 875/125 tablet"
  },
  "subject": {
    "reference": "urn:uuid:792b4811-2ce7-4531-8893-af827175bcfe"
  },
  "taken": "n",
  "reasonCode": [
    {
      "text": "headache, fever and sore throat"
    }
  ],
  "dosage": [
    {
      "text": "1 tablet twice a day for five days"
    }
  ]
}