<?xml version="1.0" encoding="UTF-8"?>

<ImplementationGuide xmlns="http://hl7.org/fhir">
  <id value="implementationguide-prescriptiondispenselists-1"/>
  <language value="en-AU"/>
  <text>
    <status value="generated"/><div xmlns="http://www.w3.org/1999/xhtml"><h2>Prescription and Dispense Lists</h2><p>The official URL for this implementation guide is: </p><pre>http://ns.electronichealth.net.au/ci/fhir/3.0/ImplementationGuide/implementationguide-prescriptiondispenselists-1</pre><div><p>Australian realm implementation guide of the FHIR specification to represent prescription and dispense list records.</p>
</div></div>
  </text>
  <url value="http://ns.electronichealth.net.au/ci/fhir/3.0/ImplementationGuide/implementationguide-prescriptiondispenselists-1"/>
  <version value="1.0.0"/>
  <name value="Prescription and Dispense Lists"/>
  <status value="draft"/>
  <experimental value="true"/>
  <date value="2019-08-12T15:33:53+10:00"/>
  <publisher value="Australian Digital Health Agency"/>
  <contact>
    <telecom>
      <system value="email"/>
      <value value="help@digitalhealth.gov.au"/>
    </telecom>
  </contact>
  <description value="Australian realm implementation guide of the FHIR specification to represent prescription and dispense list records."/>
  <copyright value="Copyright &#xA9; 2019 Australian Digital Health Agency - All rights reserved. This content is licensed under a Creative Commons Attribution 4.0 International License. See https://creativecommons.org/licenses/by/4.0/."/>
  <fhirVersion value="3.0.1"/>
  <page>
    <source value="index.html"/>
    <title value="Australian Digital Health Agency Prescription and Dispense Lists FHIR Implementation Guide"/>
    <kind value="page"/>
  </page>
</ImplementationGuide>