"Path","Slice Name","Alias(s)","Label","Min","Max","Must Support?","Is Modifier?","Is Summary?","Type(s)","Short","Definition","Comments","Requirements","Default Value","Meaning When Missing","Fixed Value","Pattern","Example","Minimum Value","Maximum Value","Maximum Length","Binding Strength","Binding Description","Binding Value Set","Code","Slicing Discriminator","Slicing Description","Slicing Ordered","Slicing Rules","Base Path","Base Min","Base Max","Condition(s)","Constraint(s)","Mapping: RIM Mapping","Mapping: W5 Mapping"
"List","","Collection
WorkingListOrganizer","",0,*,"","","","","A list of prescriptions or dispense records for a patient","A list of all prescriptions, and or, dispense records for a patient.","","","","","","","","","",,,,,"",,,,"List",0,*,"","dom-2:If the resource is contained in another resource, it SHALL NOT contain nested Resources {contained.contained.empty()}
dom-1:If the resource is contained in another resource, it SHALL NOT contain any narrative {contained.text.empty()}dom-4:If a resource is contained in another resource, it SHALL NOT have a meta.versionId or a meta.lastUpdated {contained.meta.versionId.empty() and contained.meta.lastUpdated.empty()}dom-3:If the resource is contained in another resource, it SHALL be referred to from elsewhere in the resource {contained.where(('#'+id in %resource.descendants().reference).not()).empty()}lst-2:The deleted flag can only be used if the mode of the list is ""changes"" {mode = 'changes' or entry.deleted.empty()}lst-1:A list can only have an emptyReason if it is empty {emptyReason.empty() or entry.empty()}inv-dh-lst-07:The subject shall at least have a reference or an identifier with at least a system and a value {subject.reference.exists() or subject.identifier.where(system.count() + value.count() >1).exists()}inv-dh-lst-02:The list shall at least have an authoring related person or a source, but not both {(extension('http://hl7.org.au/fhir/StructureDefinition/author-related-person').exists() and source.exists()).not()}inv-dh-lst-03:If and only if the source is a practitioner, the authoring role shall be provided {source.resolve() is Practitioner implies extension('http://hl7.org.au/fhir/StructureDefinition/author-role').exists()}inv-dh-lst-05:If present, an authoring related person shall at least have a reference or an identifier with at least a system and a value {authorRelatedPerson.exists() implies (authorRelatedPerson.reference.exists() or authorRelatedPerson.identifier.where(system.count() + value.count() >1).exists())}inv-dh-lst-01:The list shall at least have one entry or an empty reason, but not both {(entry.exists() and emptyreason.exists()).not()}inv-dh-lst-06:If present, a source shall at least have a reference or an identifier with at least a system and a value {source.reference.exists() or source.identifier.where(system.count() + value.count() >1).exists()}inv-dh-lst-04:If present, an authoring role shall at least have a reference or an identifier with at least a system and a value {authorRole.exists() implies (authorRole.reference.exists() or authorRole.identifier.where(system.count() + value.count() >1).exists())}inv-dh-lst-11:If this list is a Dispense List the entry item shall not be a prescription {code.coding.where(code='100.32014').exists().not() and entry.item.reference.resolve() is MedicationRequest}inv-dh-lst-12:If this is list is a Prescription List the entry item shall not be a dispense record {code.coding.where(code='57828-6').exists().not() and entry.item.reference.resolve() is MedicationDispense}","Entity. Role, or Act","Act[classCode<ORG,moodCode=EVN]","infrastructure.documents"
"List.id","","","",0,1,"","","Y","id {[]} {[]}
","Logical id of this artifact","The logical id of the resource, as used in the URL for the resource. Once assigned, this value never changes.","The only time that a resource does not have an id is when it is being submitted to the server using a create operation.","","","","","","","","",,,,,"",,,,"Resource.id",0,1,"",""
"List.meta","","","",1,1,"","","Y","Meta {[]} {[]}
","Metadata about the resource","The metadata about the resource. This is content that is maintained by the infrastructure. Changes to the content may not always be associated with version changes to the resource.","","","","","","","","","",,,,,"",,,,"Resource.meta",0,1,"","inv-dh-lst-08:One profile shall be 'http://ns.electronichealth.net.au/ci/fhir/3.0/StructureDefinition/list-pdl-1' {profile('http://ns.electronichealth.net.au/ci/fhir/3.0/StructureDefinition/list-pdl-1').exists()}
"
"List.meta.id","","","",0,1,"","","","string {[]} {[]}
","xml:id (or equivalent in JSON)","unique id for the element within a resource (for internal references). This may be any string value that does not contain spaces.","","","","","","","","","",,,,,"",,,,"Element.id",0,1,"","","n/a"
"List.meta.extension","","extensions
user content","",0,*,"","","","Extension {[]} {[]}
","Additional Content defined by implementations","May be used to represent additional information that is not part of the basic definition of the element. In order to make the use of extensions safe and manageable, there is a strict set of governance  applied to the definition and use of extensions. Though any implementer is allowed to define an extension, there is a set of requirements that SHALL be met as part of the definition of the extension.","There can be no stigma associated with the use of extensions by any application, project, or standard - regardless of the institution or jurisdiction that uses or defines the extensions.  The use of extensions is what allows the FHIR specification to retain a core level of simplicity for everyone.","","","","","","","","",,,,,"","value:url}
","Extensions are always sliced by (at least) url",,"open","Element.extension",0,*,"","","n/a"
"List.meta.versionId","","","",0,1,"","","Y","id {[]} {[]}
","Version specific identifier","The version specific identifier, as it appears in the version portion of the URL. This values changes when the resource is created, updated, or deleted.","The server assigns this value, and ignores what the client specifies, except in the case that the server is imposing version integrity on updates/deletes.","","","","","","","","",,,,,"",,,,"Meta.versionId",0,1,"",""
"List.meta.lastUpdated","","","",0,1,"","","Y","instant {[]} {[]}
","When the resource version last changed","When the resource last changed - e.g. when the version changed.","This value is always populated except when the resource is first being created. The server / resource manager sets this value; what a client provides is irrelevant.","","","","","","","","",,,,,"",,,,"Meta.lastUpdated",0,1,"",""
"List.meta.profile","","","",1,*,"","","Y","uri {[]} {[]}
","Profiles this resource claims to conform to","A list of profiles (references to [StructureDefinition](https://build.fhir.org/ig/hl7au/au-fhir-base-stu3/structuredefinition.html#) resources) that this resource claims to conform to. The URL is a reference to [StructureDefinition.url](https://build.fhir.org/ig/hl7au/au-fhir-base-stu3/).","It is up to the server and/or other infrastructure of policy to determine whether/how these claims are verified and/or updated over time.  The list of profile URLs is a set.","","","","","","","","",,,,,"",,,,"Meta.profile",0,*,"",""
"List.meta.security","","","",0,*,"","","Y","Coding {[]} {[]}
","Security Labels applied to this resource","Security labels applied to this resource. These tags connect specific resources to the overall security policy and infrastructure.","The security labels can be updated without changing the stated version of the resource  The list of security labels is a set. Uniqueness is based the system/code, and version and display are ignored.","","","","","","","","",,"extensible","Security Labels from the Healthcare Privacy and Security Classification System.","http://hl7.org/fhir/ValueSet/security-labels","",,,,"Meta.security",0,*,"",""
"List.meta.tag","","","",0,*,"","","Y","Coding {[]} {[]}
","Tags applied to this resource","Tags applied to this resource. Tags are intended to be used to identify and relate resources to process and workflow, and applications are not required to consider the tags when interpreting the meaning of a resource.","The tags can be updated without changing the stated version of the resource.  The list of tags is a set. Uniqueness is based the system/code, and version and display are ignored.","","","","","","","","",,"example","Codes that represent various types of tags, commonly workflow-related; e.g. ""Needs review by Dr. Jones""","http://hl7.org/fhir/ValueSet/common-tags","",,,,"Meta.tag",0,*,"",""
"List.implicitRules","","","",0,1,"","Y","Y","uri {[]} {[]}
","A set of rules under which this content was created","A reference to a set of rules that were followed when the resource was constructed, and which must be understood when processing the content.","Asserting this rule set restricts the content to be only understood by a limited set of trading partners. This inherently limits the usefulness of the data in the long term. However, the existing health eco-system is highly fractured, and not yet ready to define, collect, and exchange data in a generally computable sense. Wherever possible, implementers and/or specification writers should avoid using this element. 

This element is labelled as a modifier because the implicit rules may provide additional knowledge about the resource that modifies it's meaning or interpretation.","","","","","","","","",,,,,"",,,,"Resource.implicitRules",0,1,"",""
"List.language","","","",0,1,"","","","code {[]} {[]}
","Language of the resource content","The base language in which the resource is written.","Language is provided to support indexing and accessibility (typically, services such as text to speech use the language tag). The html language tag in the narrative applies  to the narrative. The language tag on the resource may be used to specify the language of other presentations generated from the data in the resource  Not all the content has to be in the base language. The Resource.language should not be assumed to apply to the narrative automatically. If a language is specified, it should it also be specified on the div element in the html (see rules in HTML5 for information about the relationship between xml:lang and the html lang attribute).","","","","","","","","",,"extensible","A human language.","http://hl7.org/fhir/ValueSet/languages","",,,,"Resource.language",0,1,"",""
"List.text","","narrative
htmlxhtmldisplay","",0,1,"","","","Narrative {[]} {[]}
","Text summary of the resource, for human interpretation","A human-readable narrative that contains a summary of the resource, and may be used to represent the content of the resource to a human. The narrative need not encode all the structured data, but is required to contain sufficient detail to make it ""clinically safe"" for a human to just read the narrative. Resource definitions may define what content should be represented in the narrative to ensure clinical safety.","Contained resources do not have narrative. Resources that are not contained SHOULD have a narrative. In some cases, a resource may only have text with little or no additional discrete data (as long as all minOccurs=1 elements are satisfied).  This may be necessary for data from legacy systems where information is captured as a ""text blob"" or where text is additionally entered raw or narrated and encoded in formation is added later.","","","","","","","","",,,,,"",,,,"DomainResource.text",0,1,"dom-1
","","Act.text?"
"List.contained","","inline resources
anonymous resourcescontained resources","",0,*,"","","","Resource {[]} {[]}
","Contained, inline Resources","These resources do not have an independent existence apart from the resource that contains them - they cannot be identified independently, and nor can they have their own independent transaction scope.","This should never be done when the content can be identified properly, as once identification is lost, it is extremely difficult (and context dependent) to restore it again.","","","","","","","","",,,,,"",,,,"DomainResource.contained",0,*,"","","N/A"
"List.extension","","","",0,*,"","","","Extension {[]} {[]}
","Extension","An Extension","","","","","","","","","",,,,,"","value:url}
","",,"open","DomainResource.extension",0,*,"",""
"List.extension","sourceRole","","",0,1,"","","","Extension {[CanonicalType[http://hl7.org.au/fhir/StructureDefinition/author-role]]} {[]}
","Practitioner role that defined the list contents (aka Author)","Identifies the practitioner role responsible for the information in the resource (aka author), not necessarily who typed it in.","","","","","","","","","",,,,,"",,,,"DomainResource.extension",0,*,"ele-1
","ele-1:All FHIR elements must have a @value or children {hasValue() | (children().count() > id.count())}
ext-1:Must have either extensions or value[x], not both {extension.exists() != value.exists()}"
"List.extension","sourceRelatedPerson","","",0,1,"","","","Extension {[CanonicalType[http://hl7.org.au/fhir/StructureDefinition/author-related-person]]} {[]}
","Related person that defined the list contents (aka Author)","The entity (related person) responsible for deciding what the contents of the list were. Where the list was created by a human, this is the same as the author of the list.","","","","","","","","","",,,,,"",,,,"DomainResource.extension",0,*,"ele-1
","ele-1:All FHIR elements must have a @value or children {hasValue() | (children().count() > id.count())}
ext-1:Must have either extensions or value[x], not both {extension.exists() != value.exists()}"
"List.extension","authorRole","","",0,1,"Y","","","Extension {[CanonicalType[http://hl7.org.au/fhir/StructureDefinition/author-role]]} {[]}
","Practitioner role that authored the list","Identifies the practitioner role responsible for the information in the resource (aka author), not necessarily who typed it in.","","","","","","","","","",,,,,"",,,,"DomainResource.extension",0,*,"","inv-dh-lst-09:A practitioner role shall conform to PractitionerRole with Practitioner with Mandatory Identifier {resolve().conformsTo('http://ns.electronichealth.net.au/ci/fhir/3.0/StructureDefinition/practitionerrole-withpractitionerident-1')}
"
"List.extension.id","","","",0,1,"","","","string {[]} {[]}
","xml:id (or equivalent in JSON)","unique id for the element within a resource (for internal references). This may be any string value that does not contain spaces.","","","","","","","","","",,,,,"",,,,"Element.id",0,1,"","","n/a"
"List.extension.extension","","extensions
user content","",0,*,"","","","Extension {[]} {[]}
","Additional Content defined by implementations","May be used to represent additional information that is not part of the basic definition of the element. In order to make the use of extensions safe and manageable, there is a strict set of governance  applied to the definition and use of extensions. Though any implementer is allowed to define an extension, there is a set of requirements that SHALL be met as part of the definition of the extension.","There can be no stigma associated with the use of extensions by any application, project, or standard - regardless of the institution or jurisdiction that uses or defines the extensions.  The use of extensions is what allows the FHIR specification to retain a core level of simplicity for everyone.","","","","","","","","",,,,,"","value:url}
","Extensions are always sliced by (at least) url",,"open","Element.extension",0,*,"","","n/a"
"List.extension.url","","","",1,1,"","","","uri {[]} {[]}
","identifies the meaning of the extension","Source of the definition for the extension code - a logical name or a URL.","The definition may point directly to a computable or human-readable definition of the extensibility codes, or it may be a logical URI as declared in some other specification. The definition SHALL be a URI for the Structure Definition defining the extension.","","","","<valueUri xmlns=""http://hl7.org/fhir"" value=""http://hl7.org.au/fhir/StructureDefinition/author-role""/>","","","","",,,,,"",,,,"Extension.url",1,1,"","","N/A"
"List.extension.value[x]","","","",0,1,"","","","Reference {[]} {[]}
","Value of extension","Value of extension - may be a resource or one of a constrained set of the data types (see Extensibility in the spec for list).","","","","","","","","","",,,,,"","type:$this}
","",,"closed","Extension.value[x]",0,1,"","","N/A"
"List.extension.value[x]","valueReference","","",1,1,"","","","Reference {[]} {[CanonicalType[http://hl7.org/fhir/StructureDefinition/PractitionerRole]]}
","Value of extension","Value of extension - may be a resource or one of a constrained set of the data types (see Extensibility in the spec for list).","","","","","","","","","",,,,,"",,,,"Extension.value[x]",0,1,"","","N/A"
"List.extension","authorRelatedPerson","","",0,1,"Y","","","Extension {[CanonicalType[http://hl7.org.au/fhir/StructureDefinition/author-related-person]]} {[]}
","Related person that authored the list","Reference to related person that authored the resource and takes responsibility for its content.","","","","","","","","","",,,,,"",,,,"DomainResource.extension",0,*,"","inv-dh-lst-10:A related person shall conform to RelatedPerson with Mandatory Identifier {resolve().conformsTo('http://ns.electronichealth.net.au/ci/fhir/3.0/StructureDefinition/relatedperson-ident-1')}
"
"List.extension.id","","","",0,1,"","","","string {[]} {[]}
","xml:id (or equivalent in JSON)","unique id for the element within a resource (for internal references). This may be any string value that does not contain spaces.","","","","","","","","","",,,,,"",,,,"Element.id",0,1,"","","n/a"
"List.extension.extension","","extensions
user content","",0,*,"","","","Extension {[]} {[]}
","Additional Content defined by implementations","May be used to represent additional information that is not part of the basic definition of the element. In order to make the use of extensions safe and manageable, there is a strict set of governance  applied to the definition and use of extensions. Though any implementer is allowed to define an extension, there is a set of requirements that SHALL be met as part of the definition of the extension.","There can be no stigma associated with the use of extensions by any application, project, or standard - regardless of the institution or jurisdiction that uses or defines the extensions.  The use of extensions is what allows the FHIR specification to retain a core level of simplicity for everyone.","","","","","","","","",,,,,"","value:url}
","Extensions are always sliced by (at least) url",,"open","Element.extension",0,*,"","","n/a"
"List.extension.url","","","",1,1,"","","","uri {[]} {[]}
","identifies the meaning of the extension","Source of the definition for the extension code - a logical name or a URL.","The definition may point directly to a computable or human-readable definition of the extensibility codes, or it may be a logical URI as declared in some other specification. The definition SHALL be a URI for the Structure Definition defining the extension.","","","","<valueUri xmlns=""http://hl7.org/fhir"" value=""http://hl7.org.au/fhir/StructureDefinition/author-related-person""/>","","","","",,,,,"",,,,"Extension.url",1,1,"","","N/A"
"List.extension.value[x]","","","",0,1,"","","","Reference {[]} {[]}
","Value of extension","Value of extension - may be a resource or one of a constrained set of the data types (see Extensibility in the spec for list).","","","","","","","","","",,,,,"","type:$this}
","",,"closed","Extension.value[x]",0,1,"","","N/A"
"List.extension.value[x]","valueReference","","",1,1,"","","","Reference {[]} {[CanonicalType[http://hl7.org/fhir/StructureDefinition/RelatedPerson]]}
","Who authored the record","Value of extension - may be a resource or one of a constrained set of the data types (see Extensibility in the spec for list).","","","","","","","","","",,,,,"",,,,"Extension.value[x]",0,1,"","","N/A"
"List.modifierExtension","","extensions
user content","",0,*,"","Y","","Extension {[]} {[]}
","Extensions that cannot be ignored","May be used to represent additional information that is not part of the basic definition of the resource, and that modifies the understanding of the element that contains it. Usually modifier elements provide negation or qualification. In order to make the use of extensions safe and manageable, there is a strict set of governance applied to the definition and use of extensions. Though any implementer is allowed to define an extension, there is a set of requirements that SHALL be met as part of the definition of the extension. Applications processing a resource are required to check for modifier extensions.","There can be no stigma associated with the use of extensions by any application, project, or standard - regardless of the institution or jurisdiction that uses or defines the extensions.  The use of extensions is what allows the FHIR specification to retain a core level of simplicity for everyone.","","","","","","","","",,,,,"",,,,"DomainResource.modifierExtension",0,*,"","","N/A"
"List.identifier","","","",0,*,"","","","Identifier {[]} {[]}
","Business identifier","Identifier for the List assigned for business purposes outside the context of FHIR.","","","","","","","","","",,,,,"",,,,"List.identifier",0,*,"","",".id","id"
"List.status","","","",1,1,"Y","Y","Y","code {[]} {[]}
","current | retired | entered-in-error","Indicates the current state of this list.","This element is labeled as a modifier because the status contains codes that mark the resource as not currently valid.","","","","<valueCode xmlns=""http://hl7.org/fhir"" value=""current""/>","","","","",,"required","The current state of the list","http://hl7.org/fhir/ValueSet/list-status","",,,,"List.status",1,1,"","",".status[current=active;retired=obsolete;entered-in-error=nullified]","status"
"List.mode","","","",1,1,"","Y","Y","code {[]} {[]}
","working | snapshot | changes","How this list was prepared - whether it is a working list that is suitable for being maintained on an ongoing basis, or if it represents a snapshot of a list of items from another source, or whether it is a prepared list where items may be marked as added, modified or deleted.","This element is labeled as a modifier because a change list must not be mis-understood as a complete list.","Lists are used in various ways, and it must be known in what way it is safe to use them.","","","<valueCode xmlns=""http://hl7.org/fhir"" value=""snapshot""/>","","","","",,"required","The processing mode that applies to this list","http://hl7.org/fhir/ValueSet/list-mode","",,,,"List.mode",1,1,"","",".outBoundRelationship[typeCode=COMP].target[classCode=OBS""].value","class"
"List.title","","","",0,1,"Y","","Y","string {[]} {[]}
","Descriptive name for the list","A label for the list assigned by the author.","","Allows customization beyond just the code identifying the kind of list.","","","","","<valueString xmlns=""http://hl7.org/fhir"" value=""Dr. Jane&#39;s Patients""/>","","",,,,,"",,,,"List.title",0,1,"","",".title"
"List.code","","","",1,1,"Y","","Y","CodeableConcept {[]} {[]}
","What the purpose of this list is","This code defines the purpose of the list - why it was created.","If there is no code, the purpose of the list is implied where it is used, such as in a document section using Document.section.code.","Lists often contain subsets of resources rather than an exhaustive list.  The code identifies what type of subset is included.","","","","","","","",,"required","","https://healthterminologies.gov.au/fhir/ValueSet/prescription-dispense-list-type-1","",,,,"List.code",0,1,"","",".code","what"
"List.subject","","","",1,1,"Y","","Y","Reference {[]} {[CanonicalType[http://ns.electronichealth.net.au/ci/fhir/3.0/StructureDefinition/patient-ident-1]]}
","If all resources have the same subject","The common subject (or patient) of the resources that are in the list, if there is one.","Some purely arbitrary lists do not have a common subject, so this is optional.","The primary purpose of listing the subject explicitly is to help with finding the right list.","","","","","","","",,,,,"",,,,"List.subject",0,1,"","",".participation[typeCode<SUB].role (and sometimes .player)","who.focus"
"List.encounter","","","",0,1,"","","","Reference {[]} {[CanonicalType[http://hl7.org/fhir/StructureDefinition/Encounter]]}
","Context in which list created","The encounter that is the context in which this list was created.","","","","","","","","","",,,,,"",,,,"List.encounter",0,1,"","","inboundRelationship[typeCode=COMP].source[classCode=ENC, moodCode=EVN]","context"
"List.date","","","",1,1,"Y","","Y","dateTime {[]} {[]}
","When the list was prepared","The date that the list was prepared.","The actual important date is the date of currency of the resources that were summarized, but it is usually assumed that these are current when the preparation occurs.","Identifies how current the list is which affects relevance.","","","","","","","",,,,,"",,,,"List.date",0,1,"","",".participation[typeCode<AUT].time[type=TS]","when.recorded"
"List.source","","Author
","",0,1,"Y","","Y","Reference {[]} {[CanonicalType[http://ns.electronichealth.net.au/ci/fhir/3.0/StructureDefinition/practitioner-ident-1], CanonicalType[http://ns.electronichealth.net.au/ci/fhir/3.0/StructureDefinition/patient-ident-1], CanonicalType[http://ns.electronichealth.net.au/ci/fhir/3.0/StructureDefinition/device-ident-1]]}
","Who and/or what defined the list contents (aka Author)","The entity responsible for deciding what the contents of the list were. Where the list was created by a human, this is the same as the author of the list.","The primary source is the entity that made the decisions what items are in the list. This may be software or user.","Allows follow-up as well as context.","","","","","","","",,,,,"",,,,"List.source",0,1,"","",".participation[typeCode<AUT].role[classCode=REL].player[classCode=PSN,determinerCode=INST] or .participation[typeCode<AUT].role[classCode=REL].player[classCode=DEV,determinerCode=INST]","who.author"
"List.orderedBy","","","",0,1,"","","","CodeableConcept {[]} {[]}
","What order the list has","What order applies to the items in the list.","Applications SHOULD render ordered lists in the order provided, but MAY allow users to re-order based on their own preferences as well. If there is no order specified, the order is unknown, though there may still be some order.","Important for presentation and rendering.  Lists may be sorted to place more important information first or to group related entries.","","","","","","","",,"preferred","What order applies to the items in a list","http://hl7.org/fhir/ValueSet/list-order","",,,,"List.orderedBy",0,1,"","",".outboundRelationship[typeCode=COMP].sequenceNumber > 1"
"List.note","","","",0,*,"Y","","","Annotation {[]} {[]}
","Comments about the list","Comments that apply to the overall list.","","","","","","","","","",,,,,"",,,,"List.note",0,*,"","",".inboundRelationship[typeCode=SUBJ].act.text"
"List.entry","","","",0,*,"Y","","","BackboneElement {[]} {[]}
","Medicine list entry","List of medicine type entries","If there are no entries in the list, an emptyReason SHOULD be provided.","","","","","","","","",,,,,"",,,,"List.entry",0,*,"lst-1
","ele-1:All FHIR elements must have a @value or children {hasValue() | (children().count() > id.count())}
",".outboundRelationship[typeCode=COMP] or  .participation[typeCode=SBJ]"
"List.entry.id","","","",0,1,"","","","string {[]} {[]}
","xml:id (or equivalent in JSON)","unique id for the element within a resource (for internal references). This may be any string value that does not contain spaces.","","","","","","","","","",,,,,"",,,,"Element.id",0,1,"","","n/a"
"List.entry.extension","","","",0,*,"","","","Extension {[]} {[]}
","Extension","An Extension","","","","","","","","","",,,,,"","value:url}
","",,"open","Element.extension",0,*,"",""
"List.entry.extension","changeDescription","","",0,1,"","","","Extension {[CanonicalType[http://hl7.org.au/fhir/StructureDefinition/change-description]]} {[]}
","Description of the change to the item","Description of a change including the reason for change.","","","","","","","","","",,,,,"",,,,"Element.extension",0,*,"ele-1
","ele-1:All FHIR elements must have a @value or children {hasValue() | (children().count() > id.count())}
ext-1:Must have either extensions or value[x], not both {extension.exists() != value.exists()}"
"List.entry.modifierExtension","","extensions
user contentmodifiers","",0,*,"","Y","Y","Extension {[]} {[]}
","Extensions that cannot be ignored","May be used to represent additional information that is not part of the basic definition of the element, and that modifies the understanding of the element that contains it. Usually modifier elements provide negation or qualification. In order to make the use of extensions safe and manageable, there is a strict set of governance applied to the definition and use of extensions. Though any implementer is allowed to define an extension, there is a set of requirements that SHALL be met as part of the definition of the extension. Applications processing a resource are required to check for modifier extensions.","There can be no stigma associated with the use of extensions by any application, project, or standard - regardless of the institution or jurisdiction that uses or defines the extensions.  The use of extensions is what allows the FHIR specification to retain a core level of simplicity for everyone.","","","","","","","","",,,,,"",,,,"BackboneElement.modifierExtension",0,*,"","","N/A"
"List.entry.flag","","","",0,1,"","","","CodeableConcept {[]} {[]}
","Medicine item change","The flag allows the system constructing the list to indicate the role and significance of the item in the list.","The flag can only be understood in the context of the List.code. If the flag means that the entry has actually been deleted from the list, the deleted element SHALL be true. Deleted can only be used if the List.mode is ""changes"".","This field is present to support various clinical uses of lists, such as a discharge summary medication list, where flags specify whether the medication was added, modified, or deleted from the list.","","","","","","","",,"preferred","","http://hl7.org.au/fhir/ValueSet/medicine-item-change","",,,,"List.entry.flag",0,1,"","",".outBoundRelationship[typeCode=COMP].target[classCode=OBS""].value"
"List.entry.deleted","","","",0,1,"","Y","","boolean {[]} {[]}
","If this item is actually marked as deleted","True if this item is marked as deleted in the list.","If the flag means that the entry has actually been deleted from the list, the deleted element SHALL be true. Both flag and deleted can only be used if the List.mode is ""changes"". A deleted entry should be displayed in narrative as deleted.

This element is labeled as a modifier because it indicates that an item is (to be) no longer in the list.","The flag element may contain codes that an application processing the list does not understand. However there can be no ambiguity if a list item is actually marked as ""deleted"".","<valueBoolean xmlns=""http://hl7.org/fhir"" value=""false""/>","","","","","","",,,,,"",,,,"List.entry.deleted",0,1,"lst-2
","","added: .updateMode=(""A"",""AR"")  retained: .updateMode=""NC""  updated: .updateMode=""R""  deleted: .updateMode=""D"""
"List.entry.date","","","",0,1,"","","","dateTime {[]} {[]}
","When item added to list","When this item was added to the list.","This is only useful and meaningful when the mode is ""working"".","The date may be significant for understanding the meaning of items in a working list.","","","","","","","",,,,,"",,,,"List.entry.date",0,1,"","",".availabilityTime"
"List.entry.item","","","",1,1,"Y","","","Reference {[]} {[CanonicalType[http://hl7.org/fhir/StructureDefinition/MedicationStatement], CanonicalType[http://hl7.org/fhir/StructureDefinition/MedicationRequest], CanonicalType[http://hl7.org/fhir/StructureDefinition/MedicationDispense]]}
","Prescription or dispense record","A reference to the actual resource from which data was derived.","","","","","","","","","",,,,,"",,,,"List.entry.item",1,1,"","",".target or .role or .role.entity"
"List.entry.item.id","","","",0,1,"","","","string {[]} {[]}
","xml:id (or equivalent in JSON)","unique id for the element within a resource (for internal references). This may be any string value that does not contain spaces.","","","","","","","","","",,,,,"",,,,"Element.id",0,1,"","","n/a"
"List.entry.item.extension","","extensions
user content","",0,*,"","","","Extension {[]} {[]}
","Additional Content defined by implementations","May be used to represent additional information that is not part of the basic definition of the element. In order to make the use of extensions safe and manageable, there is a strict set of governance  applied to the definition and use of extensions. Though any implementer is allowed to define an extension, there is a set of requirements that SHALL be met as part of the definition of the extension.","There can be no stigma associated with the use of extensions by any application, project, or standard - regardless of the institution or jurisdiction that uses or defines the extensions.  The use of extensions is what allows the FHIR specification to retain a core level of simplicity for everyone.","","","","","","","","",,,,,"","value:url}
","Extensions are always sliced by (at least) url",,"open","Element.extension",0,*,"","","n/a"
"List.entry.item.reference","","","",1,1,"","","Y","string {[]} {[]}
","Literal reference, Relative, internal or absolute URL","A reference to a location at which the other resource is found. The reference may be a relative reference, in which case it is relative to the service base URL, or an absolute URL that resolves to the location where the resource is found. The reference may be version specific or not. If the reference is not to a FHIR RESTful server, then it should be assumed to be version specific. Internal fragment references (start with '#') refer to contained resources.","Using absolute URLs provides a stable scalable approach suitable for a cloud/web context, while using relative/logical references provides a flexible approach suitable for use when trading across closed eco-system boundaries.   Absolute URLs do not need to point to a FHIR RESTful server, though this is the preferred approach. If the URL conforms to the structure ""/[type]/[id]"" then it should be assumed that the reference is to a FHIR RESTful server.","","","","","","","","",,,,,"",,,,"Reference.reference",0,1,"ref-1
","","N/A"
"List.entry.item.identifier","","","",0,1,"","","Y","Identifier {[]} {[]}
","Logical reference, when literal reference is not known","An identifier for the other resource. This is used when there is no way to reference the other resource directly, either because the entity is not available through a FHIR server, or because there is no way for the author of the resource to convert a known identifier to an actual location. There is no requirement that a Reference.identifier point to something that is actually exposed as a FHIR instance, but it SHALL point to a business concept that would be expected to be exposed as a FHIR instance, and that instance would need to be of a FHIR resource type allowed by the reference.","When an identifier is provided in place of a reference, any system processing the reference will only be able to resolve the identifier to a reference if it understands the business context in which the identifier is used. Sometimes this is global (e.g. a national identifier) but often it is not. For this reason, none of the useful mechanisms described for working with references (e.g. chaining, includes) are possible, nor should servers be expected to be able resolve the reference. Servers may accept an identifier based reference untouched, resolve it, and/or reject it - see CapabilityStatement.rest.resource.referencePolicy. 

When both an identifier and a literal reference are provided, the literal reference is preferred. Applications processing the resource are allowed - but not required - to check that the identifier matches the literal reference

Applications converting a logical reference to a literal reference may choose to leave the logical reference present, or remove it.","","","","","","","","",,,,,"",,,,"Reference.identifier",0,1,"","",".identifier"
"List.entry.item.display","","","",0,1,"","","Y","string {[]} {[]}
","Text alternative for the resource","Plain text narrative that identifies the resource in addition to the resource reference.","This is generally not the same as the Resource.text of the referenced resource.  The purpose is to identify what's being referenced, not to fully describe it.","","","","","","","","",,,,,"",,,,"Reference.display",0,1,"","","N/A"
"List.emptyReason","","","",0,1,"Y","","","CodeableConcept {[]} {[]}
","Why list is empty","If the list is empty, why the list is empty.","The various reasons for an empty list make a significant interpretation to its interpretation. Note that this code is for use when the entire list has been suppressed, and not for when individual items are omitted - implementers may consider using a text note or a flag on an entry in these cases.","Allows capturing things like ""none exist"" or ""not asked"" which can be important for most lists.","","","","","","","",,"required","","https://healthterminologies.gov.au/fhir/ValueSet/non-clinical-empty-reason-1","",,,,"List.emptyReason",0,1,"lst-1
","",".inboundRelationship[typeCode=SUBJ,code<{ListEmptyReason}].value[type=CD]"
