<?xml version="1.0" encoding="UTF-8"?>

<Composition xmlns="http://hl7.org/fhir">
  <id value="98e4b64a-d493-45c1-8102-b3b689da1c15"/>
  <meta>
    <versionId value="20190205"/>
    <profile value="http://ns.electronichealth.net.au/ci/fhir/3.0/StructureDefinition/composition-sml-prac-1"/>
  </meta>
  <language value="en-AU"/>
  <text>
    <status value="additional"/><div xmlns="http://www.w3.org/1999/xhtml" lang="en-AU">
            <h2>Home Medicines Review Report for Mr. Lenny Matterson</h2>
            <table border="1">
               <thead>
                    <tr>
                        <th colspan="1">Patient</th>
                        <th colspan="1">Author</th>
                    </tr>
               </thead>
                <tbody>
                    <tr>
                    <td>
                        <p><b>Name:</b> Mr. Lenny MATTERSON</p>
                        <p><b>Identifiers:</b> IHI: 8003608166895854 and Medicare Number: 5950890021 (expiry May 2019)</p>
                        <p><b>Gender:</b> male</p>
                        <p><b>Birthdate:</b> 6 Feb 1955 6:17AM</p>
                        <p><b>Indigenous status:</b> Aboriginal but not Torres Strait Islander origin</p>
                        <p><b>Languages spoken:</b> Pitjantjatjara</p>
                    </td>
                    <td>
                        <p><b>Name:</b> Mr. Ned DEACON (Retail Pharmacist)</p>
                        <p><b>Identifiers:</b> HPI-I: 8003616566708106 and Medicare Provider Number: 5544887B</p>
                        <p><b>Contact:</b> 0370102020 (work fax)</p>
                        <p><b>Address:</b> 50034 Queen St, Coburg, VIC 3058 (work)</p>
                    </td>
                    </tr>                 
                </tbody>
            </table>
            
            <h3>Medicine summary</h3>
            <p><b>Date:</b> 5 Feb 2019 10:00AM - 5 Feb 2019 11:15AM</p>
            <p><b>Attested by:</b> Mr. Ned DEACON (on 5 Feb 2019)</p>
            <p><b>Document custodian:</b> Big Pharmacy (HPI-O: 8003626566699734)</p>

            <h3>Current Medicines</h3>
            <table border="1">
                <thead>
                    <tr>
                        <th colspan="3" style="text-align:center;">Home Medicines Review</th>
                    </tr>
                    <tr>
                        <th>Date of Interview</th>
                        <th/>
                        <th>General Assessment</th>
                    </tr>
                </thead>
                <tbody>
                    <tr>
                        <td>5 Feb 2019 10:00AM to 11:15AM</td>
                        <td>Home medicines review</td>
                        <td>Patient has his medications packed into blister packs via ABC pharmacy. He finds them easy to use and they promote good adherence to his regime. His Bluecare nurse, Nurse B, was present for the interview. Of the medication listed on the referral, he is not currently taking Aldara 5% cream and Chloramphenicol ointment. In addition to the medication listed on the referral, he is also taking coQ10 150mg tab - 1 nocte.He reports occasional dizziness if he changes position quickly, and does report falling outside in the garden; he wears a falls alarm buzzer. He reports that he generally only experiences chest pain when he becomes stressed (doesn’t like paperwork). His blood pressure at the time of the interview was 158 /76.</td>
                    </tr>                    
                </tbody>
            </table>
            
            <table border="1">
                <thead>
                    <tr>
                        <th colspan="5" style="text-align:center;">Current medicines</th>
                    </tr>
                    <tr>
                        <th>Medicine</th>
                        <th>Directions</th>
                        <th>Medicine purpose</th>
                        <th>Medicine status</th>
                        <th>Status Reason/Comment</th>
                    </tr>
                </thead>
                <tbody>
                    <tr>
                        <td>Amiodarone 200mg tab</td>
                        <td>1 in the morning</td>
                        <td/>
                        <td>Unchanged</td>
                        <td/>
                    </tr>
                    <tr>
                        <td>Bisoprolol 2.5mg tab</td>
                        <td>1/2 tablet in the morning</td>
                        <td/>
                        <td>Unchanged</td>
                        <td/>
                    </tr>
                    <tr>
                        <td>CoQ10 150mg tab</td>
                        <td>1 at night</td>
                        <td/>
                        <td>New</td>
                        <td>In pack – history of Atrial fibrillation</td>
                    </tr>
                </tbody>
            </table>
            <paragraph>Packed medicines: Yes</paragraph>
            
            <h3>Ceased Medicines</h3>
            <table border="1">
                <thead>
                    <tr>
                        <th colspan="2" style="text-align:center;">Current medicines</th>
                    </tr>
                    <tr>
                        <th>Ceased medicine</th>
                        <th>Reason for ceasing</th>
                    </tr>
                </thead>
                <tbody>
                    <tr>
                        <td>Aldara 5% cream (apply as required)</td>
                        <td>Completed 8-week course</td>
                    </tr>
                    <tr>
                        <td>Chloramphenicol 1% eye ointment (apply as required)</td>
                        <td>Stopped due to burning sensation in the eye.</td>
                    </tr>
                </tbody>
            </table>
        </div>
  </text>
  <contained>
    <Patient>
      <id value="1fbd9663-b4cd-4a33-9657-650eca3a6b3f"/>
      <extension url="http://hl7.org.au/fhir/StructureDefinition/indigenous-status">
        <valueCoding>
          <system value="https://healthterminologies.gov.au/fhir/CodeSystem/australian-indigenous-status-1"/>
          <code value="1"/>
          <display value="Aboriginal but not Torres Strait Islander origin"/>
        </valueCoding>
      </extension>
      <identifier>
        <type>
          <coding>
            <system value="http://hl7.org/fhir/v2/0203"/>
            <code value="NI"/>
            <display value="National unique individual identifier"/>
          </coding>
          <text value="IHI"/>
        </type>
        <system value="http://ns.electronichealth.net.au/id/hi/ihi/1.0"/>
        <value value="8003608166895854"/>
      </identifier>
      <identifier>
        <type>
          <coding>
            <system value="http://hl7.org/fhir/v2/0203"/>
            <code value="MC"/>
            <display value="Patient&#39;s Medicare Number"/>
          </coding>
          <text value="Medicare Number"/>
        </type>
        <system value="http://ns.electronichealth.net.au/id/medicare-number"/>
        <value value="5950890021"/>
        <period>
          <end value="2019-05"/>
        </period>
      </identifier>
      <name>
        <family value="MATTERSON"/>
        <given value="Lenny"/>
        <prefix value="Mr."/>
      </name>
      <gender value="male"/>
      <birthDate value="1955-02-06">
        <extension url="http://hl7.org/fhir/StructureDefinition/patient-birthTime">
          <valueDateTime value="1955-02-06T06:17:00+10:00"/>
        </extension>
      </birthDate>
      <communication>
        <language>
          <coding>
            <system value="urn:ietf:bcp:47"/>
            <code value="pjt"/>
            <display value="Pitjantjatjara"/>
          </coding>
        </language>
      </communication>
    </Patient>
  </contained>
  <contained>
    <PractitionerRole>
      <id value="91555386-d478-4e3d-bd3d-ac642ff603c4"/>
      <identifier>
        <type>
          <coding>
            <system value="http://hl7.org/fhir/v2/0203"/>
            <code value="NPI"/>
            <display value="National provider identifier"/>
          </coding>
          <text value="HPI-I"/>
        </type>
        <system value="http://ns.electronichealth.net.au/id/hi/hpii/1.0"/>
        <value value="8003616566708106"/>
      </identifier>
      <identifier>
        <type>
          <coding>
            <system value="http://hl7.org.au/fhir/v2/0203"/>
            <code value="UPIN"/>
          </coding>
          <text value="Medicare Provider Number"/>
        </type>
        <system value="http://ns.electronichealth.net.au/id/medicare-provider-number"/>
        <value value="5544887B"/>
      </identifier>
      <practitioner>
      <!--  reference to contained Practitioner resource  -->
        <reference value="#f9695b57-7502-4f50-bf36-b68a755e9956"/>
      </practitioner>
      <code>
        <coding>
          <system value="http://www.abs.gov.au/ausstats/abs@.nsf/mf/1220.0"/>
          <code value="251513"/>
          <display value="Retail Pharmacist"/>
        </coding>
      </code>
    </PractitionerRole>
  </contained>
  <contained>
    <Practitioner>
      <id value="f9695b57-7502-4f50-bf36-b68a755e9956"/>
      <identifier>
        <type>
          <coding>
            <system value="http://hl7.org/fhir/v2/0203"/>
            <code value="NPI"/>
            <display value="National provider identifier"/>
          </coding>
          <text value="HPI-I"/>
        </type>
        <system value="http://ns.electronichealth.net.au/id/hi/hpii/1.0"/>
        <value value="8003616566708106"/>
      </identifier>
      <name>
        <use value="usual"/>
        <family value="DEACON"/>
        <given value="Ned"/>
        <prefix value="Mr."/>
      </name>
      <telecom>
        <system value="fax"/>
        <value value="0370102020"/>
        <use value="work"/>
      </telecom>
      <address>
        <use value="work"/>
        <text value="50034 Queen St, Coburg, VIC 3058"/>
      </address>
    </Practitioner>
  </contained>
  <contained>
    <Organization>
      <id value="1a8a2450-f190-4511-a24c-a2825a5ae1ee"/>
      <identifier>
        <type>
          <coding>
            <system value="http://hl7.org.au/fhir/v2/0203"/>
            <code value="NOI"/>
          </coding>
          <text value="HPI-O"/>
        </type>
        <system value="http://ns.electronichealth.net.au/id/hi/hpio/1.0"/>
        <value value="8003626566699734"/>
      </identifier>
      <name value="Big Pharmacy"/>
    </Organization>
  </contained>
  <contained>
    <Encounter>
      <id value="c97d9869-3d3b-4612-958d-7af2c1ffd1da"/>
      <extension url="http://hl7.org.au/fhir/StructureDefinition/encounter-description">
        <valueString value="Patient has his medications packed into blister packs via ABC pharmacy. He finds them easy to use and they promote good adherence to his regime. His Bluecare nurse, Nurse B, was present for the interview. Of the medication listed on the referral, he is not currently taking Aldara 5% cream and Chloramphenicol ointment. In addition to the medication listed on the referral, he is also taking coQ10 150mg tab - 1 nocte.He reports occasional dizziness if he changes position quickly, and does report falling outside in the garden; he wears a falls alarm buzzer. He reports that he generally only experiences chest pain when he becomes stressed (doesn&#x2019;t like paperwork). His blood pressure at the time of the interview was 158 /76."/>
      </extension>
      <status value="finished"/>
      <class>
        <system value="http://hl7.org/fhir/v3/ActCode"/>
        <code value="HH"/>
        <display value="home health"/>
      </class>
      <type>
        <coding>
          <system value="http://snomed.info/sct"/>
          <code value="1348931000168107"/>
          <display value="Home medicines review"/>
        </coding>
        <text value="Home medicines review"/>
      </type>
      <subject>
      <!--  reference to contained Patient resource  -->
        <reference value="#1fbd9663-b4cd-4a33-9657-650eca3a6b3f"/>
      </subject>
      <period>
        <start value="2019-02-05T10:00:00+10:00"/>
        <end value="2019-02-05T11:15:00+10:00"/>
      </period>
    </Encounter>
  </contained>
  <contained>
    <List>
      <id value="05ed5a63-70ab-4dfb-820c-4be0d79bb0d3"/>
      <language value="en-AU"/>
      <extension url="http://hl7.org.au/fhir/StructureDefinition/author-role">
        <valueReference>
          <reference value="#91555386-d478-4e3d-bd3d-ac642ff603c4"/>
        </valueReference>
      </extension>
      <status value="current"/>
      <mode value="snapshot"/>
      <code>
        <coding>
          <system value="https://healthterminologies.gov.au/fhir/CodeSystem/nctis-data-components-1"/>
          <code value="101.32009"/>
          <display value="Current Medicines"/>
        </coding>
      </code>
      <subject>
      <!--  reference to contained Patient resource  -->
        <reference value="#1fbd9663-b4cd-4a33-9657-650eca3a6b3f"/>
      </subject>
      <encounter>
        <reference value="#c97d9869-3d3b-4612-958d-7af2c1ffd1da"/>
      </encounter>
      <date value="2019-02-05"/>
      <source>
      <!--  reference to contained Practitioner resource  -->
        <reference value="#f9695b57-7502-4f50-bf36-b68a755e9956"/>
      </source>
      <note>
        <text value="Packed medicines: Yes"/>
      </note>
      <entry>
        <flag>
          <coding>
            <system value="http://hl7.org.au/fhir/CodeSystem/medicine-item-change"/>
            <code value="nochange"/>
            <display value="Unchanged"/>
          </coding>
        </flag>
        <item>
        <!--  reference to contained MedicationStatement resource #1  -->
          <reference value="#b8353097-2f90-4397-95e0-b7c6f809b0eb"/>
        </item>
      </entry>
      <entry>
        <flag>
          <coding>
            <system value="http://hl7.org.au/fhir/CodeSystem/medicine-item-change"/>
            <code value="nochange"/>
            <display value="Unchanged"/>
          </coding>
        </flag>
        <item>
        <!--  reference to contained MedicationStatement resource #2  -->
          <reference value="#5cde18e4-2b6b-4081-9382-e37abdec5890"/>
        </item>
      </entry>
      <entry>
        <extension url="http://hl7.org.au/fhir/StructureDefinition/change-description">
          <valueString value="New finding of Atrial fibrillation"/>
        </extension>
        <flag>
          <coding>
            <system value="http://hl7.org.au/fhir/CodeSystem/medicine-item-change"/>
            <code value="new"/>
            <display value="New"/>
          </coding>
        </flag>
        <item>
        <!--  reference to contained MedicationStatement resource #3  -->
          <reference value="#466c4379-3133-4498-ba33-94610ef35845"/>
        </item>
      </entry>
    </List>
  </contained>
  <contained>
    <MedicationStatement>
      <id value="b8353097-2f90-4397-95e0-b7c6f809b0eb"/>
      <status value="active"/>
      <medicationReference>
      <!--  reference to contained Medication resource  -->
        <reference value="#c75149aa-8bdd-401b-a234-3e533991cd92"/>
      </medicationReference>
      <subject>
      <!--  reference to contained Patient resource  -->
        <reference value="#1fbd9663-b4cd-4a33-9657-650eca3a6b3f"/>
      </subject>
      <taken value="y"/>
      <dosage>
        <text value="1 in the morning"/>
      </dosage>
    </MedicationStatement>
  </contained>
  <contained>
    <Medication>
      <id value="c75149aa-8bdd-401b-a234-3e533991cd92"/>
      <code>
        <text value="Amiodarone 200mg tab"/>
      </code>
    </Medication>
  </contained>
  <contained>
    <MedicationStatement>
      <id value="5cde18e4-2b6b-4081-9382-e37abdec5890"/>
      <status value="active"/>
      <medicationReference>
      <!--  reference to contained Medication resource  -->
        <reference value="#8a484362-afb0-4c28-b40b-d1a2ae677de3"/>
      </medicationReference>
      <subject>
      <!--  reference to contained Patient resource  -->
        <reference value="#1fbd9663-b4cd-4a33-9657-650eca3a6b3f"/>
      </subject>
      <taken value="y"/>
      <dosage>
        <text value="1/2 tablet in the morning"/>
      </dosage>
    </MedicationStatement>
  </contained>
  <contained>
    <Medication>
      <id value="8a484362-afb0-4c28-b40b-d1a2ae677de3"/>
      <code>
        <coding>
          <system value="http://snomed.info/sct"/>
          <code value="23281011000036106"/>
          <display value="bisoprolol fumarate 2.5 mg tablet"/>
        </coding>
        <text value="Bisoprolol 2.5mg tab"/>
      </code>
    </Medication>
  </contained>
  <contained>
    <MedicationStatement>
      <id value="466c4379-3133-4498-ba33-94610ef35845"/>
      <status value="intended"/>
      <medicationReference>
      <!--  reference to contained Medication resource  -->
        <reference value="#cd5a6cac-f6e5-4aa8-b497-6b0e903442cd"/>
      </medicationReference>
      <subject>
      <!--  reference to contained Patient resource  -->
        <reference value="#1fbd9663-b4cd-4a33-9657-650eca3a6b3f"/>
      </subject>
      <taken value="y"/>
      <dosage>
        <text value="1 at night"/>
      </dosage>
    </MedicationStatement>
  </contained>
  <contained>
    <Medication>
      <id value="cd5a6cac-f6e5-4aa8-b497-6b0e903442cd"/>
      <code>
        <coding>
          <system value="http://snomed.info/sct"/>
          <code value="920941011000036100"/>
          <display value="CoQ10 (Blackmores)"/>
        </coding>
        <text value="CoQ10 150mg tab"/>
      </code>
    </Medication>
  </contained>
  <contained>
    <List>
      <id value="c0c68add-8f8f-472e-98f3-ffcb0b6e016b"/>
      <meta>
        <profile value="http://ns.electronichealth.net.au/ci/fhir/3.0/StructureDefinition/list-sml-pracchanges-1"/>
      </meta>
      <language value="en-AU"/>
      <extension url="http://hl7.org.au/fhir/StructureDefinition/author-role">
        <valueReference>
          <reference value="#91555386-d478-4e3d-bd3d-ac642ff603c4"/>
        </valueReference>
      </extension>
      <status value="current"/>
      <mode value="snapshot"/>
      <code>
        <coding>
          <system value="https://healthterminologies.gov.au/fhir/CodeSystem/nctis-data-components-1"/>
          <code value="101.32027"/>
          <display value="Ceased Medicines"/>
        </coding>
      </code>
      <subject>
      <!--  reference to contained Patient resource  -->
        <reference value="#1fbd9663-b4cd-4a33-9657-650eca3a6b3f"/>
      </subject>
      <date value="2019-02-05"/>
      <source>
      <!--  reference to contained Practitioner resource  -->
        <reference value="#f9695b57-7502-4f50-bf36-b68a755e9956"/>
      </source>
      <entry>
        <extension url="http://hl7.org.au/fhir/StructureDefinition/change-description">
          <valueString value="Completed 8-week course"/>
        </extension>
        <flag>
          <coding>
            <system value="http://hl7.org.au/fhir/CodeSystem/medicine-item-change"/>
            <code value="ceased"/>
            <display value="Ceased"/>
          </coding>
        </flag>
        <item>
        <!--  reference to contained MedicationStatement resource #4  -->
          <reference value="#99d5fa08-35cd-47cc-9728-896476791b15"/>
        </item>
      </entry>
      <entry>
        <extension url="http://hl7.org.au/fhir/StructureDefinition/change-description">
          <valueString value="Stopped due to burning sensation in the eye."/>
        </extension>
        <flag>
          <coding>
            <system value="http://hl7.org.au/fhir/CodeSystem/medicine-item-change"/>
            <code value="ceased"/>
            <display value="Ceased"/>
          </coding>
        </flag>
        <item>
        <!--  reference to contained MedicationStatement resource #5  -->
          <reference value="#c753dc46-f390-47c5-8760-241a3242279f"/>
        </item>
      </entry>
    </List>
  </contained>
  <contained>
    <MedicationStatement>
      <id value="99d5fa08-35cd-47cc-9728-896476791b15"/>
      <status value="completed"/>
      <medicationReference>
      <!--  reference to contained Medication resource #4  -->
        <reference value="#84d6b33a-ffe3-42e1-8a97-2f32c611d1ed"/>
      </medicationReference>
      <subject>
      <!--  reference to contained Patient resource  -->
        <reference value="#1fbd9663-b4cd-4a33-9657-650eca3a6b3f"/>
      </subject>
      <taken value="y"/>
      <dosage>
        <text value="apply as required"/>
      </dosage>
    </MedicationStatement>
  </contained>
  <contained>
    <Medication>
      <id value="84d6b33a-ffe3-42e1-8a97-2f32c611d1ed"/>
      <code>
        <coding>
          <system value="http://snomed.info/sct"/>
          <code value="119411000036106"/>
          <display value="Aldara 5% cream"/>
        </coding>
        <text value="Aldara 5% cream"/>
      </code>
    </Medication>
  </contained>
  <contained>
    <MedicationStatement>
      <id value="c753dc46-f390-47c5-8760-241a3242279f"/>
      <status value="completed"/>
      <medicationReference>
      <!--  reference to contained Medication resource #5  -->
        <reference value="#f33a47d5-bc8f-4013-ae1e-53b0cf5e26ed"/>
      </medicationReference>
      <subject>
      <!--  reference to contained Patient resource  -->
        <reference value="#1fbd9663-b4cd-4a33-9657-650eca3a6b3f"/>
      </subject>
      <taken value="y"/>
      <dosage>
        <text value="apply as required"/>
      </dosage>
    </MedicationStatement>
  </contained>
  <contained>
    <Medication>
      <id value="f33a47d5-bc8f-4013-ae1e-53b0cf5e26ed"/>
      <code>
        <coding>
          <system value="http://snomed.info/sct"/>
          <code value="22717011000036101"/>
          <display value="chloramphenicol 1% eye ointment"/>
        </coding>
        <text value="Chloramphenicol 1% eye ointment"/>
      </code>
    </Medication>
  </contained>
  <extension url="http://hl7.org.au/fhir/StructureDefinition/composition-author-role">
    <valueReference>
    <!--  reference to contained PractitionerRole resource  -->
      <reference value="#91555386-d478-4e3d-bd3d-ac642ff603c4"/>
    </valueReference>
  </extension>
  <status value="final"/>
  <type>
    <coding>
      <system value="http://loinc.org"/>
      <code value="56445-0"/>
      <display value="Medication summary Document"/>
    </coding>
    <text value="Medication summary"/>
  </type>
  <subject>
  <!--  reference to contained Patient resource  -->
    <reference value="#1fbd9663-b4cd-4a33-9657-650eca3a6b3f"/>
  </subject>
  <encounter>
  <!--  reference to contained Encounter resource  -->
    <reference value="#c97d9869-3d3b-4612-958d-7af2c1ffd1da"/>
  </encounter>
  <date value="2019-02-05"/>
  <author>
  <!--  reference to contained Author resource  -->
    <reference value="#f9695b57-7502-4f50-bf36-b68a755e9956"/>
  </author>
  <title value="Home Medicines Review Report for Mr. Lenny Matterson"/>
  <attester>
    <mode value="legal"/>
    <time value="2019-02-05"/>
    <party>
    <!--  reference to contained Practitioner resource  -->
      <reference value="#f9695b57-7502-4f50-bf36-b68a755e9956"/>
    </party>
  </attester>
  <custodian>
  <!--  reference to contained Organization resource  -->
    <reference value="#1a8a2450-f190-4511-a24c-a2825a5ae1ee"/>
  </custodian>
<!--  CURRENT MEDICINES SECTION  -->
  <section>
    <title value="Current Medicines"/>
    <code>
      <coding>
        <system value="https://healthterminologies.gov.au/fhir/CodeSystem/nctis-data-components-1"/>
        <code value="101.32009"/>
        <display value="Current Medicines"/>
      </coding>
    </code>
    <text>
      <status value="extensions"/><div xmlns="http://www.w3.org/1999/xhtml" lang="en-AU">
                <table border="1">
                    <caption>Home Medicines Review</caption>
                    <thead>
                        <tr>
                            <th>Date of Interview</th>
                            <th/>
                            <th>General Assessment</th>
                        </tr>
                    </thead>
                    <tbody>
                        <tr>
                            <td>5 Feb 2019 10:00AM - 5 Feb 2019 11:15AM</td>
                            <td>Home medicines review</td>
                            <td>Patient has his medications packed into blister packs via ABC pharmacy. He finds them easy to use and they promote good adherence to his regime. His Bluecare nurse, Nurse B, was present for the interview. Of the medication listed on the referral, he is not currently taking Aldara 5% cream and Chloramphenicol ointment. In addition to the medication listed on the referral, he is also taking coQ10 150mg tab - 1 nocte.He reports occasional dizziness if he changes position quickly, and does report falling outside in the garden; he wears a falls alarm buzzer. He reports that he generally only experiences chest pain when he becomes stressed (doesn’t like paperwork). His blood pressure at the time of the interview was 158 /76.</td>
                        </tr>
                    </tbody>
                </table>
                <table border="1">
                    <caption>Current Medicines</caption>
                    <thead>
                        <tr>
                            <th>Medicine</th>
                            <th>Directions</th>
                            <th>Medicine purpose</th>
                            <th>Medicine status</th>
                            <th>Status Reason/Comment</th>
                        </tr>
                    </thead>
                    <tbody>
                        <tr>
                            <td>Amiodarone 200mg tab</td>
                            <td>1 in the morning</td>
                            <td/>
                            <td>Unchanged</td>
                            <td/>
                        </tr>
                        <tr>
                            <td>Bisoprolol 2.5mg tab</td>
                            <td>1/2 tablet in the morning</td>
                            <td/>
                            <td>Unchanged</td>
                            <td/>
                        </tr>
                        <tr>
                            <td>CoQ10 150mg tab</td>
                            <td>1 at night</td>
                            <td/>
                            <td>New</td>
                            <td>In pack – new finding of Atrial fibrillation</td>
                        </tr>
                    </tbody>
                </table>
                <p>Packed medicines: Yes</p>
            </div>
    </text>
    <entry>
    <!--  reference to contained List resource #1  -->
      <reference value="#05ed5a63-70ab-4dfb-820c-4be0d79bb0d3"/>
    </entry>
  </section>
<!--  CEASED MEDICINES SECTION  -->
  <section>
    <title value="Ceased medicines"/>
    <code>
      <coding>
        <system value="https://healthterminologies.gov.au/fhir/CodeSystem/nctis-data-components-1"/>
        <code value="101.32027"/>
        <display value="Ceased Medicines"/>
      </coding>
    </code>
    <text>
      <status value="extensions"/><div xmlns="http://www.w3.org/1999/xhtml" lang="en-AU">
                <table border="1">
                    <caption>Ceased medicines</caption>
                    <thead>
                        <tr>
                            <th>Ceased medicine</th>
                            <th>Reason for ceasing</th>
                        </tr>
                    </thead>
                    <tbody>
                        <tr>
                            <td>Aldara 5% cream (apply as required)</td>
                            <td>Completed 8-week course</td>
                        </tr>
                        <tr>
                            <td>Chloramphenicol 1% eye ointment (apply as required)</td>
                            <td>Stopped due to burning sensation in the eye.</td>
                        </tr>
                    </tbody>
                </table>
            </div>
    </text>
    <entry>
    <!--  reference to contained List resource #2  -->
      <reference value="#c0c68add-8f8f-472e-98f3-ffcb0b6e016b"/>
    </entry>
  </section>
</Composition>