<?xml version="1.0" encoding="UTF-8"?>

<Medication xmlns="http://hl7.org/fhir">
  <id value="b2169d6e-8664-11e9-bc42-526af7764f64"/>
  <meta>
    <profile value="http://hl7.org.au/fhir/StructureDefinition/au-medication"/>
  </meta>
  <text>
    <status value="generated"/><div xmlns="http://www.w3.org/1999/xhtml"><p><b>Generated Narrative with Details</b></p><p><b>id</b>: b2169d6e-8664-11e9-bc42-526af7764f64</p><p><b>meta</b>: </p><p><b>code</b>: Ibuprofen <span style="background: LightGoldenRodYellow">(Details : {SNOMED CT code '21885011000036105' = '21885011000036105)</span></p></div>
  </text>
  <code>
  <!--   Ibuprofen -->
    <coding>
      <extension url="http://hl7.org.au/fhir/StructureDefinition/medication-type">
        <valueCoding>
          <system value="http://hl7.org.au/fhir/CodeSystem/medication-type"/>
          <code value="UPDSF"/>
          <display value="Unbranded product with strengths and form"/>
        </valueCoding>
      </extension>
      <system value="http://snomed.info/sct"/>
      <code value="21885011000036105"/>
    </coding>
    <text value="Ibuprofen"/>
  </code>
</Medication>