<?xml version="1.0" encoding="UTF-8"?>

<MedicationStatement xmlns="http://hl7.org/fhir">
  <id value="ef09cbec-8637-11e9-bc42-526af7764f64"/>
  <meta>
    <profile value="http://ns.electronichealth.net.au/ci/fhir/3.0/StructureDefinition/medicationstatement-detailed-1"/>
  </meta>
  <text>
    <status value="generated"/><div xmlns="http://www.w3.org/1999/xhtml"><p><b>Generated Narrative with Details</b></p><p><b>id</b>: ef09cbec-8637-11e9-bc42-526af7764f64</p><p><b>meta</b>: </p><p><b>status</b>: active</p><p><b>medication</b>: <a href="Medication-a1f99f90-8631-11e9-bc42-526af7764f64.html">Generated Summary: id: a1f99f90-8631-11e9-bc42-526af7764f64; <span title="Codes: {http://snomed.info/sct 23358011000036102}">Metformin 500mg tablet</span></a></p><p><b>dateAsserted</b>: 11/12/2018</p><p><b>subject</b>: <a href="Patient-55a2e4fc-8321-11e9-bc42-526af7764f64.html">Generated Summary: id: 55a2e4fc-8321-11e9-bc42-526af7764f64; National unique individual identifier = 8003608500062732; Frank Harding ; gender: male</a></p><p><b>taken</b>: y</p><p><b>reasonCode</b>: Reduce blood sugar <span style="background: LightGoldenRodYellow">(Details )</span></p><p><b>dosage</b>: </p></div>
  </text>
  <status value="active"/>
  <medicationReference>
    <reference value="Medication/a1f99f90-8631-11e9-bc42-526af7764f64"/>
  </medicationReference>
  <dateAsserted value="2018-12-11"/>
  <subject>
    <reference value="Patient/55a2e4fc-8321-11e9-bc42-526af7764f64"/>
  </subject>
  <taken value="y"/>
  <reasonCode>
    <text value="Reduce blood sugar"/>
  </reasonCode>
  <dosage>
    <text value="One tablet twice a day"/>
  </dosage>
</MedicationStatement>