<?xml version="1.0" encoding="UTF-8"?>

<MedicationStatement xmlns="http://hl7.org/fhir">
  <id value="17affe2a-6496-437d-8d1a-22baae41a5ae"/>
  <meta>
    <profile value="http://ns.electronichealth.net.au/ci/fhir/3.0/StructureDefinition/medicationstatement-detailed-1"/>
  </meta>
  <text>
    <status value="generated"/><div xmlns="http://www.w3.org/1999/xhtml"><p><b>Generated Narrative with Details</b></p><p><b>id</b>: 17affe2a-6496-437d-8d1a-22baae41a5ae</p><p><b>meta</b>: </p><p><b>status</b>: completed</p><p><b>medication</b>: <a href="Medication-37c3cb4d-37cd-4e4e-985f-d1b8fd44fbb7.html">Generated Summary: id: 37c3cb4d-37cd-4e4e-985f-d1b8fd44fbb7; <span title="Codes: {http://snomed.info/sct 22464011000036101}">Paracetamol 500 mg tablet</span></a></p><p><b>effective</b>: ?? --&gt; 01/12/2018 12:00:00 AM</p><p><b>dateAsserted</b>: 11/12/2018</p><p><b>subject</b>: <a href="Patient-43acc1fd-9f9d-4f2f-8649-c290ac7ff847.html">Generated Summary: id: 43acc1fd-9f9d-4f2f-8649-c290ac7ff847; National unique individual identifier = 8003608666701594; Frank Goodpatient ; gender: male; birthDate: 24/03/1981</a></p><p><b>taken</b>: y</p><p><b>dosage</b>: </p></div>
  </text>
  <status value="completed"/>
  <medicationReference>
    <reference value="Medication/37c3cb4d-37cd-4e4e-985f-d1b8fd44fbb7"/>
  </medicationReference>
  <effectivePeriod>
    <end value="2018-12"/>
  </effectivePeriod>
  <dateAsserted value="2018-12-11"/>
  <subject>
    <reference value="Patient/43acc1fd-9f9d-4f2f-8649-c290ac7ff847"/>
  </subject>
  <taken value="y"/>
  <dosage>
    <text value="Two tablets every 4-6 hours when required"/>
  </dosage>
</MedicationStatement>