{
  "resourceType": "RelatedPerson",
  "id": "9c44a0e9-4c8e-4c52-bdbd-9c38e4714bc6",
  "meta": {
    "profile": [
      "http://ns.electronichealth.net.au/ci/fhir/3.0/StructureDefinition/relatedperson-ihi-1"
    ]
  },
  "text": {
    "status": "generated",
    "div": "<div xmlns=\"http://www.w3.org/1999/xhtml\"><p><b>Generated Narrative with Details</b></p><p><b>id</b>: 9c44a0e9-4c8e-4c52-bdbd-9c38e4714bc6</p><p><b>meta</b>: </p><p><b>identifier</b>: National unique individual identifier = 8003608833357361</p><p><b>patient</b>: <a href=\"Patient-82ea927e-9e84-4b65-ba04-baade2b93137.html\">Generated Summary: id: 82ea927e-9e84-4b65-ba04-baade2b93137; National unique individual identifier = 8003608833357361; gender: male</a></p><p><b>relationship</b>: grandfather <span style=\"background: LightGoldenRodYellow\">(Details : {http://hl7.org/fhir/v3/RoleCode code 'GRFTH' = 'grandfather', given as 'grandfather'})</span></p><p><b>name</b>: Terry Sampelr</p></div>"
  },
  "identifier": [
    {
      "type": {
        "coding": [
          {
            "system": "http://hl7.org/fhir/v2/0203",
            "code": "NI",
            "display": "National unique individual identifier"
          }
        ]
      },
      "system": "http://ns.electronichealth.net.au/id/hi/ihi/1.0",
      "value": "8003608833357361"
    }
  ],
  "patient": {
    "reference": "Patient/82ea927e-9e84-4b65-ba04-baade2b93137"
  },
  "relationship": {
    "coding": [
      {
        "system": "http://hl7.org/fhir/v3/RoleCode",
        "code": "GRFTH",
        "display": "grandfather"
      }
    ]
  },
  "name": [
    {
      "text": "Terry Sampelr"
    }
  ]
}