<?xml version="1.0" encoding="UTF-8"?>

<ImplementationGuide xmlns="http://hl7.org/fhir">
  <id value="implementationguide-advancecarerecords-1"/>
  <language value="en-AU"/>
  <text>
    <status value="generated"/><div xmlns="http://www.w3.org/1999/xhtml"><h2>Advance Care Records</h2><p>The official URL for this implementation guide is: </p><pre>http://ns.electronichealth.net.au/ci/fhir/3.0/ImplementationGuide/implementationguide-advancecarerecords-1</pre><div><p>Australian realm implementation guide of the FHIR specification to represent Advance Care records in the My Health Record system and related applications.</p>
</div></div>
  </text>
  <url value="http://ns.electronichealth.net.au/ci/fhir/3.0/ImplementationGuide/implementationguide-advancecarerecords-1"/>
  <version value="1.0.0"/>
  <name value="Advance Care Records"/>
  <status value="draft"/>
  <experimental value="true"/>
  <publisher value="Australian Digital Health Agency"/>
  <contact>
    <telecom>
      <system value="email"/>
      <value value="help@digitalhealth.gov.au"/>
    </telecom>
  </contact>
  <description value="Australian realm implementation guide of the FHIR specification to represent Advance Care records in the My Health Record system and related applications."/>
  <copyright value="Copyright &#xA9; 2019 Australian Digital Health Agency - All rights reserved. This content is licensed under a Creative Commons Attribution 4.0 International License. See https://creativecommons.org/licenses/by/4.0/."/>
  <fhirVersion value="3.0.1"/>
  <package id="p1">
    <name value="ACR"/>
    <resource>
      <extension url="http://hl7.org/fhir/StructureDefinition/implementationguide-page">
        <valueUri value="StructureDefinition-composition-acp-1.html"/>
      </extension>
      <example value="false"/>
      <name value="composition-acp-1"/>
      <description value="The purpose of this profile is to define a representation of an Advance Care Planning document that includes an attached Advance Care Plan for a patient in an Australian healthcare context."/>
      <sourceReference>
        <reference value="StructureDefinition/composition-acp-1"/>
      </sourceReference>
    </resource>
    <resource>
      <extension url="http://hl7.org/fhir/StructureDefinition/implementationguide-page">
        <valueUri value="StructureDefinition-documentreference-acp-1.html"/>
      </extension>
      <example value="false"/>
      <name value="documentreference-acp-1"/>
      <description value="The purpose of this profile is to define a representation of a document reference of an attached Advance Care Plan for a patient in an Australian healthcare context."/>
      <sourceReference>
        <reference value="StructureDefinition/documentreference-acp-1"/>
      </sourceReference>
    </resource>
    <resource>
      <extension url="http://hl7.org/fhir/StructureDefinition/implementationguide-page">
        <valueUri value="StructureDefinition-patient-dh-base-1.html"/>
      </extension>
      <example value="false"/>
      <name value="patient-dh-base-1"/>
      <description value="The Agency Patient profile, as derived from the HL7 AU patient profile."/>
      <sourceReference>
        <reference value="StructureDefinition/patient-dh-base-1"/>
      </sourceReference>
    </resource>
    <resource>
      <extension url="http://hl7.org/fhir/StructureDefinition/implementationguide-page">
        <valueUri value="StructureDefinition-patient-ident-1.html"/>
      </extension>
      <example value="false"/>
      <name value="patient-ident-1"/>
      <description value="The Agency Patient profile, as derived from the HL7 AU patient profile with mandatory identifier."/>
      <sourceReference>
        <reference value="StructureDefinition/patient-ident-1"/>
      </sourceReference>
    </resource>
    <resource>
      <extension url="http://hl7.org/fhir/StructureDefinition/implementationguide-page">
        <valueUri value="StructureDefinition-relatedperson-dh-base-1.html"/>
      </extension>
      <example value="false"/>
      <name value="relatedperson-dh-base-1"/>
      <description value="The Agency RelatedPerson profile, as derived from the STU3 RelatedPerson resource."/>
      <sourceReference>
        <reference value="StructureDefinition/relatedperson-dh-base-1"/>
      </sourceReference>
    </resource>
    <resource>
      <extension url="http://hl7.org/fhir/StructureDefinition/implementationguide-page">
        <valueUri value="StructureDefinition-relatedperson-ident-1.html"/>
      </extension>
      <example value="false"/>
      <name value="relatedperson-ident-1"/>
      <description value="The Agency RelatedPerson profile, as derived from the STU3 RelatedPerson resource with a mandatory identifier."/>
      <sourceReference>
        <reference value="StructureDefinition/relatedperson-ident-1"/>
      </sourceReference>
    </resource>
    <resource>
      <extension url="http://hl7.org/fhir/StructureDefinition/implementationguide-page">
        <valueUri value="StructureDefinition-organization-dh-base-1.html"/>
      </extension>
      <example value="false"/>
      <name value="organization-dh-base-1"/>
      <description value="The Agency Organization profile, as derived from the HL7 AU Organization profile."/>
      <sourceReference>
        <reference value="StructureDefinition/organization-dh-base-1"/>
      </sourceReference>
    </resource>
    <resource>
      <extension url="http://hl7.org/fhir/StructureDefinition/implementationguide-page">
        <valueUri value="StructureDefinition-organization-ident-1.html"/>
      </extension>
      <example value="false"/>
      <name value="organization-ident-1"/>
      <description value="The Agency Organization profile, as derived from the HL7 AU Organization profile with a mandatory identifier."/>
      <sourceReference>
        <reference value="StructureDefinition/organization-ident-1"/>
      </sourceReference>
    </resource>
    <resource>
      <extension url="http://hl7.org/fhir/StructureDefinition/implementationguide-page">
        <valueUri value="StructureDefinition-practitioner-dh-base-1.html"/>
      </extension>
      <example value="false"/>
      <name value="practitioner-dh-base-1"/>
      <description value="The Agency Practitioner profile, as derived from the HL7 AU Practitioner profile."/>
      <sourceReference>
        <reference value="StructureDefinition/practitioner-dh-base-1"/>
      </sourceReference>
    </resource>
    <resource>
      <extension url="http://hl7.org/fhir/StructureDefinition/implementationguide-page">
        <valueUri value="StructureDefinition-practitioner-ident-1.html"/>
      </extension>
      <example value="false"/>
      <name value="practitioner-ident-1"/>
      <description value="The Agency Practitioner profile, as derived from the HL7 AU Practitioner profile with a mandatory identifier."/>
      <sourceReference>
        <reference value="StructureDefinition/practitioner-ident-1"/>
      </sourceReference>
    </resource>
    <resource>
      <extension url="http://hl7.org/fhir/StructureDefinition/implementationguide-page">
        <valueUri value="StructureDefinition-practitionerrole-dh-base-1.html"/>
      </extension>
      <example value="false"/>
      <name value="practitionerrole-dh-base-1"/>
      <description value="The Agency Practitioner Role profile, as derived from the HL7 AU PractitionerRole profile."/>
      <sourceReference>
        <reference value="StructureDefinition/practitionerrole-dh-base-1"/>
      </sourceReference>
    </resource>
    <resource>
      <extension url="http://hl7.org/fhir/StructureDefinition/implementationguide-page">
        <valueUri value="StructureDefinition-practitionerrole-withpractitionerident-1.html"/>
      </extension>
      <example value="false"/>
      <name value="practitionerrole-withpractitionerident-1"/>
      <description value="The Agency Practitioner Role profile, as derived from the HL7 AU PractitionerRole profile with a mandatory identifier."/>
      <sourceReference>
        <reference value="StructureDefinition/practitionerrole-withpractitionerident-1"/>
      </sourceReference>
    </resource>
    <resource>
      <extension url="http://hl7.org/fhir/StructureDefinition/implementationguide-page">
        <valueUri value="StructureDefinition-humanname-dh-base-1.html"/>
      </extension>
      <example value="false"/>
      <name value="humanname-dh-base-1"/>
      <description value="The Agency Human Name profile of the [HumanName](http://hl7.org/fhir/stu3/datatypes.html#HumanName) data type."/>
      <sourceReference>
        <reference value="StructureDefinition/humanname-dh-base-1"/>
      </sourceReference>
    </resource>
    <resource>
      <extension url="http://hl7.org/fhir/StructureDefinition/implementationguide-page">
        <valueUri value="Composition-1840e786-bbd7-4abe-af3e-aa6e7f74c3f2.html"/>
      </extension>
      <example value="true"/>
      <name value="ACP example 1"/>
      <description value="ACP example 1 (contained)"/>
      <sourceReference>
        <reference value="Composition/1840e786-bbd7-4abe-af3e-aa6e7f74c3f2"/>
      </sourceReference>
    </resource>
    <resource>
      <extension url="http://hl7.org/fhir/StructureDefinition/implementationguide-page">
        <valueUri value="Composition-28bbf331-07d0-44a4-9d0b-927e83f483ec.html"/>
      </extension>
      <example value="true"/>
      <name value="ACP example 2"/>
      <description value="ACP example 2 (contained)"/>
      <sourceReference>
        <reference value="Composition/28bbf331-07d0-44a4-9d0b-927e83f483ec"/>
      </sourceReference>
    </resource>
    <resource>
      <extension url="http://hl7.org/fhir/StructureDefinition/implementationguide-page">
        <valueUri value="Composition-3354a586-67ce-4038-bc62-9d226cac0d83.html"/>
      </extension>
      <example value="true"/>
      <name value="ACP example 3"/>
      <description value="ACP example 3 (contained)"/>
      <sourceReference>
        <reference value="Composition/3354a586-67ce-4038-bc62-9d226cac0d83"/>
      </sourceReference>
    </resource>
  </package>
  <page>
    <source value="index.html"/>
    <title value="Australian Digital Health Agency Advance Care Records FHIR Implementation Guide"/>
    <kind value="page"/>
  </page>
</ImplementationGuide>