<?xml version="1.0" encoding="UTF-8"?>

<Patient xmlns="http://hl7.org/fhir">
  <id value="f9459ed3-d7ba-406f-83a1-71ed8a8ee3f8"/>
  <meta>
    <profile value="http://ns.electronichealth.net.au/ci/fhir/3.0/StructureDefinition/patient-ident-1"/>
  </meta>
  <text>
    <status value="generated"/><div xmlns="http://www.w3.org/1999/xhtml"><p><b>Generated Narrative with Details</b></p><p><b>id</b>: f9459ed3-d7ba-406f-83a1-71ed8a8ee3f8</p><p><b>meta</b>: </p><p><b>identifier</b>: National unique individual identifier = 8003608833357361</p><p><b>name</b>: Adam A. Everyman(OFFICIAL), Damo </p><p><b>gender</b>: male</p><p><b>generalPractitioner</b>: <a href="Practitioner-4af51762-11cd-4bd6-8212-d6b1dc85696e.html">Generated Summary: id: 4af51762-11cd-4bd6-8212-d6b1dc85696e; HPI-I = 8003619900015717; Peter Chalmers (OFFICIAL)</a></p><p><b>managingOrganization</b>: <a href="Organization-1d224e6d-9d2b-48ad-9f75-2bbde3c5dd63.html">Generated Summary: id: 1d224e6d-9d2b-48ad-9f75-2bbde3c5dd63; ABN = 51824754455; name: Devonport Family Medicine Clinic; reception@example.dfmc.com.au(WORK), fax: (03) 8543 5557(WORK), ph: (03) 8543 5556(WORK)</a></p></div>
  </text>
  <identifier>
    <type>
      <coding>
        <system value="http://hl7.org/fhir/v2/0203"/>
        <code value="NI"/>
        <display value="National unique individual identifier"/>
      </coding>
    </type>
    <system value="http://ns.electronichealth.net.au/id/hi/ihi/1.0"/>
    <value value="8003608833357361"/>
  </identifier>
  <name>
    <use value="official"/>
    <text value="Adam A. Everyman"/>
    <family value="Everyman"/>
    <given value="Adam"/>
    <given value="A."/>
  </name>
  <name>
    <use value="usual"/>
    <given value="Damo"/>
  </name>
  <gender value="male"/>
  <generalPractitioner>
    <reference value="Practitioner/4af51762-11cd-4bd6-8212-d6b1dc85696e"/>
  </generalPractitioner>
  <managingOrganization>
    <reference value="Organization/1d224e6d-9d2b-48ad-9f75-2bbde3c5dd63"/>
  </managingOrganization>
</Patient>