<?xml version="1.0" encoding="UTF-8"?>

<AllergyIntolerance xmlns="http://hl7.org/fhir">
  <id value="fab01e0d-260e-4acc-9b22-a18d1dc88333"/>
  <meta>
    <profile value="http://ns.electronichealth.net.au/ci/fhir/3.0/StructureDefinition/allergyintolerance-summary-1"/>
  </meta>
  <text>
    <status value="generated"/><div xmlns="http://www.w3.org/1999/xhtml"><p><b>Generated Narrative with Details</b></p><p><b>id</b>: fab01e0d-260e-4acc-9b22-a18d1dc88333</p><p><b>meta</b>: </p><p><b>clinicalStatus</b>: active</p><p><b>verificationStatus</b>: unconfirmed</p><p><b>code</b>: No known allergy <span style="background: LightGoldenRodYellow">(Details : {SNOMED CT code '716186003' = 'No known allergy', given as 'No known allergy'})</span></p><p><b>patient</b>: <a href="Patient-47aa2cc5-5f17-44b5-9360-9e9df03973a6.html">Generated Summary: id: 47aa2cc5-5f17-44b5-9360-9e9df03973a6; National unique individual identifier = 8003608833357361; Verily GoodPatient ; gender: other</a></p></div>
  </text>
  <clinicalStatus value="active"/>
  <verificationStatus value="unconfirmed"/>
  <code>
    <coding>
      <system value="http://snomed.info/sct"/>
      <code value="716186003"/>
      <display value="No known allergy"/>
    </coding>
  </code>
  <patient>
    <reference value="Patient/47aa2cc5-5f17-44b5-9360-9e9df03973a6"/>
  </patient>
</AllergyIntolerance>