<?xml version="1.0" encoding="UTF-8"?>

<Organization xmlns="http://hl7.org/fhir">
  <id value="ba0bcc13-248e-4d64-a4b8-a8aa2bd9cb7c"/>
  <meta>
    <profile value="http://ns.electronichealth.net.au/ci/fhir/3.0/StructureDefinition/organization-ident-1"/>
  </meta>
  <text>
    <status value="generated"/><div xmlns="http://www.w3.org/1999/xhtml"><p><b>Generated Narrative with Details</b></p><p><b>id</b>: ba0bcc13-248e-4d64-a4b8-a8aa2bd9cb7c</p><p><b>meta</b>: </p><p><b>identifier</b>: ABN = 20073665175</p></div>
  </text>
  <identifier>
    <type>
      <coding>
        <system value="http://hl7.org/fhir/v2/0203"/>
        <code value="XX"/>
        <display value="Organization Identifier"/>
      </coding>
      <text value="ABN"/>
    </type>
    <system value="http://hl7.org.au/id/abn"/>
    <value value="20073665175"/>
  </identifier>
</Organization>