<?xml version="1.0" encoding="UTF-8"?>

<Patient xmlns="http://hl7.org/fhir">
  <id value="76d7a6ff-23b8-4e4c-9c98-7c20818e0242"/>
  <meta>
    <profile value="http://ns.electronichealth.net.au/ci/fhir/3.0/StructureDefinition/patient-ihi-1"/>
  </meta>
  <text>
    <status value="generated"/><div xmlns="http://www.w3.org/1999/xhtml"><p><b>Generated Narrative with Details</b></p><p><b>id</b>: 76d7a6ff-23b8-4e4c-9c98-7c20818e0242</p><p><b>meta</b>: </p><p><b>identifier</b>: National unique individual identifier = 8003608833357361</p><p><b>telecom</b>: ph: (03) 44556677</p><p><b>gender</b>: female</p><p><b>address</b>: 55 Sarah Street Strahan TAS 7468 AU </p></div>
  </text>
  <identifier>
    <type>
      <coding>
        <system value="http://hl7.org/fhir/v2/0203"/>
        <code value="NI"/>
        <display value="National unique individual identifier"/>
      </coding>
    </type>
    <system value="http://ns.electronichealth.net.au/id/hi/ihi/1.0"/>
    <value value="8003608833357361"/>
  </identifier>
  <telecom>
    <system value="phone"/>
    <value value="(03) 44556677"/>
  </telecom>
  <gender value="female"/>
  <address>
    <line value="55 Sarah Street"/>
    <city value="Strahan"/>
    <state value="TAS"/>
    <postalCode value="7468"/>
    <country value="AU"/>
  </address>
</Patient>