{
  "resourceType": "Composition",
  "id": "aa15201c-8e49-11e9-bc42-526af7764f64",
  "meta": {
    "profile": [
      "http://ns.electronichealth.net.au/ci/fhir/3.0/StructureDefinition/composition-sml-1"
    ]
  },
  "text": {
    "status": "generated",
    "div": "<div xmlns=\"http://www.w3.org/1999/xhtml\"><p><b>Generated Narrative with Details</b></p><p><b>id</b>: aa15201c-8e49-11e9-bc42-526af7764f64</p><p><b>meta</b>: </p><p><b>language</b>: en-AU</p><p><b>status</b>: final</p><p><b>type</b>: Medication summary Document <span style=\"background: LightGoldenRodYellow\">(Details : {LOINC code '56445-0' = 'Medication summary Document', given as 'Medication summary Document'})</span></p><p><b>encounter</b>: <a href=\"Encounter-1bcf0c88-8e4d-11e9-bc42-526af7764f64.html\">Generated Summary: id: 1bcf0c88-8e4d-11e9-bc42-526af7764f64; status: finished; <span title=\"{http://hl7.org/fhir/v3/ActCode AMB}\">ambulatory</span>; <span title=\"Codes: \">Community pharmacy medicine review</span></a></p><p><b>date</b>: 11 Dec. 2018</p><p><b>author</b>: <a href=\"Practitioner/54a065dc-8666-11e9-bc42-526af7764f64\">Practitioner/54a065dc-8666-11e9-bc42-526af7764f64</a></p><p><b>title</b>: Pharmacist Shared Medicines List</p><h3>Attesters</h3><table class=\"grid\"><tr><td>-</td><td><b>Mode</b></td><td><b>Time</b></td><td><b>Party</b></td></tr><tr><td>*</td><td>legal</td><td>11 Dec. 2018</td><td><a href=\"Practitioner/54a065dc-8666-11e9-bc42-526af7764f64\">Practitioner/54a065dc-8666-11e9-bc42-526af7764f64</a></td></tr></table><p><b>custodian</b>: <a href=\"Organization/TBD\">Organization/TBD</a></p></div>"
  },
  "extension": [
    {
      "url": "http://hl7.org.au/fhir/StructureDefinition/composition-author-role",
      "valueReference": {
        "reference": "PractitionerRole/3283ca84-866b-11e9-bc42-526af7764f64"
      }
    }
  ],
  "language": "en-AU",
  "status": "final",
  "type": {
    "coding": [
      {
        "system": "http://loinc.org",
        "code": "56445-0",
        "display": "Medication summary Document"
      }
    ]
  },
  "subject": {
    "reference": "Patient/55a2e4fc-8321-11e9-bc42-526af7764f64"
  },
  "encounter": {
    "reference": "Encounter/1bcf0c88-8e4d-11e9-bc42-526af7764f64"
  },
  "date": "2018-12-11",
  "author": [
    {
      "reference": "Practitioner/54a065dc-8666-11e9-bc42-526af7764f64"
    }
  ],
  "title": "Pharmacist Shared Medicines List",
  "attester": [
    {
      "mode": [
        "legal"
      ],
      "time": "2018-12-11",
      "party": {
        "reference": "Practitioner/54a065dc-8666-11e9-bc42-526af7764f64"
      }
    }
  ],
  "custodian": {
    "reference": "Organization/TBD"
  },
  "section": [
    {
      "title": "Medications",
      "code": {
        "coding": [
          {
            "system": "http://loinc.org",
            "code": "10160-0",
            "display": "History of Medication use Narrative"
          }
        ]
      },
      "text": {
        "status": "additional",
        "div": "<div xmlns=\"http://www.w3.org/1999/xhtml\">\n        <p>None</p>\n      </div>"
      },
      "entry": [
        {
          "reference": "List/5044db7a-8595-11e9-bc42-526af7764f64"
        }
      ]
    },
    {
      "title": "Allergies",
      "code": {
        "coding": [
          {
            "system": "http://loinc.org",
            "code": "48765-2",
            "display": "Allergies and adverse reactions Document"
          }
        ]
      },
      "text": {
        "status": "additional",
        "div": "<div xmlns=\"http://www.w3.org/1999/xhtml\">\n        <p>None</p>\n      </div>"
      },
      "entry": [
        {
          "reference": "AllergyIntolerance/96c1bf8a-8321-11e9-bc42-526af7764f64"
        }
      ]
    }
  ]
}