{
  "resourceType": "Composition",
  "id": "aa15201c-8e49-11e9-bc42-526af7764f64",
  "meta": {
    "profile": [
      "http://ns.electronichealth.net.au/ci/fhir/3.0/StructureDefinition/composition-sml-prac-1"
    ]
  },
  "language": "en-AU",
  "text": {
    "status": "additional",
    "div": "<div xmlns=\"http://www.w3.org/1999/xhtml\" lang=\"en-AU\">\n      <h2>Pharmacist Shared Medicines List</h2>\n      <p><b>Patient</b>: Frank Goodpatient; Gender: MALE; DoB: 24 March 1981 (37 yrs); IHI 8003608666701594</p>\n      <p><b>Date:</b> 11 Dec 2018</p>\n      <p><b>Pharmacist:</b> Mosenna Joanne (Pharmacist); phone: 9804 6688; email: joanne.mosenna@test.teshealth.com.au; HPI-I 8003610000000000</p>\n      <p><b>Healthcare setting:</b>Community pharmacy</p>\n     </div>"
  },
  "extension": [
    {
      "url": "http://hl7.org.au/fhir/StructureDefinition/composition-author-role",
      "valueReference": {
        "reference": "PractitionerRole/3283ca84-866b-11e9-bc42-526af7764f64"
      }
    }
  ],
  "status": "final",
  "type": {
    "coding": [
      {
        "system": "http://loinc.org",
        "code": "56445-0",
        "display": "Medication summary Document"
      }
    ]
  },
  "subject": {
    "reference": "Patient/55a2e4fc-8321-11e9-bc42-526af7764f64"
  },
  "encounter": {
    "reference": "Encounter/1bcf0c88-8e4d-11e9-bc42-526af7764f64"
  },
  "date": "2018-12-11",
  "author": [
    {
      "reference": "Practitioner/54a065dc-8666-11e9-bc42-526af7764f64"
    }
  ],
  "title": "Pharmacist Shared Medicines List",
  "attester": [
    {
      "mode": [
        "legal"
      ],
      "time": "2018-12-11",
      "party": {
        "reference": "Practitioner/54a065dc-8666-11e9-bc42-526af7764f64"
      }
    }
  ],
  "custodian": {
    "reference": "Organization/084bafa0-866d-11e9-bc42-526af7764f64"
  },
  "section": [
    {
      "title": "Medications",
      "code": {
        "coding": [
          {
            "system": "http://loinc.org",
            "code": "10160-0",
            "display": "History of Medication use Narrative"
          }
        ]
      },
      "text": {
        "status": "additional",
        "div": "<div xmlns=\"http://www.w3.org/1999/xhtml\">\n        <p>None</p>\n      </div>"
      },
      "entry": [
        {
          "reference": "List/5044db7a-8595-11e9-bc42-526af7764f64"
        }
      ]
    },
    {
      "title": "Allergies",
      "code": {
        "coding": [
          {
            "system": "http://loinc.org",
            "code": "48765-2",
            "display": "Allergies and adverse reactions Document"
          }
        ]
      },
      "text": {
        "status": "additional",
        "div": "<div xmlns=\"http://www.w3.org/1999/xhtml\">\n        <p>None</p>\n      </div>"
      },
      "entry": [
        {
          "reference": "AllergyIntolerance/96c1bf8a-8321-11e9-bc42-526af7764f64"
        }
      ]
    }
  ]
}