{
  "resourceType": "Encounter",
  "id": "038f9aaa-6c3d-4681-b9de-455de06a86d3",
  "meta": {
    "profile": [
      "http://ns.electronichealth.net.au/ci/fhir/3.0/StructureDefinition/encounter-es-1"
    ]
  },
  "text": {
    "status": "generated",
    "div": "<div xmlns=\"http://www.w3.org/1999/xhtml\"><p><b>Generated Narrative with Details</b></p><p><b>id</b>: 038f9aaa-6c3d-4681-b9de-455de06a86d3</p><p><b>meta</b>: </p><p><b>status</b>: finished</p><p><b>class</b>: ambulatory (Details: http://hl7.org/fhir/v3/ActCode code AMB = 'ambulatory', stated as 'ambulatory')</p><p><b>type</b>: Community pharmacy medicine review <span style=\"background: LightGoldenRodYellow\">(Details )</span></p><p><b>subject</b>: <a href=\"Patient-43acc1fd-9f9d-4f2f-8649-c290ac7ff847.html\">Generated Summary: id: 43acc1fd-9f9d-4f2f-8649-c290ac7ff847; National unique individual identifier = 8003608666701594; Frank Goodpatient ; gender: male; birthDate: 24 Mar. 1981</a></p><p><b>period</b>: 11 Dec. 2018, 11:00:00 am --&gt; 11 Dec. 2018, 1:30:00 pm</p></div>"
  },
  "status": "finished",
  "class": {
    "system": "http://hl7.org/fhir/v3/ActCode",
    "code": "AMB",
    "display": "ambulatory"
  },
  "type": [
    {
      "text": "Community pharmacy medicine review"
    }
  ],
  "subject": {
    "reference": "Patient/43acc1fd-9f9d-4f2f-8649-c290ac7ff847"
  },
  "period": {
    "start": "2018-12-11T10:00:00+10:00",
    "end": "2018-12-11T12:30:00+10:00"
  }
}