{
  "resourceType": "MedicationStatement",
  "id": "32def593-e104-4cee-b8f5-d1f923efd94b",
  "meta": {
    "profile": [
      "http://ns.electronichealth.net.au/ci/fhir/3.0/StructureDefinition/medicationstatement-detailed-1"
    ]
  },
  "text": {
    "status": "generated",
    "div": "<div xmlns=\"http://www.w3.org/1999/xhtml\"><p><b>Generated Narrative with Details</b></p><p><b>id</b>: 32def593-e104-4cee-b8f5-d1f923efd94b</p><p><b>meta</b>: </p><p><b>status</b>: active</p><p><b>medication</b>: <a href=\"Medication-2f70f312-8323-11e9-bc42-526af7764f64.html\">Generated Summary: id: 2f70f312-8323-11e9-bc42-526af7764f64; <span title=\"Codes: {http://snomed.info/sct 53373011000036103}\">Ferro-Grad C</span></a></p><p><b>subject</b>: <a href=\"Patient-55a2e4fc-8321-11e9-bc42-526af7764f64.html\">Generated Summary: id: 55a2e4fc-8321-11e9-bc42-526af7764f64; National unique individual identifier = 8003608666701594; Frank Goodpatient ; gender: male; birthDate: 24 Mar. 1981</a></p><p><b>taken</b>: y</p><p><b>reasonCode</b>: Iron supplement <span style=\"background: LightGoldenRodYellow\">(Details )</span></p><p><b>dosage</b>: </p></div>"
  },
  "status": "active",
  "medicationReference": {
    "reference": "Medication/2f70f312-8323-11e9-bc42-526af7764f64"
  },
  "subject": {
    "reference": "Patient/55a2e4fc-8321-11e9-bc42-526af7764f64"
  },
  "taken": "y",
  "reasonCode": [
    {
      "text": "Iron supplement"
    }
  ],
  "dosage": [
    {
      "text": "Take one tablet daily"
    }
  ]
}