{
  "resourceType": "MedicationStatement",
  "id": "1b1d78d2-8656-11e9-bc42-526af7764f64",
  "meta": {
    "profile": [
      "http://ns.electronichealth.net.au/ci/fhir/3.0/StructureDefinition/medicationstatement-detailed-1"
    ]
  },
  "text": {
    "status": "generated",
    "div": "<div xmlns=\"http://www.w3.org/1999/xhtml\"><p><b>Generated Narrative with Details</b></p><p><b>id</b>: 1b1d78d2-8656-11e9-bc42-526af7764f64</p><p><b>meta</b>: </p><p><b>status</b>: completed</p><p><b>medication</b>: <a href=\"Medication-77dbc052-8655-11e9-bc42-526af7764f64.html\">Generated Summary: id: 77dbc052-8655-11e9-bc42-526af7764f64; <span title=\"Codes: {http://snomed.info/sct 22464011000036101}\">Paracetamol 500 mg tablet</span></a></p><p><b>effective</b>: ?? --&gt; 01/12/2018 12:00:00 AM</p><p><b>dateAsserted</b>: 11/12/2018</p><p><b>subject</b>: <a href=\"Patient-55a2e4fc-8321-11e9-bc42-526af7764f64.html\">Generated Summary: id: 55a2e4fc-8321-11e9-bc42-526af7764f64; National unique individual identifier = 8003608666701594; Frank Goodpatient ; gender: male; birthDate: 24/03/1981</a></p><p><b>taken</b>: y</p><p><b>dosage</b>: </p></div>"
  },
  "status": "completed",
  "medicationReference": {
    "reference": "Medication/77dbc052-8655-11e9-bc42-526af7764f64"
  },
  "effectivePeriod": {
    "end": "2018-12"
  },
  "dateAsserted": "2018-12-11",
  "subject": {
    "reference": "Patient/55a2e4fc-8321-11e9-bc42-526af7764f64"
  },
  "taken": "y",
  "dosage": [
    {
      "text": "Two tablets every 4-6 hours when required"
    }
  ]
}