{
  "resourceType": "Medication",
  "id": "9fd129a4-8596-11e9-bc42-526af7764f64",
  "meta": {
    "profile": [
      "http://hl7.org.au/fhir/StructureDefinition/au-medication"
    ]
  },
  "text": {
    "status": "generated",
    "div": "<div xmlns=\"http://www.w3.org/1999/xhtml\"><p><b>Generated Narrative with Details</b></p><p><b>id</b>: 9fd129a4-8596-11e9-bc42-526af7764f64</p><p><b>meta</b>: </p><p><b>code</b>: Augmentin Duo Forte <span style=\"background: LightGoldenRodYellow\">(Details )</span></p></div>"
  },
  "extension": [
    {
      "url": "http://hl7.org.au/fhir/StructureDefinition/medication-brand-name",
      "valueString": "Augmentin Duo Forte"
    },
    {
      "url": "http://hl7.org.au/fhir/StructureDefinition/medication-generic-name",
      "valueString": "amoxicillin 875 mg + clavulanic acid 125 mg tablet"
    }
  ],
  "code": {
    "text": "Augmentin Duo Forte"
  }
}