{
  "resourceType": "MedicationStatement",
  "id": "167902ee-8654-11e9-bc42-526af7764f64",
  "meta": {
    "profile": [
      "http://ns.electronichealth.net.au/ci/fhir/3.0/StructureDefinition/medicationstatement-detailed-1"
    ]
  },
  "text": {
    "status": "generated",
    "div": "<div xmlns=\"http://www.w3.org/1999/xhtml\"><p><b>Generated Narrative with Details</b></p><p><b>id</b>: 167902ee-8654-11e9-bc42-526af7764f64</p><p><b>meta</b>: </p><p><b>status</b>: on-hold</p><p><b>medication</b>: <a href=\"Medication-26b6b80a-8653-11e9-bc42-526af7764f64.html\">Generated Summary: id: 26b6b80a-8653-11e9-bc42-526af7764f64; <span title=\"Codes: {http://snomed.info/sct 22464011000036101}\">warfarin sodium 5 mg tablet</span></a></p><p><b>dateAsserted</b>: 11 Dec. 2018</p><p><b>subject</b>: <a href=\"Patient-55a2e4fc-8321-11e9-bc42-526af7764f64.html\">Generated Summary: id: 55a2e4fc-8321-11e9-bc42-526af7764f64; National unique individual identifier = 8003608666701594; Frank Goodpatient ; gender: male; birthDate: 24 Mar. 1981</a></p><p><b>taken</b>: y</p><p><b>reasonCode</b>: Blood thining <span style=\"background: LightGoldenRodYellow\">(Details )</span></p><p><b>dosage</b>: </p></div>"
  },
  "status": "on-hold",
  "medicationReference": {
    "reference": "Medication/26b6b80a-8653-11e9-bc42-526af7764f64"
  },
  "dateAsserted": "2018-12-11",
  "subject": {
    "reference": "Patient/55a2e4fc-8321-11e9-bc42-526af7764f64"
  },
  "taken": "y",
  "reasonCode": [
    {
      "text": "Blood thining"
    }
  ],
  "dosage": [
    {
      "text": "Take as directed by your doctor at night"
    }
  ]
}