{
  "resourceType": "Observation",
  "id": "c2e83af7-d9a2-44a1-9f8b-ad32f4be3a39",
  "meta": {
    "profile": [
      "http://ns.electronichealth.net.au/ci/fhir/3.0/StructureDefinition/observation-norelevantfinding-1"
    ]
  },
  "text": {
    "status": "generated",
    "div": "<div xmlns=\"http://www.w3.org/1999/xhtml\"><p><b>Generated Narrative with Details</b></p><p><b>id</b>: c2e83af7-d9a2-44a1-9f8b-ad32f4be3a39</p><p><b>meta</b>: </p><p><b>status</b>: final</p><p><b>code</b>: Assertion <span style=\"background: LightGoldenRodYellow\">(Details : {http://hl7.org/fhir/v3/ActCode code 'ASSERTION' = 'Assertion)</span></p><p><b>subject</b>: <a href=\"Patient-5bd1f29e-06b4-49c6-991e-c68219bbe13a.html\">Generated Summary: id: 5bd1f29e-06b4-49c6-991e-c68219bbe13a; NI = 8003608000228437; Brady FRAZIER ; gender: male; birthDate: 1978-01-01</a></p><p><b>effective</b>: 2018-10-08</p><p><b>value</b>: No known current medications <span style=\"background: LightGoldenRodYellow\">(Details : {SNOMED CT code '1234391000168107' = '1234391000168107', given as 'No known current medications'})</span></p></div>"
  },
  "status": "final",
  "code": {
    "coding": [
      {
        "system": "http://hl7.org/fhir/v3/ActCode",
        "code": "ASSERTION"
      }
    ]
  },
  "subject": {
    "reference": "Patient/5bd1f29e-06b4-49c6-991e-c68219bbe13a"
  },
  "effectiveDateTime": "2018-10-08",
  "valueCodeableConcept": {
    "coding": [
      {
        "system": "http://snomed.info/sct",
        "code": "1234391000168107",
        "display": "No known current medications"
      }
    ]
  }
}