{
  "resourceType": "PractitionerRole",
  "id": "2be6504a-160a-4cb0-ac4c-4b5aa503085d",
  "meta": {
    "profile": [
      "http://ns.electronichealth.net.au/ci/fhir/3.0/StructureDefinition/practitionerrole-withpractitionerident-1"
    ]
  },
  "text": {
    "status": "generated",
    "div": "<div xmlns=\"http://www.w3.org/1999/xhtml\"><p><b>Generated Narrative</b></p><p><b>id</b>: 2be6504a-160a-4cb0-ac4c-4b5aa503085d</p><p><b>meta</b>: </p><p><b>practitioner</b>: <a href=\"Practitioner-4e2ed22a-95c8-4403-87fa-9a6a171ddc8b.html\">Generated Summary: id: 4e2ed22a-95c8-4403-87fa-9a6a171ddc8b; EI = north27; North Black </a></p><p><b>code</b>: <span title=\"Codes: \">General Practitioner</span></p></div>"
  },
  "practitioner": {
    "reference": "Practitioner/4e2ed22a-95c8-4403-87fa-9a6a171ddc8b"
  },
  "code": [
    {
      "text": "General Practitioner"
    }
  ]
}