{
  "resourceType": "PractitionerRole",
  "id": "3283ca84-866b-11e9-bc42-526af7764f64",
  "meta": {
    "profile": [
      "http://ns.electronichealth.net.au/ci/fhir/3.0/StructureDefinition/practitionerrole-withpractitioner-1"
    ]
  },
  "text": {
    "status": "generated",
    "div": "<div xmlns=\"http://www.w3.org/1999/xhtml\"><p><b>Generated Narrative with Details</b></p><p><b>id</b>: 3283ca84-866b-11e9-bc42-526af7764f64</p><p><b>meta</b>: </p><p><b>identifier</b>: HPI-I = 8003610000000000</p><p><b>practitioner</b>: <a href=\"Practitioner-54a065dc-8666-11e9-bc42-526af7764f64.html\">Generated Summary: id: 54a065dc-8666-11e9-bc42-526af7764f64; HPI-I = 8003610000000000; Mosenna Joanne ; ph: 98046688(WORK), joanne.mosenna@test.teshealth.com.au(WORK)</a></p><p><b>organization</b>: <a href=\"Organization-084bafa0-866d-11e9-bc42-526af7764f64.html\">Generated Summary: id: 084bafa0-866d-11e9-bc42-526af7764f64; ABN = 51824754455; <span title=\"Codes: {http://hl7.org/fhir/organization-type prov}\">Healthcare Provider</span>; name: Tes Health Service; ph: 07 9804 6688(WORK)</a></p><p><b>specialty</b>: Pharmacist <span style=\"background: LightGoldenRodYellow\">(Details : {SNOMED CT code '46255001' = 'Pharmacist', given as 'Pharmacist'})</span></p></div>"
  },
  "identifier": [
    {
      "type": {
        "coding": [
          {
            "system": "http://hl7.org/fhir/v2/0203",
            "code": "NPI",
            "display": "National provider identifier"
          }
        ],
        "text": "HPI-I"
      },
      "system": "http://ns.electronichealth.net.au/id/hi/hpii/1.0",
      "value": "8003610000000000"
    }
  ],
  "practitioner": {
    "reference": "Practitioner/54a065dc-8666-11e9-bc42-526af7764f64"
  },
  "organization": {
    "reference": "Organization/084bafa0-866d-11e9-bc42-526af7764f64/"
  },
  "specialty": [
    {
      "coding": [
        {
          "system": "http://snomed.info/sct",
          "code": "46255001",
          "display": "Pharmacist"
        }
      ]
    }
  ]
}