<?xml version="1.0" encoding="UTF-8"?><ImplementationGuide xmlns="http://hl7.org/fhir"><id value="implementationguide-sharedmedicineslist-1"/><text><status value="generated"/><div xmlns="http://www.w3.org/1999/xhtml"><h2>Shared Medicines List</h2><p>The official URL for this implementation guide is: </p><pre>http://ns.electronichealth.net.au/ci/fhir/3.0/ImplementationGuide/implementationguide-sharedmedicineslist-1</pre><div><p>This implementation guide is an HL7&#x2122; FHIR&#xAE; specification to represent a Shared Medicine List (SML).</p>
<p>The primary aim of this implementation guide is to support implementing SML in FHIR, Release 3 (STU). The resulting FHIR can be used for the electronic exchange of SML information between healthcare providers.</p>
<p>This implementation guide is not to be used as a guide to presentation (or rendering) of the data. It contains no information as to how the data described by it should be displayed and no such guidance should be inferred.</p>
<p>This implementation guide does not describe transport or persistence mechanism of the resources described by it.</p>
</div></div></text><url value="http://ns.electronichealth.net.au/ci/fhir/3.0/ImplementationGuide/implementationguide-sharedmedicineslist-1"/><version value="1.0.0"/><name value="Shared Medicines List"/><status value="draft"/><experimental value="true"/><date value="2019-09-03T08:19:31+10:00"/><publisher value="Australian Digital Health Agency"/><contact><telecom><system value="email"/><value value="help@digitalhealth.gov.au"/></telecom></contact><description value="This implementation guide is an HL7&#x2122; FHIR&#xAE; specification to represent a Shared Medicine List (SML).&#xA; &#xA;The primary aim of this implementation guide is to support implementing SML in FHIR, Release 3 (STU). The resulting FHIR can be used for the electronic exchange of SML information between healthcare providers.&#xA; &#xA;This implementation guide is not to be used as a guide to presentation (or rendering) of the data. It contains no information as to how the data described by it should be displayed and no such guidance should be inferred.&#xA; &#xA;This implementation guide does not describe transport or persistence mechanism of the resources described by it."/><copyright value="Copyright &#xA9; 2019 Australian Digital Health Agency - All rights reserved. This content is licensed under a Creative Commons Attribution 4.0 International License. See https://creativecommons.org/licenses/by/4.0/."/><fhirVersion value="3.0.1"/><package id="p1"><name value="SML"/><resource><extension url="http://hl7.org/fhir/StructureDefinition/implementationguide-page"><valueUri value="StructureDefinition-composition-sml-prac-1.html"/></extension><example value="false"/><name value="Shared Medicine List Authored by Practitioner"/><sourceReference><reference value="StructureDefinition/composition-sml-prac-1"/></sourceReference></resource><resource><extension url="http://hl7.org/fhir/StructureDefinition/implementationguide-page"><valueUri value="StructureDefinition-patient-dh-base-1.html"/></extension><example value="false"/><name value="patient-dh-base-1"/><description value="The Agency Patient profile, as derived from the HL7 AU patient profile."/><sourceReference><reference value="StructureDefinition/patient-dh-base-1"/></sourceReference></resource><resource><extension url="http://hl7.org/fhir/StructureDefinition/implementationguide-page"><valueUri value="StructureDefinition-patient-ident-1.html"/></extension><example value="false"/><name value="patient-ident-1"/><sourceReference><reference value="StructureDefinition/patient-ident-1"/></sourceReference></resource><resource><extension url="http://hl7.org/fhir/StructureDefinition/implementationguide-page"><valueUri value="StructureDefinition-relatedperson-dh-base-1.html"/></extension><example value="false"/><name value="relatedperson-dh-base-1"/><description value="The Agency RelatedPerson profile, as derived from the STU3 RelatedPerson resource"/><sourceReference><reference value="StructureDefinition/relatedperson-dh-base-1"/></sourceReference></resource><resource><extension url="http://hl7.org/fhir/StructureDefinition/implementationguide-page"><valueUri value="StructureDefinition-organization-dh-base-1.html"/></extension><example value="false"/><name value="organization-dh-base-1"/><description value="The Agency Organization profile, as derived from the HL7 AU Organization profile."/><sourceReference><reference value="StructureDefinition/organization-dh-base-1"/></sourceReference></resource><resource><extension url="http://hl7.org/fhir/StructureDefinition/implementationguide-page"><valueUri value="StructureDefinition-organization-ident-1.html"/></extension><example value="false"/><name value="organization-ident-1"/><description value="The Agency Organization profile, as derived from the HL7 AU Organization profile."/><sourceReference><reference value="StructureDefinition/organization-ident-1"/></sourceReference></resource><resource><extension url="http://hl7.org/fhir/StructureDefinition/implementationguide-page"><valueUri value="StructureDefinition-practitioner-dh-base-1.html"/></extension><example value="false"/><sourceReference><reference value="StructureDefinition/practitioner-dh-base-1"/></sourceReference></resource><resource><extension url="http://hl7.org/fhir/StructureDefinition/implementationguide-page"><valueUri value="StructureDefinition-practitioner-ident-1.html"/></extension><example value="false"/><name value="practitioner-ident-1"/><description value="The Agency Practitioner profile, as derived from the HL7 AU practitioner profile with a mandatory identifier."/><sourceReference><reference value="StructureDefinition/practitioner-ident-1"/></sourceReference></resource><resource><extension url="http://hl7.org/fhir/StructureDefinition/implementationguide-page"><valueUri value="StructureDefinition-practitionerrole-dh-base-1.html"/></extension><example value="false"/><sourceReference><reference value="StructureDefinition/practitionerrole-dh-base-1"/></sourceReference></resource><resource><extension url="http://hl7.org/fhir/StructureDefinition/implementationguide-page"><valueUri value="StructureDefinition-practitionerrole-withpractitionerident-1.html"/></extension><example value="false"/><sourceReference><reference value="StructureDefinition/practitionerrole-withpractitionerident-1"/></sourceReference></resource><resource><extension url="http://hl7.org/fhir/StructureDefinition/implementationguide-page"><valueUri value="StructureDefinition-medicationstatement-detailed-1.html"/></extension><example value="false"/><name value="medicationstatement-detailed-1"/><sourceReference><reference value="StructureDefinition/medicationstatement-detailed-1"/></sourceReference></resource><resource><extension url="http://hl7.org/fhir/StructureDefinition/implementationguide-page"><valueUri value="StructureDefinition-allergyintolerance-summary-1.html"/></extension><example value="false"/><name value="allergyintolerance-summary-1"/><sourceReference><reference value="StructureDefinition/allergyintolerance-summary-1"/></sourceReference></resource><resource><extension url="http://hl7.org/fhir/StructureDefinition/implementationguide-page"><valueUri value="StructureDefinition-observation-norelevantfinding-1.html"/></extension><example value="false"/><name value="observation-norelevantfinding-1"/><sourceReference><reference value="StructureDefinition/observation-norelevantfinding-1"/></sourceReference></resource><resource><extension url="http://hl7.org/fhir/StructureDefinition/implementationguide-page"><valueUri value="StructureDefinition-encounter-es-1.html"/></extension><example value="false"/><name value="encounter-es-1"/><sourceReference><reference value="StructureDefinition/encounter-es-1"/></sourceReference></resource><resource><extension url="http://hl7.org/fhir/StructureDefinition/implementationguide-page"><valueUri value="StructureDefinition-list-sml-pracchanges-1.html"/></extension><example value="false"/><name value="list-sml-pracchnages-1"/><sourceReference><reference value="StructureDefinition/list-sml-pracchanges-1"/></sourceReference></resource><resource><extension url="http://hl7.org/fhir/StructureDefinition/implementationguide-page"><valueUri value="StructureDefinition-medication-dh-base-1.html"/></extension><example value="false"/><name value="medication-dh-base-1"/><sourceReference><reference value="StructureDefinition/medication-dh-base-1"/></sourceReference></resource><resource><extension url="http://hl7.org/fhir/StructureDefinition/implementationguide-page"><valueUri value="StructureDefinition-substance-dh-base-1.html"/></extension><example value="false"/><name value="substance-dh-base-1"/><sourceReference><reference value="StructureDefinition/substance-dh-base-1"/></sourceReference></resource><resource><extension url="http://hl7.org/fhir/StructureDefinition/implementationguide-page"><valueUri value="StructureDefinition-humanname-dh-base-1.html"/></extension><example value="false"/><sourceReference><reference value="StructureDefinition/humanname-dh-base-1"/></sourceReference></resource><resource><extension url="http://hl7.org/fhir/StructureDefinition/implementationguide-page"><valueUri value="AllergyIntolerance-7f834da9-63f5-4a66-a847-a32c366701ff.html"/></extension><example value="true"/><name value="AllergyIntolerance example 1"/><description value="AllergyIntolerance example Amoxicillin"/><sourceReference><reference value="AllergyIntolerance/7f834da9-63f5-4a66-a847-a32c366701ff"/></sourceReference></resource><resource><extension url="http://hl7.org/fhir/StructureDefinition/implementationguide-page"><valueUri value="Patient-43acc1fd-9f9d-4f2f-8649-c290ac7ff847.html"/></extension><example value="true"/><name value="Patient example 1"/><description value="Patient example Frank Harding"/><sourceReference><reference value="Patient/43acc1fd-9f9d-4f2f-8649-c290ac7ff847"/></sourceReference></resource><resource><extension url="http://hl7.org/fhir/StructureDefinition/implementationguide-page"><valueUri value="Medication-27046ef9-d808-46d4-a028-0ef182b7a8b2.html"/></extension><example value="true"/><name value="Medication example 1"/><description value="Medication example Ferro-Grad C"/><sourceReference><reference value="Medication/27046ef9-d808-46d4-a028-0ef182b7a8b2"/></sourceReference></resource><resource><extension url="http://hl7.org/fhir/StructureDefinition/implementationguide-page"><valueUri value="MedicationStatement-32def593-e104-4cee-b8f5-d1f923efd94b.html"/></extension><example value="true"/><name value="MedicationStatement example 1"/><description value="MedicationStatement example Ferro-Grad C"/><sourceReference><reference value="MedicationStatement/32def593-e104-4cee-b8f5-d1f923efd94b"/></sourceReference></resource><resource><extension url="http://hl7.org/fhir/StructureDefinition/implementationguide-page"><valueUri value="Medication-c09df0db-3050-4b62-bb27-7c9b743d59bd.html"/></extension><example value="true"/><name value="Medication example 2"/><description value="Medication example Amoxicillin/Augmentin Duo Forte"/><sourceReference><reference value="Medication/c09df0db-3050-4b62-bb27-7c9b743d59bd"/></sourceReference></resource><resource><extension url="http://hl7.org/fhir/StructureDefinition/implementationguide-page"><valueUri value="MedicationStatement-f02c54ad-3562-4f7b-8956-de16769a2a88.html"/></extension><example value="true"/><name value="MedicationStatement example 2"/><description value="MedicationStatement example Amoxicillin/Augmentin Duo Forte"/><sourceReference><reference value="MedicationStatement/f02c54ad-3562-4f7b-8956-de16769a2a88"/></sourceReference></resource><resource><extension url="http://hl7.org/fhir/StructureDefinition/implementationguide-page"><valueUri value="Medication-d45954e8-80ae-4610-b235-239e9d352799.html"/></extension><example value="true"/><name value="Medication example 3"/><description value="Medication example Metformin/Sandoz"/><sourceReference><reference value="Medication/d45954e8-80ae-4610-b235-239e9d352799"/></sourceReference></resource><resource><extension url="http://hl7.org/fhir/StructureDefinition/implementationguide-page"><valueUri value="MedicationStatement-f27faa7d-0433-484a-94ab-5a3f966bd7b1.html"/></extension><example value="true"/><name value="MedicationStatement example 3"/><description value="MedicationStatement example Metformin/Sandoz"/><sourceReference><reference value="MedicationStatement/f27faa7d-0433-484a-94ab-5a3f966bd7b1"/></sourceReference></resource><resource><extension url="http://hl7.org/fhir/StructureDefinition/implementationguide-page"><valueUri value="Medication-4418bed2-2ae9-4d0a-9acd-d70ab8284c50.html"/></extension><example value="true"/><name value="Medication example 4"/><description value="Medication example Multi-vitamins"/><sourceReference><reference value="Medication/4418bed2-2ae9-4d0a-9acd-d70ab8284c50"/></sourceReference></resource><resource><extension url="http://hl7.org/fhir/StructureDefinition/implementationguide-page"><valueUri value="MedicationStatement-006679bd-44a9-49df-82ba-a41db0cd6298.html"/></extension><example value="true"/><name value="MedicationStatement example 4"/><description value="MedicationStatement example Multi-vitamins"/><sourceReference><reference value="MedicationStatement/006679bd-44a9-49df-82ba-a41db0cd6298"/></sourceReference></resource><resource><extension url="http://hl7.org/fhir/StructureDefinition/implementationguide-page"><valueUri value="Medication-9574e2d4-863b-11e9-a159-526af7764f64.html"/></extension><example value="true"/><name value="Medication example 5"/><description value="Medication example Paracetamol 665mg caplet/ Panadol Osteo"/><sourceReference><reference value="Medication/9574e2d4-863b-11e9-a159-526af7764f64"/></sourceReference></resource><resource><extension url="http://hl7.org/fhir/StructureDefinition/implementationguide-page"><valueUri value="MedicationStatement-d14a5c15-87c9-4cf8-9047-657189898273.html"/></extension><example value="true"/><name value="MedicationStatement example 5"/><description value="MedicationStatement example Paracetamol 665mg caplet/Panadol Osteo"/><sourceReference><reference value="MedicationStatement/d14a5c15-87c9-4cf8-9047-657189898273"/></sourceReference></resource><resource><extension url="http://hl7.org/fhir/StructureDefinition/implementationguide-page"><valueUri value="Medication-19ae06e9-0242-41eb-b386-5c147b01e88f.html"/></extension><example value="true"/><name value="Medication example 6"/><description value="Medication example Warfarin/Coumadin"/><sourceReference><reference value="Medication/19ae06e9-0242-41eb-b386-5c147b01e88f"/></sourceReference></resource><resource><extension url="http://hl7.org/fhir/StructureDefinition/implementationguide-page"><valueUri value="MedicationStatement-ce9d0158-5f77-4c30-8aad-79500eb2c16f.html"/></extension><example value="true"/><name value="MedicationStatement example 6"/><description value="MedicationStatement example Warfarin/Coumadin"/><sourceReference><reference value="MedicationStatement/ce9d0158-5f77-4c30-8aad-79500eb2c16f"/></sourceReference></resource><resource><extension url="http://hl7.org/fhir/StructureDefinition/implementationguide-page"><valueUri value="Medication-37c3cb4d-37cd-4e4e-985f-d1b8fd44fbb7.html"/></extension><example value="true"/><name value="Medication example 7"/><description value="Medication example Paracetamol 500 mg tablet"/><sourceReference><reference value="Medication/37c3cb4d-37cd-4e4e-985f-d1b8fd44fbb7"/></sourceReference></resource><resource><extension url="http://hl7.org/fhir/StructureDefinition/implementationguide-page"><valueUri value="MedicationStatement-17affe2a-6496-437d-8d1a-22baae41a5ae.html"/></extension><example value="true"/><name value="MedicationStatement example 7"/><description value="MedicationStatement example Paracetamol 500 mg tablet"/><sourceReference><reference value="MedicationStatement/17affe2a-6496-437d-8d1a-22baae41a5ae"/></sourceReference></resource><resource><extension url="http://hl7.org/fhir/StructureDefinition/implementationguide-page"><valueUri value="Medication-2a506a7c-aab0-4af3-9ea3-3f47ebe16e3d.html"/></extension><example value="true"/><name value="Medication example 8"/><description value="Medication example Ibuprofen"/><sourceReference><reference value="Medication/2a506a7c-aab0-4af3-9ea3-3f47ebe16e3d"/></sourceReference></resource><resource><extension url="http://hl7.org/fhir/StructureDefinition/implementationguide-page"><valueUri value="MedicationStatement-3f99bc18-7edf-4e2a-9eae-86629b56d06e.html"/></extension><example value="true"/><name value="MedicationStatement example 8"/><description value="MedicationStatement example Ibuprofen"/><sourceReference><reference value="MedicationStatement/3f99bc18-7edf-4e2a-9eae-86629b56d06e"/></sourceReference></resource><resource><extension url="http://hl7.org/fhir/StructureDefinition/implementationguide-page"><valueUri value="List-e3677c50-8940-4793-bc43-72a33e5b6460.html"/></extension><example value="true"/><name value="List example 1"/><description value="List example Community pharmacy medicines review"/><sourceReference><reference value="List/e3677c50-8940-4793-bc43-72a33e5b6460"/></sourceReference></resource><resource><extension url="http://hl7.org/fhir/StructureDefinition/implementationguide-page"><valueUri value="Encounter-038f9aaa-6c3d-4681-b9de-455de06a86d3.html"/></extension><example value="true"/><name value="Encounter example 1"/><description value="Encounter/Community pharmacy medicines review"/><sourceReference><reference value="Encounter/038f9aaa-6c3d-4681-b9de-455de06a86d3"/></sourceReference></resource><resource><extension url="http://hl7.org/fhir/StructureDefinition/implementationguide-page"><valueUri value="Composition-c6f90150-465c-4c16-8e99-c4efbda29036.html"/></extension><example value="true"/><name value="Composition example 1"/><description value="Composition/Community pharmacy medicines review"/><sourceReference><reference value="Composition/c6f90150-465c-4c16-8e99-c4efbda29036"/></sourceReference></resource><resource><extension url="http://hl7.org/fhir/StructureDefinition/implementationguide-page"><valueUri value="PractitionerRole-eebd7c94-e124-4c2b-95dc-a6aebbe7bb4d.html"/></extension><example value="true"/><name value="PractitionerRole example 1"/><description value="PractitionerRole with practitioner with mandatory identifier"/><sourceReference><reference value="PractitionerRole/eebd7c94-e124-4c2b-95dc-a6aebbe7bb4d"/></sourceReference></resource><resource><extension url="http://hl7.org/fhir/StructureDefinition/implementationguide-page"><valueUri value="Organization-24391534-dbe5-44f0-af74-07ca016e7446.html"/></extension><example value="true"/><name value="Organization example 1"/><description value="Organization"/><sourceReference><reference value="Organization/24391534-dbe5-44f0-af74-07ca016e7446"/></sourceReference></resource><resource><extension url="http://hl7.org/fhir/StructureDefinition/implementationguide-page"><valueUri value="Organization-f216ad4c-a1e3-11e9-a2a3-2a2ae2dbcce4.html"/></extension><example value="true"/><name value="Organization example 2"/><description value="Patient&#39;s managing organization"/><sourceReference><reference value="Organization/f216ad4c-a1e3-11e9-a2a3-2a2ae2dbcce4"/></sourceReference></resource><resource><extension url="http://hl7.org/fhir/StructureDefinition/implementationguide-page"><valueUri value="Practitioner-6312677b-2e4a-4841-a986-915905e01931.html"/></extension><example value="true"/><name value="Practitioner example 1"/><description value="Practitioner pharmacist"/><sourceReference><reference value="Practitioner/6312677b-2e4a-4841-a986-915905e01931"/></sourceReference></resource><resource><extension url="http://hl7.org/fhir/StructureDefinition/implementationguide-page"><valueUri value="Practitioner-20f15728-f3ac-4877-b55a-107f94dbd00c.html"/></extension><example value="true"/><sourceReference><reference value="Practitioner/20f15728-f3ac-4877-b55a-107f94dbd00c"/></sourceReference></resource></package><page><source value="index.html"/><title value="Australian Digital Health Agency Shared Medicines List FHIR Implementation Guide"/><kind value="page"/></page></ImplementationGuide>