<?xml version="1.0" encoding="UTF-8"?><ImplementationGuide xmlns="http://hl7.org/fhir"><id value="implementationguide-sharedmedicineslist-1"/><language value="en-AU"/><text><status value="generated"/><div xmlns="http://www.w3.org/1999/xhtml"><h2>Shared Medicines List</h2><p>The official URL for this implementation guide is: </p><pre>http://ns.electronichealth.net.au/ci/fhir/3.0/ImplementationGuide/implementationguide-sharedmedicineslist-1</pre><div><p>Australian realm implementation guide of the FHIR specification to represent Shared Medicines List records in the My Health Record system and related applications.</p>
</div></div></text><url value="http://ns.electronichealth.net.au/ci/fhir/3.0/ImplementationGuide/implementationguide-sharedmedicineslist-1"/><version value="1.0.0"/><name value="Shared Medicines List"/><status value="draft"/><experimental value="true"/><publisher value="Australian Digital Health Agency"/><contact><telecom><system value="email"/><value value="help@digitalhealth.gov.au"/></telecom></contact><description value="Australian realm implementation guide of the FHIR specification to represent Shared Medicines List records in the My Health Record system and related applications."/><copyright value="Copyright &#xA9; 2019 Australian Digital Health Agency - All rights reserved. This content is licensed under a Creative Commons Attribution 4.0 International License. See https://creativecommons.org/licenses/by/4.0/."/><fhirVersion value="3.0.1"/><package id="p1"><name value="SML"/><resource><extension url="http://hl7.org/fhir/StructureDefinition/implementationguide-page"><valueUri value="StructureDefinition-composition-sml-1.html"/></extension><example value="false"/><name value="Practitioner Shared Medicines List"/><sourceReference><reference value="StructureDefinition/composition-sml-1"/></sourceReference></resource><resource><extension url="http://hl7.org/fhir/StructureDefinition/implementationguide-page"><valueUri value="StructureDefinition-patient-dh-base-1.html"/></extension><example value="false"/><name value="patient-dh-base-1"/><description value="The Agency Patient profile, as derived from the HL7 AU patient profile."/><sourceReference><reference value="StructureDefinition/patient-dh-base-1"/></sourceReference></resource><resource><extension url="http://hl7.org/fhir/StructureDefinition/implementationguide-page"><valueUri value="StructureDefinition-patient-ident-1.html"/></extension><example value="false"/><name value="patient-ident-1"/><sourceReference><reference value="StructureDefinition/patient-ident-1"/></sourceReference></resource><resource><extension url="http://hl7.org/fhir/StructureDefinition/implementationguide-page"><valueUri value="StructureDefinition-relatedperson-dh-base-1.html"/></extension><example value="false"/><name value="relatedperson-dh-base-1"/><description value="The Agency RelatedPerson profile, as derived from the STU3 RelatedPerson resource"/><sourceReference><reference value="StructureDefinition/relatedperson-dh-base-1"/></sourceReference></resource><resource><extension url="http://hl7.org/fhir/StructureDefinition/implementationguide-page"><valueUri value="StructureDefinition-organization-dh-base-1.html"/></extension><example value="false"/><name value="organization-dh-base-1"/><description value="The Agency Organization profile, as derived from the HL7 AU Organization profile."/><sourceReference><reference value="StructureDefinition/organization-dh-base-1"/></sourceReference></resource><resource><extension url="http://hl7.org/fhir/StructureDefinition/implementationguide-page"><valueUri value="StructureDefinition-organization-ident-1.html"/></extension><example value="false"/><name value="organization-ident-1"/><description value="The Agency Organization profile, as derived from the HL7 AU Organization profile."/><sourceReference><reference value="StructureDefinition/organization-ident-1"/></sourceReference></resource><resource><extension url="http://hl7.org/fhir/StructureDefinition/implementationguide-page"><valueUri value="StructureDefinition-practitioner-dh-base-1.html"/></extension><example value="false"/><sourceReference><reference value="StructureDefinition/practitioner-dh-base-1"/></sourceReference></resource><resource><extension url="http://hl7.org/fhir/StructureDefinition/implementationguide-page"><valueUri value="StructureDefinition-practitioner-ident-1.html"/></extension><example value="false"/><name value="practitioner-ident-1"/><description value="The Agency Practitioner profile, as derived from the HL7 AU practitioner profile with a mandatory identifier."/><sourceReference><reference value="StructureDefinition/practitioner-ident-1"/></sourceReference></resource><resource><extension url="http://hl7.org/fhir/StructureDefinition/implementationguide-page"><valueUri value="StructureDefinition-practitionerrole-dh-base-1.html"/></extension><example value="false"/><sourceReference><reference value="StructureDefinition/practitionerrole-dh-base-1"/></sourceReference></resource><resource><extension url="http://hl7.org/fhir/StructureDefinition/implementationguide-page"><valueUri value="StructureDefinition-practitionerrole-withpractitionerident-1.html"/></extension><example value="false"/><sourceReference><reference value="StructureDefinition/practitionerrole-withpractitionerident-1"/></sourceReference></resource><resource><extension url="http://hl7.org/fhir/StructureDefinition/implementationguide-page"><valueUri value="StructureDefinition-medicationstatement-detailed-1.html"/></extension><example value="false"/><name value="medicationstatement-detailed-1"/><sourceReference><reference value="StructureDefinition/medicationstatement-detailed-1"/></sourceReference></resource><resource><extension url="http://hl7.org/fhir/StructureDefinition/implementationguide-page"><valueUri value="StructureDefinition-allergyintolerance-summary-1.html"/></extension><example value="false"/><name value="allergyintolerance-summary-1"/><sourceReference><reference value="StructureDefinition/allergyintolerance-summary-1"/></sourceReference></resource><resource><extension url="http://hl7.org/fhir/StructureDefinition/implementationguide-page"><valueUri value="StructureDefinition-observation-norelevantfinding-1.html"/></extension><example value="false"/><name value="observation-norelevantfinding-1"/><sourceReference><reference value="StructureDefinition/observation-norelevantfinding-1"/></sourceReference></resource><resource><extension url="http://hl7.org/fhir/StructureDefinition/implementationguide-page"><valueUri value="StructureDefinition-encounter-es-1.html"/></extension><example value="false"/><name value="encounter-es-1"/><sourceReference><reference value="StructureDefinition/encounter-es-1"/></sourceReference></resource><resource><extension url="http://hl7.org/fhir/StructureDefinition/implementationguide-page"><valueUri value="StructureDefinition-list-meditems-1.html"/></extension><example value="false"/><name value="list-meditems-1"/><sourceReference><reference value="StructureDefinition/list-meditems-1"/></sourceReference></resource><resource><extension url="http://hl7.org/fhir/StructureDefinition/implementationguide-page"><valueUri value="StructureDefinition-medication-known-1.html"/></extension><example value="false"/><name value="medication-known-1"/><sourceReference><reference value="StructureDefinition/medication-known-1"/></sourceReference></resource><resource><extension url="http://hl7.org/fhir/StructureDefinition/implementationguide-page"><valueUri value="StructureDefinition-humanname-dh-base-1.html"/></extension><example value="false"/><sourceReference><reference value="StructureDefinition/humanname-dh-base-1"/></sourceReference></resource></package><page><source value="index.html"/><title value="Australian Digital Health Agency Shared Medicines List FHIR Implementation Guide"/><kind value="page"/></page></ImplementationGuide>