<?xml version="1.0" encoding="UTF-8"?><ImplementationGuide xmlns="http://hl7.org/fhir"><id value="implementationguide-sharedmedicineslist-1"/><text><status value="generated"/><div xmlns="http://www.w3.org/1999/xhtml"><h2>Shared Medicines List</h2><p>The official URL for this implementation guide is: </p><pre>http://ns.electronichealth.net.au/ci/fhir/3.0/ImplementationGuide/implementationguide-sharedmedicineslist-1</pre><div><p>This implementation guide is an HL7&#x2122; FHIR&#xAE; specification to represent a Shared Medicine List (SML).</p>
<p>The primary aim of this implementation guide is to support implementing SML in FHIR, Release 3 (STU). The resulting FHIR can be used for the electronic exchange of SML information between healthcare providers.</p>
<p>This implementation guide is not to be used as a guide to presentation (or rendering) of the data. It contains no information as to how the data described by it should be displayed and no such guidance should be inferred.</p>
<p>This implementation guide does not describe transport or persistence mechanism of the resources described by it.</p>
</div></div></text><url value="http://ns.electronichealth.net.au/ci/fhir/3.0/ImplementationGuide/implementationguide-sharedmedicineslist-1"/><version value="1.0.0"/><name value="Shared Medicines List"/><status value="draft"/><experimental value="true"/><date value="2019-10-15T09:26:17+10:00"/><publisher value="Australian Digital Health Agency"/><contact><telecom><system value="email"/><value value="help@digitalhealth.gov.au"/></telecom></contact><description value="This implementation guide is an HL7&#x2122; FHIR&#xAE; specification to represent a Shared Medicine List (SML).&#xA; &#xA;The primary aim of this implementation guide is to support implementing SML in FHIR, Release 3 (STU). The resulting FHIR can be used for the electronic exchange of SML information between healthcare providers.&#xA; &#xA;This implementation guide is not to be used as a guide to presentation (or rendering) of the data. It contains no information as to how the data described by it should be displayed and no such guidance should be inferred.&#xA; &#xA;This implementation guide does not describe transport or persistence mechanism of the resources described by it."/><copyright value="Copyright &#xA9; 2019 Australian Digital Health Agency - All rights reserved. This content is licensed under a Creative Commons Attribution 4.0 International License. See https://creativecommons.org/licenses/by/4.0/."/><fhirVersion value="3.0.1"/><package id="p1"><name value="SML"/><resource><extension url="http://hl7.org/fhir/StructureDefinition/implementationguide-page"><valueUri value="StructureDefinition-composition-sml-prac-1.html"/></extension><example value="false"/><name value="Shared Medicine List Authored by Practitioner"/><sourceReference><reference value="StructureDefinition/composition-sml-prac-1"/></sourceReference></resource><resource><extension url="http://hl7.org/fhir/StructureDefinition/implementationguide-page"><valueUri value="StructureDefinition-patient-dh-base-1.html"/></extension><example value="false"/><name value="patient-dh-base-1"/><description value="The Agency Patient profile, as derived from the HL7 AU patient profile."/><sourceReference><reference value="StructureDefinition/patient-dh-base-1"/></sourceReference></resource><resource><extension url="http://hl7.org/fhir/StructureDefinition/implementationguide-page"><valueUri value="StructureDefinition-patient-ident-1.html"/></extension><example value="false"/><name value="patient-ident-1"/><sourceReference><reference value="StructureDefinition/patient-ident-1"/></sourceReference></resource><resource><extension url="http://hl7.org/fhir/StructureDefinition/implementationguide-page"><valueUri value="StructureDefinition-relatedperson-dh-base-1.html"/></extension><example value="false"/><name value="relatedperson-dh-base-1"/><description value="The Agency RelatedPerson profile, as derived from the STU3 RelatedPerson resource"/><sourceReference><reference value="StructureDefinition/relatedperson-dh-base-1"/></sourceReference></resource><resource><extension url="http://hl7.org/fhir/StructureDefinition/implementationguide-page"><valueUri value="StructureDefinition-organization-dh-base-1.html"/></extension><example value="false"/><name value="organization-dh-base-1"/><description value="The Agency Organization profile, as derived from the HL7 AU Organization profile."/><sourceReference><reference value="StructureDefinition/organization-dh-base-1"/></sourceReference></resource><resource><extension url="http://hl7.org/fhir/StructureDefinition/implementationguide-page"><valueUri value="StructureDefinition-organization-ident-1.html"/></extension><example value="false"/><name value="organization-ident-1"/><description value="The Agency Organization profile, as derived from the HL7 AU Organization profile."/><sourceReference><reference value="StructureDefinition/organization-ident-1"/></sourceReference></resource><resource><extension url="http://hl7.org/fhir/StructureDefinition/implementationguide-page"><valueUri value="StructureDefinition-practitioner-dh-base-1.html"/></extension><example value="false"/><sourceReference><reference value="StructureDefinition/practitioner-dh-base-1"/></sourceReference></resource><resource><extension url="http://hl7.org/fhir/StructureDefinition/implementationguide-page"><valueUri value="StructureDefinition-practitioner-ident-1.html"/></extension><example value="false"/><name value="practitioner-ident-1"/><description value="The Agency Practitioner profile, as derived from the HL7 AU practitioner profile with a mandatory identifier."/><sourceReference><reference value="StructureDefinition/practitioner-ident-1"/></sourceReference></resource><resource><extension url="http://hl7.org/fhir/StructureDefinition/implementationguide-page"><valueUri value="StructureDefinition-practitionerrole-dh-base-1.html"/></extension><example value="false"/><sourceReference><reference value="StructureDefinition/practitionerrole-dh-base-1"/></sourceReference></resource><resource><extension url="http://hl7.org/fhir/StructureDefinition/implementationguide-page"><valueUri value="StructureDefinition-practitionerrole-withpractitionerident-1.html"/></extension><example value="false"/><sourceReference><reference value="StructureDefinition/practitionerrole-withpractitionerident-1"/></sourceReference></resource><resource><extension url="http://hl7.org/fhir/StructureDefinition/implementationguide-page"><valueUri value="StructureDefinition-medicationstatement-detailed-1.html"/></extension><example value="false"/><name value="medicationstatement-detailed-1"/><sourceReference><reference value="StructureDefinition/medicationstatement-detailed-1"/></sourceReference></resource><resource><extension url="http://hl7.org/fhir/StructureDefinition/implementationguide-page"><valueUri value="StructureDefinition-allergyintolerance-summary-1.html"/></extension><example value="false"/><name value="allergyintolerance-summary-1"/><sourceReference><reference value="StructureDefinition/allergyintolerance-summary-1"/></sourceReference></resource><resource><extension url="http://hl7.org/fhir/StructureDefinition/implementationguide-page"><valueUri value="StructureDefinition-observation-norelevantfinding-1.html"/></extension><example value="false"/><name value="observation-norelevantfinding-1"/><sourceReference><reference value="StructureDefinition/observation-norelevantfinding-1"/></sourceReference></resource><resource><extension url="http://hl7.org/fhir/StructureDefinition/implementationguide-page"><valueUri value="StructureDefinition-encounter-es-1.html"/></extension><example value="false"/><name value="encounter-es-1"/><sourceReference><reference value="StructureDefinition/encounter-es-1"/></sourceReference></resource><resource><extension url="http://hl7.org/fhir/StructureDefinition/implementationguide-page"><valueUri value="StructureDefinition-list-sml-pracchanges-1.html"/></extension><example value="false"/><name value="list-sml-pracchnages-1"/><sourceReference><reference value="StructureDefinition/list-sml-pracchanges-1"/></sourceReference></resource><resource><extension url="http://hl7.org/fhir/StructureDefinition/implementationguide-page"><valueUri value="StructureDefinition-medication-dh-base-1.html"/></extension><example value="false"/><name value="medication-dh-base-1"/><sourceReference><reference value="StructureDefinition/medication-dh-base-1"/></sourceReference></resource><resource><extension url="http://hl7.org/fhir/StructureDefinition/implementationguide-page"><valueUri value="StructureDefinition-substance-dh-base-1.html"/></extension><example value="false"/><name value="substance-dh-base-1"/><sourceReference><reference value="StructureDefinition/substance-dh-base-1"/></sourceReference></resource><resource><extension url="http://hl7.org/fhir/StructureDefinition/implementationguide-page"><valueUri value="StructureDefinition-humanname-dh-base-1.html"/></extension><example value="false"/><sourceReference><reference value="StructureDefinition/humanname-dh-base-1"/></sourceReference></resource><resource><extension url="http://hl7.org/fhir/StructureDefinition/implementationguide-page"><valueUri value="Bundle-e32a01d0-2610-4c99-ba46-9732aa975d41.html"/></extension><example value="true"/><description value="Representation of the CDA example &#39;SML01_Example.xml&#39; as a Bundle"/><sourceReference><reference value="Bundle/e32a01d0-2610-4c99-ba46-9732aa975d41"/></sourceReference></resource><resource><extension url="http://hl7.org/fhir/StructureDefinition/implementationguide-page"><valueUri value="Composition-98e4b64a-d493-45c1-8102-b3b689da1c15.html"/></extension><example value="true"/><description value="Representation of the CDA example &#39;SML02_Example.xml&#39; as a Composition with contained resources"/><sourceReference><reference value="Composition/98e4b64a-d493-45c1-8102-b3b689da1c15"/></sourceReference></resource><resource><extension url="http://hl7.org/fhir/StructureDefinition/implementationguide-page"><valueUri value="Composition-ab4537a4-20c9-4f8a-9867-5c435b7eaa28.html"/></extension><example value="true"/><description value="Representation of the CDA example &#39;SML03_Example.xml&#39; as a Composition with contained resources, and some logical identifiers"/><sourceReference><reference value="Composition/ab4537a4-20c9-4f8a-9867-5c435b7eaa28"/></sourceReference></resource><resource><extension url="http://hl7.org/fhir/StructureDefinition/implementationguide-page"><valueUri value="List-a04e9676-5c38-4c56-8d24-c600e192613e.html"/></extension><example value="true"/><description value="Representation of the CDA example &#39;SML04_Example.xml&#39;, standalone List instance"/><sourceReference><reference value="List/a04e9676-5c38-4c56-8d24-c600e192613e"/></sourceReference></resource><resource><extension url="http://hl7.org/fhir/StructureDefinition/implementationguide-page"><valueUri value="Composition-fd1583a5-bbdd-4d55-96f0-0c189e7c48b2.html"/></extension><example value="true"/><description value="Conversion of the CDA example &#39;SML04_Example.xml&#39;, as a Composition with contained resources"/><sourceReference><reference value="Composition/fd1583a5-bbdd-4d55-96f0-0c189e7c48b2"/></sourceReference></resource></package><page><source value="index.html"/><title value="Australian Digital Health Agency Shared Medicines List FHIR Implementation Guide"/><kind value="page"/></page></ImplementationGuide>