<?xml version="1.0" encoding="UTF-8"?>

<Composition xmlns="http://hl7.org/fhir">
  <id value="b482beb3-5b73-4dd1-abfc-74fdd77bb297"/>
  <meta>
    <profile value="http://ns.electronichealth.net.au/ci/fhir/3.0/StructureDefinition/composition-acp-1"/>
  </meta>
  <language value="en-AU"/>
  <text>
    <status value="additional"/><div xmlns="http://www.w3.org/1999/xhtml" lang="en-AU">
      
      <h1>Advance Care Planning</h1>
      
      <h2>Consumer details</h2>
      <table>
        <tbody>
          <tr>
            <th>Name</th>
            <td>Adam A. Everyman</td>
          </tr>
          <tr>
            <th>Identifier</th>
            <td>IHI: 8003608666701594</td>
          </tr>
          <tr>
            <th>Gender</th>
            <td>Male</td>
          </tr>
        </tbody>
      </table>
      
      <h2>Author details</h2>
      <table>
        <tbody>
          <tr>
            <th>Name</th>
            <td>Dr. Peter Chalmers</td>
          </tr>
          <tr>
            <th>Identifier</th>
            <td>HPI-I: 8003610000000000</td>
          </tr>
          <tr>
            <th>Authoring PractitionerRole</th>
            <td>Dr Peter Chalmers, General Practitioner, HPI-I: 8003610000000000</td>
          </tr>
        </tbody>
      </table>
      
      <h2>Document details</h2>
      <table>
        <tbody>
          <tr>
            <th>Status</th>
            <td>final</td>
          </tr>
          <tr>
            <th>Created</th>
            <td>21 June 2017, 09:00:15</td>
          </tr>
          <tr>
            <th>Custodian</th>
            <td>PAI-O: 8003640001000036</td>
          </tr>
        </tbody>
      </table>
      
    </div>
  </text>
  <extension url="http://hl7.org.au/fhir/StructureDefinition/composition-author-role">
    <valueReference>
      <reference value="PractitionerRole/cb9d944f-1b75-4603-b63a-167460882287"/>
    </valueReference>
  </extension>
  <status value="final"/>
  <type>
    <coding>
      <system value="https://healthterminologies.gov.au/fhir/CodeSystem/nctis-data-components-1"/>
      <code value="100.16975"/>
      <display value="Advance Care Planning"/>
    </coding>
  </type>
  <subject>
    <reference value="Patient/137f2770-8a52-48c8-98c0-790a29645a1a"/>
  </subject>
  <date value="2017-06-21T09:00:15+10:00"/>
  <author>
    <reference value="Practitioner/e75140ff-3476-4efb-b508-20aa6c6fbc77"/>
  </author>
  <title value="Advance Care Planning Document"/>
  <attester>
    <mode value="legal"/>
    <time value="2017-06-21T09:00:15+10:00"/>
    <party>
      <reference value="Practitioner/e75140ff-3476-4efb-b508-20aa6c6fbc77"/>
    </party>
  </attester>
  <custodian>
    <reference value="Organization/0b27b9e9-50fb-4975-9e60-d053e461828"/>
  </custodian>
  <section>
    <title value="Advance Care Planning Document"/>
    <code>
      <coding>
        <system value="https://healthterminologies.gov.au/fhir/CodeSystem/nctis-data-components-1"/>
        <code value="101.16973"/>
        <display value="Advance Care Information Section"/>
      </coding>
    </code>
    <text>
      <status value="additional"/><div xmlns="http://www.w3.org/1999/xhtml">
        <p><a href="attachment.pdf">Advance Care Plan for Adam</a></p>
        <p>Created on: 03 November 2009</p>
        <p>Created by: Dr. Peter Chalmers</p>
      </div>
    </text>
    <entry>
      <reference value="DocumentReference/fc7889ef-477b-45d2-9b76-968ecff5940b"/>
    </entry>
  </section>
</Composition>