<?xml version="1.0" encoding="UTF-8"?>

<DocumentReference xmlns="http://hl7.org/fhir">
  <id value="e8b72e23-65c3-4cef-b91a-aba0bd307f5c"/>
  <meta>
    <profile value="http://ns.electronichealth.net.au/ci/fhir/3.0/StructureDefinition/documentreference-acp-1"/>
  </meta>
  <text>
    <status value="generated"/><div xmlns="http://www.w3.org/1999/xhtml"><p><b>Generated Narrative with Details</b></p><p><b>id</b>: e8b72e23-65c3-4cef-b91a-aba0bd307f5c</p><p><b>meta</b>: </p><p><b>masterIdentifier</b>: urn:uuid:738b6ba4-709a-4091-ad05-4790f39e17bc</p><p><b>identifier</b>: urn:uuid:738b6ba4-709a-4091-ad05-4790f39e17bc</p><p><b>status</b>: current</p><p><b>type</b>: Advance Care Planning Document <span style="background: LightGoldenRodYellow">(Details : {https://healthterminologies.gov.au/fhir/CodeSystem/nctis-data-components-1 code '100.16998' = '100.16998', given as 'Advance Care Planning Document'})</span></p><p><b>subject</b>: <a href="Patient-7817adef-177a-464c-b56e-27ffc0af4606.html">Generated Summary: id: 7817adef-177a-464c-b56e-27ffc0af4606; National unique individual identifier = 8003608666701594; Adam A. Everyman(OFFICIAL), Damo ; gender: male</a></p><p><b>created</b>: 03/11/2019 12:35:00 PM</p><p><b>indexed</b>: 04/11/2019 12:35:00 PM</p><p><b>author</b>: <a href="Patient-7817adef-177a-464c-b56e-27ffc0af4606.html">Generated Summary: id: 7817adef-177a-464c-b56e-27ffc0af4606; National unique individual identifier = 8003608666701594; Adam A. Everyman(OFFICIAL), Damo ; gender: male</a></p><h3>Contents</h3><table class="grid"><tr><td>-</td><td><b>Attachment</b></td></tr><tr><td>*</td><td/></tr></table></div>
  </text>
  <masterIdentifier>
    <system value="urn:ietf:rfc:3986"/>
    <value value="urn:uuid:738b6ba4-709a-4091-ad05-4790f39e17bc"/>
  </masterIdentifier>
  <identifier>
    <system value="urn:ietf:rfc:3986"/>
    <value value="urn:uuid:738b6ba4-709a-4091-ad05-4790f39e17bc"/>
  </identifier>
  <status value="current"/>
  <type>
    <coding>
      <system value="https://healthterminologies.gov.au/fhir/CodeSystem/nctis-data-components-1"/>
      <code value="100.16998"/>
      <display value="Advance Care Planning Document"/>
    </coding>
  </type>
  <subject>
    <reference value="Patient/7817adef-177a-464c-b56e-27ffc0af4606"/>
  </subject>
  <created value="2019-11-03T12:35:00+10:00"/>
  <indexed value="2019-11-04T12:35:00+10:00"/>
  <author>
    <reference value="Patient/7817adef-177a-464c-b56e-27ffc0af4606"/>
  </author>
  <content>
    <attachment>
      <contentType value="application/pdf"/>
      <url value="attachment.pdf"/>
      <hash value="IiZNlyLY4gyewfICeWhFe2NcDDw="/>
    </attachment>
  </content>
</DocumentReference>