<?xml version="1.0" encoding="UTF-8"?>

<Practitioner xmlns="http://hl7.org/fhir">
  <id value="4af51762-11cd-4bd6-8212-d6b1dc85696e"/>
  <meta>
    <profile value="http://ns.electronichealth.net.au/ci/fhir/3.0/StructureDefinition/practitioner-dh-base-1"/>
    <profile value="http://ns.electronichealth.net.au/ci/fhir/3.0/StructureDefinition/practitioner-ident-1"/>
  </meta>
  <text>
    <status value="generated"/><div xmlns="http://www.w3.org/1999/xhtml"><p><b>Generated Narrative with Details</b></p><p><b>id</b>: 4af51762-11cd-4bd6-8212-d6b1dc85696e</p><p><b>meta</b>: </p><p><b>identifier</b>: HPI-I = 8003610000000000</p><p><b>name</b>: Peter Chalmers (OFFICIAL)</p><h3>Qualifications</h3><table class="grid"><tr><td>-</td><td><b>Identifier</b></td><td><b>Code</b></td><td><b>Issuer</b></td></tr><tr><td>*</td><td>AHPRA registration number = MED0000932850</td><td>AHPRA qualification for General Practitioner <span style="background: LightGoldenRodYellow">(Details : {http://www.abs.gov.au/ausstats/abs@.nsf/mf/1220.0 code '253111' = '253111', given as 'General Medical Practitioner'})</span></td><td>AHPRA</td></tr></table></div>
  </text>
  <identifier>
    <type>
      <coding>
        <system value="http://hl7.org/fhir/v2/0203"/>
        <code value="NPI"/>
        <display value="National provider identifier"/>
      </coding>
      <text value="HPI-I"/>
    </type>
    <system value="http://ns.electronichealth.net.au/id/hi/hpii/1.0"/>
    <value value="8003610000000000"/>
  </identifier>
  <name>
    <use value="official"/>
    <family value="Chalmers"/>
    <given value="Peter"/>
    <prefix value="Dr."/>
  </name>
  <qualification>
    <identifier>
      <type>
        <coding>
          <system value="http://hl7.org.au/fhir/v2/0203"/>
          <code value="AHPRA"/>
          <display value="Australian Health Practitioner Regulation Agency Registration Number"/>
        </coding>
        <text value="AHPRA registration number"/>
      </type>
      <system value="http://hl7.org.au/id/ahpra-registration-number"/>
      <value value="MED0000932850"/>
    </identifier>
    <code>
      <coding>
        <system value="http://www.abs.gov.au/ausstats/abs@.nsf/mf/1220.0"/>
        <code value="253111"/>
        <display value="General Medical Practitioner"/>
      </coding>
      <text value="AHPRA qualification for General Practitioner"/>
    </code>
    <issuer>
      <display value="AHPRA"/>
    </issuer>
  </qualification>
</Practitioner>