{
  "package": "fhir.dh.advance-care-records",
  "version": "1.0.0",
  "fhirVersion": "3.0.1",
  "extensions": [],
  "profiles": {
    "Organization": [
      {
        "url": "http://ns.electronichealth.net.au/ci/fhir/3.0/StructureDefinition/organization-dh-base-1",
        "title": "Base Organization"
      },
      {
        "url": "http://ns.electronichealth.net.au/ci/fhir/3.0/StructureDefinition/organization-ident-1",
        "title": "Organization with Mandatory Identifier"
      }
    ],
    "Patient": [
      {
        "url": "http://ns.electronichealth.net.au/ci/fhir/3.0/StructureDefinition/patient-dh-base-1",
        "title": "Base Patient"
      },
      {
        "url": "http://ns.electronichealth.net.au/ci/fhir/3.0/StructureDefinition/patient-ident-1",
        "title": "Patient with Mandatory Identifier"
      }
    ],
    "Practitioner": [
      {
        "url": "http://ns.electronichealth.net.au/ci/fhir/3.0/StructureDefinition/practitioner-dh-base-1",
        "title": "Base Practitioner"
      },
      {
        "url": "http://ns.electronichealth.net.au/ci/fhir/3.0/StructureDefinition/practitioner-ident-1",
        "title": "Practitioner with Mandatory Identifier"
      }
    ],
    "PractitionerRole": [
      {
        "url": "http://ns.electronichealth.net.au/ci/fhir/3.0/StructureDefinition/practitionerrole-dh-base-1",
        "title": "Base PractitionerRole"
      },
      {
        "url": "http://ns.electronichealth.net.au/ci/fhir/3.0/StructureDefinition/practitionerrole-withpractitionerident-1",
        "title": "PractitionerRole with Practitioner with Mandatory Identifier"
      }
    ],
    "RelatedPerson": [
      {
        "url": "http://ns.electronichealth.net.au/ci/fhir/3.0/StructureDefinition/relatedperson-dh-base-1",
        "title": "Base RelatedPerson"
      },
      {
        "url": "http://ns.electronichealth.net.au/ci/fhir/3.0/StructureDefinition/relatedperson-ident-1",
        "title": "Related Person with Mandatory Identifier"
      }
    ]
  },
  "usage": {
    "http://hl7.org.au/fhir/StructureDefinition/closing-the-gap-registration": [
      "Patient"
    ],
    "http://hl7.org.au/fhir/StructureDefinition/date-accuracy-indicator": [
      "Patient.birthDate",
      "Patient.deceasedDateTime"
    ],
    "http://hl7.org.au/fhir/StructureDefinition/ihi-record-status": [
      "Patient.identifier",
      "RelatedPerson.identifier"
    ],
    "http://hl7.org.au/fhir/StructureDefinition/ihi-status": [
      "Patient.identifier",
      "RelatedPerson.identifier"
    ],
    "http://hl7.org.au/fhir/StructureDefinition/indigenous-status": [
      "Patient"
    ],
    "http://hl7.org/fhir/StructureDefinition/birthPlace": [
      "Patient"
    ],
    "http://hl7.org/fhir/StructureDefinition/elementdefinition-bindingName": [
      "StructureDefinition.differential.element.binding",
      "StructureDefinition.snapshot.element.binding"
    ],
    "http://hl7.org/fhir/StructureDefinition/elementdefinition-isCommonBinding": [
      "StructureDefinition.snapshot.element.binding"
    ],
    "http://hl7.org/fhir/StructureDefinition/elementdefinition-maxValueSet": [
      "StructureDefinition.snapshot.element.binding"
    ],
    "http://hl7.org/fhir/StructureDefinition/elementdefinition-translatable": [
      "StructureDefinition.differential.element",
      "StructureDefinition.snapshot.element"
    ],
    "http://hl7.org/fhir/StructureDefinition/patient-birthTime": [
      "Patient.birthDate"
    ],
    "http://hl7.org/fhir/StructureDefinition/patient-mothersMaidenName": [
      "Patient"
    ],
    "http://hl7.org/fhir/StructureDefinition/structuredefinition-explicit-type-name": [
      "StructureDefinition.differential.element",
      "StructureDefinition.snapshot.element"
    ],
    "http://hl7.org/fhir/StructureDefinition/structuredefinition-json-type": [
      "StructureDefinition.snapshot.element.type.code"
    ],
    "http://hl7.org/fhir/StructureDefinition/structuredefinition-rdf-type": [
      "StructureDefinition.snapshot.element.type.code"
    ],
    "http://hl7.org/fhir/StructureDefinition/structuredefinition-regex": [
      "StructureDefinition.snapshot.element.type"
    ],
    "http://hl7.org/fhir/StructureDefinition/structuredefinition-standards-status": [
      "StructureDefinition.snapshot.element"
    ],
    "http://hl7.org/fhir/StructureDefinition/structuredefinition-xml-type": [
      "StructureDefinition.snapshot.element.type.code"
    ]
  }
}