{"resourceType":"ImplementationGuide","id":"implementationguide-prescriptiondispenselists-1","text":{"status":"generated","div":"<div xmlns=\"http://www.w3.org/1999/xhtml\"><h2>Prescription and Dispense Lists</h2><p>The official URL for this implementation guide is: </p><pre>http://ns.electronichealth.net.au/ci/fhir/3.0/ImplementationGuide/implementationguide-prescriptiondispenselists-1</pre><div><p>This implementation guide is an HL7™ FHIR® specification to represent a Prescription and Dispense Lists (PDL).</p>\n<p>The primary aim of this implementation guide is to support implementing PDL in FHIR, Release 3 (STU). The resulting FHIR can be used for the electronic exchange of PDL information between healthcare providers.</p>\n<p>This implementation guide is not to be used as a guide to presentation (or rendering) of the data. It contains no information as to how the data described by it should be displayed and no such guidance should be inferred.</p>\n<p>This implementation guide does not describe transport or persistence mechanism of the resources described by it.</p>\n</div></div>"},"url":"http://ns.electronichealth.net.au/ci/fhir/3.0/ImplementationGuide/implementationguide-prescriptiondispenselists-1","version":"1.0.0","name":"Prescription and Dispense Lists","status":"draft","experimental":true,"date":"2019-11-04T14:39:08+10:00","publisher":"Australian Digital Health Agency","contact":[{"telecom":[{"system":"email","value":"help@digitalhealth.gov.au"}]}],"description":"This implementation guide is an HL7™ FHIR® specification to represent a Prescription and Dispense Lists (PDL).\n \nThe primary aim of this implementation guide is to support implementing PDL in FHIR, Release 3 (STU). The resulting FHIR can be used for the electronic exchange of PDL information between healthcare providers.\n \nThis implementation guide is not to be used as a guide to presentation (or rendering) of the data. It contains no information as to how the data described by it should be displayed and no such guidance should be inferred.\n \nThis implementation guide does not describe transport or persistence mechanism of the resources described by it.","copyright":"Copyright © 2019 Australian Digital Health Agency - All rights reserved. This content is licensed under a Creative Commons Attribution 4.0 International License. See https://creativecommons.org/licenses/by/4.0/.","fhirVersion":"3.0.2","package":[{"id":"p1","name":"PDL","resource":[{"extension":[{"url":"http://hl7.org/fhir/StructureDefinition/implementationguide-page","valueUri":"StructureDefinition-provenance-list-gen-1.html"}],"example":false,"name":"provenance-list-gen-1","sourceReference":{"reference":"StructureDefinition/provenance-list-gen-1"}},{"extension":[{"url":"http://hl7.org/fhir/StructureDefinition/implementationguide-page","valueUri":"StructureDefinition-list-pdl-1.html"}],"example":false,"name":"list-pdl-1","sourceReference":{"reference":"StructureDefinition/list-pdl-1"}},{"extension":[{"url":"http://hl7.org/fhir/StructureDefinition/implementationguide-page","valueUri":"StructureDefinition-relatedperson-dh-base-1.html"}],"example":false,"name":"relatedperson-dh-base-1","description":"The Agency RelatedPerson profile, as derived from the STU3 RelatedPerson resource","sourceReference":{"reference":"StructureDefinition/relatedperson-dh-base-1"}},{"extension":[{"url":"http://hl7.org/fhir/StructureDefinition/implementationguide-page","valueUri":"StructureDefinition-patient-ident-1.html"}],"example":false,"name":"patient-ident-1","sourceReference":{"reference":"StructureDefinition/patient-ident-1"}},{"extension":[{"url":"http://hl7.org/fhir/StructureDefinition/implementationguide-page","valueUri":"StructureDefinition-practitioner-ident-1.html"}],"example":false,"name":"patient-ident-1","sourceReference":{"reference":"StructureDefinition/practitioner-ident-1"}},{"extension":[{"url":"http://hl7.org/fhir/StructureDefinition/implementationguide-page","valueUri":"StructureDefinition-practitionerrole-withpractitionerident-1.html"}],"example":false,"sourceReference":{"reference":"StructureDefinition/practitionerrole-withpractitionerident-1"}},{"extension":[{"url":"http://hl7.org/fhir/StructureDefinition/implementationguide-page","valueUri":"StructureDefinition-relatedperson-ident-1.html"}],"example":false,"name":"relatedperson-ident-1","sourceReference":{"reference":"StructureDefinition/relatedperson-ident-1"}},{"extension":[{"url":"http://hl7.org/fhir/StructureDefinition/implementationguide-page","valueUri":"StructureDefinition-device-dh-base-1.html"}],"example":false,"sourceReference":{"reference":"StructureDefinition/device-dh-base-1"}},{"extension":[{"url":"http://hl7.org/fhir/StructureDefinition/implementationguide-page","valueUri":"StructureDefinition-device-ident-1.html"}],"example":false,"sourceReference":{"reference":"StructureDefinition/device-ident-1"}},{"extension":[{"url":"http://hl7.org/fhir/StructureDefinition/implementationguide-page","valueUri":"StructureDefinition-patient-dh-base-1.html"}],"example":false,"name":"patient-dh-base-1","description":"The Agency Patient profile, as derived from the HL7 AU patient profile.","sourceReference":{"reference":"StructureDefinition/patient-dh-base-1"}},{"extension":[{"url":"http://hl7.org/fhir/StructureDefinition/implementationguide-page","valueUri":"StructureDefinition-organization-dh-base-1.html"}],"example":false,"name":"organization-dh-base-1","description":"The Agency Organization profile, as derived from the HL7 AU Organization profile.","sourceReference":{"reference":"StructureDefinition/organization-dh-base-1"}},{"extension":[{"url":"http://hl7.org/fhir/StructureDefinition/implementationguide-page","valueUri":"StructureDefinition-practitioner-dh-base-1.html"}],"example":false,"sourceReference":{"reference":"StructureDefinition/practitioner-dh-base-1"}},{"extension":[{"url":"http://hl7.org/fhir/StructureDefinition/implementationguide-page","valueUri":"StructureDefinition-humanname-dh-base-1.html"}],"example":false,"sourceReference":{"reference":"StructureDefinition/humanname-dh-base-1"}}]}],"page":{"source":"index.html","title":"Australian Digital Health Agency Prescription and Dispense Lists FHIR Implementation Guide","kind":"page"}}