<?xml version="1.0" encoding="UTF-8"?>

<MedicationStatement xmlns="http://hl7.org/fhir">
  <id value="c20c510b-fd91-45eb-bacc-171a9a0261e5"/>
  <meta>
    <lastUpdated value="2019-06-03T11:00:00+10:00"/>
  </meta>
  <text>
    <status value="generated"/><div xmlns="http://www.w3.org/1999/xhtml"><p><b>Generated Narrative with Details</b></p><p><b>id</b>: c20c510b-fd91-45eb-bacc-171a9a0261e5</p><p><b>meta</b>: </p><p><b>status</b>: intended</p><p><b>medication</b>: Bactrim DS - tablet <span style="background: LightGoldenRodYellow">(Details : {SNOMED CT code '6632011000036102' = '6632011000036102', given as 'Bactrim DS film-coated tablet'})</span></p><p><b>subject</b>: <a href="Patient-3a72f2d2-c9ed-40a4-beac-01c14dcf244a.html">Generated Summary: id: 3a72f2d2-c9ed-40a4-beac-01c14dcf244a; Health Card Number = 307111942H; Gough Goodpatient ; gender: male</a></p><p><b>taken</b>: n</p><p><b>reasonCode</b>: Urinary tract infection <span style="background: LightGoldenRodYellow">(Details : {SNOMED CT code '68566005' = 'Urinary tract infectious disease', given as 'Urinary tract infection'})</span></p><p><b>dosage</b>: </p></div>
  </text>
  <status value="intended"/>
  <medicationCodeableConcept>
    <coding>
      <system value="http://snomed.info/sct"/>
      <code value="6632011000036102"/>
      <display value="Bactrim DS film-coated tablet"/>
    </coding>
    <text value="Bactrim DS - tablet"/>
  </medicationCodeableConcept>
  <subject>
    <reference value="Patient/3a72f2d2-c9ed-40a4-beac-01c14dcf244a"/>
  </subject>
  <taken value="n"/>
  <reasonCode>
    <coding>
      <system value="http://snomed.info/sct"/>
      <code value="68566005"/>
      <display value="Urinary tract infection"/>
    </coding>
  </reasonCode>
  <dosage>
    <text value="Take 2 tablets twice a day"/>
  </dosage>
</MedicationStatement>