<?xml version="1.0" encoding="UTF-8"?>

<PractitionerRole xmlns="http://hl7.org/fhir">
  <id value="45cad6ac-e9a3-418a-8480-4e64132849f2"/>
  <meta>
    <profile value="http://ns.electronichealth.net.au/ci/fhir/3.0/StructureDefinition/practitionerrole-withpractitionerident-1"/>
  </meta>
  <text>
    <status value="generated"/><div xmlns="http://www.w3.org/1999/xhtml"><p><b>Generated Narrative with Details</b></p><p><b>id</b>: 45cad6ac-e9a3-418a-8480-4e64132849f2</p><p><b>meta</b>: </p><p><b>identifier</b>: Medicare Provider Number = 5544887B, HPI-I = 8003610000000000</p><p><b>practitioner</b>: <a href="Practitioner-40a94071-8373-4d53-a788-63b79c75a3c1.html">Generated Summary: id: 40a94071-8373-4d53-a788-63b79c75a3c1; HPI-I = 8003610000000000; Barry Helpman (OFFICIAL); bhelpman@example.devonportgp.com.au(WORK)</a></p><p><b>organization</b>: <a href="Organization-021fff67-c5ec-438f-9520-ce9bafee1306.html">Generated Summary: id: 021fff67-c5ec-438f-9520-ce9bafee1306; ABN = 51824754455; name: Devonport Family Medicine Clinic; reception@example.dfmc.com.au(WORK), fax: (03) 8543 5557(WORK), ph: (03) 8543 5556(WORK)</a></p><p><b>code</b>: GP <span style="background: LightGoldenRodYellow">(Details : {http://www.abs.gov.au/ausstats/abs@.nsf/mf/1220.0 code '253111' = '253111', given as 'General Practitioner'})</span></p></div>
  </text>
  <identifier>
    <type>
      <coding>
        <system value="http://hl7.org.au/fhir/v2/0203"/>
        <code value="UPIN"/>
      </coding>
      <text value="Medicare Provider Number"/>
    </type>
    <system value="http://ns.electronichealth.net.au/id/medicare-provider-number"/>
    <value value="5544887B"/>
  </identifier>
  <identifier>
    <type>
      <coding>
        <system value="http://hl7.org/fhir/v2/0203"/>
        <code value="NPI"/>
        <display value="National provider identifier"/>
      </coding>
      <text value="HPI-I"/>
    </type>
    <system value="http://ns.electronichealth.net.au/id/hi/hpii/1.0"/>
    <value value="8003610000000000"/>
  </identifier>
  <practitioner>
    <reference value="Practitioner/40a94071-8373-4d53-a788-63b79c75a3c1"/>
  </practitioner>
  <organization>
    <reference value="Organization/021fff67-c5ec-438f-9520-ce9bafee1306"/>
  </organization>
  <code>
    <coding>
      <system value="http://www.abs.gov.au/ausstats/abs@.nsf/mf/1220.0"/>
      <code value="253111"/>
      <display value="General Practitioner"/>
    </coding>
    <text value="GP"/>
  </code>
</PractitionerRole>