"Path","Slice Name","Alias(s)","Label","Min","Max","Must Support?","Is Modifier?","Is Summary?","Type(s)","Short","Definition","Comments","Requirements","Default Value","Meaning When Missing","Fixed Value","Pattern","Example","Minimum Value","Maximum Value","Maximum Length","Binding Strength","Binding Description","Binding Value Set","Code","Slicing Discriminator","Slicing Description","Slicing Ordered","Slicing Rules","Base Path","Base Min","Base Max","Condition(s)","Constraint(s)","Mapping: HL7 v2 Mapping","Mapping: RIM Mapping","Mapping: W5 Mapping","Mapping: Workflow Mapping","Mapping: CDA (R2)"
"Immunization","","","",0,*,"","","","","Immunization event information","Describes the event of a patient being administered a vaccination or a record of a vaccination as reported by a patient, a clinician or another party and may include vaccine reaction information and what vaccination protocol was followed.","","","","","","","","","",,,,,"",,,,"Immunization",0,*,"","dom-2:If the resource is contained in another resource, it SHALL NOT contain nested Resources {contained.contained.empty()}
dom-1:If the resource is contained in another resource, it SHALL NOT contain any narrative {contained.text.empty()}dom-4:If a resource is contained in another resource, it SHALL NOT have a meta.versionId or a meta.lastUpdated {contained.meta.versionId.empty() and contained.meta.lastUpdated.empty()}dom-3:If the resource is contained in another resource, it SHALL be referred to from elsewhere in the resource {contained.where(('#'+id in %resource.descendants().reference).not()).empty()}imm-2:If immunization was administered (notGiven=false) then explanation.reasonNotGiven SHALL be absent. {(notGiven = true) or explanation.reasonNotGiven.empty()}imm-1:If immunization was not administered (notGiven=true) then there SHALL be no reaction nor explanation.reason present {(notGiven = true).not() or (reaction.empty() and explanation.reason.empty())}inv-dh-imm-01:If immunization was administered (notGiven=false) then date SHALL be present and cancellation period SHALL be absent. {(notGiven = false) implies (date and extension('http://ns.electronichealth.net.au/ci/fhir/StructureDefinition/extension-immunization-cancellationperiod').empty())}inv-dh-imm-02:One meta.profile SHALL have value 'http://ns.electronichealth.net.au/ci/fhir/StructureDefinition/immunization-air' {meta.profile.where($this='http://ns.electronichealth.net.au/ci/fhir/StructureDefinition/immunization-air').exists()}","VXU_V04","Entity. Role, or Act","SubstanceAdministration","clinical.medication"
"Immunization.id","","","",0,1,"","","Y","id {[]} {[]}
","Logical id of this artifact","The logical id of the resource, as used in the URL for the resource. Once assigned, this value never changes.","The only time that a resource does not have an id is when it is being submitted to the server using a create operation.","","","","","","","","",,,,,"",,,,"Resource.id",0,1,"",""
"Immunization.meta","","","",1,1,"","","Y","Meta {[]} {[]}
","Metadata about the resource","The metadata about the resource. This is content that is maintained by the infrastructure. Changes to the content may not always be associated with version changes to the resource.","","","","","","","","","",,,,,"",,,,"Resource.meta",0,1,"",""
"Immunization.meta.id","","","",0,1,"","","","string {[]} {[]}
","xml:id (or equivalent in JSON)","unique id for the element within a resource (for internal references). This may be any string value that does not contain spaces.","","","","","","","","","",,,,,"",,,,"Element.id",0,1,"","","n/a"
"Immunization.meta.extension","","extensions
user content","",0,*,"","","","Extension {[]} {[]}
","Additional Content defined by implementations","May be used to represent additional information that is not part of the basic definition of the element. In order to make the use of extensions safe and manageable, there is a strict set of governance  applied to the definition and use of extensions. Though any implementer is allowed to define an extension, there is a set of requirements that SHALL be met as part of the definition of the extension.","There can be no stigma associated with the use of extensions by any application, project, or standard - regardless of the institution or jurisdiction that uses or defines the extensions.  The use of extensions is what allows the FHIR specification to retain a core level of simplicity for everyone.","","","","","","","","",,,,,"","value:url}
","Extensions are always sliced by (at least) url",,"open","Element.extension",0,*,"","","n/a"
"Immunization.meta.versionId","","","",0,1,"","","Y","id {[]} {[]}
","Version specific identifier","The version specific identifier, as it appears in the version portion of the URL. This values changes when the resource is created, updated, or deleted.","The server assigns this value, and ignores what the client specifies, except in the case that the server is imposing version integrity on updates/deletes.","","","","","","","","",,,,,"",,,,"Meta.versionId",0,1,"",""
"Immunization.meta.lastUpdated","","","",0,1,"","","Y","instant {[]} {[]}
","When the resource version last changed","When the resource last changed - e.g. when the version changed.","This value is always populated except when the resource is first being created. The server / resource manager sets this value; what a client provides is irrelevant.","","","","","","","","",,,,,"",,,,"Meta.lastUpdated",0,1,"",""
"Immunization.meta.profile","","","",1,*,"","","Y","uri {[]} {[]}
","Profiles this resource claims to conform to","A list of profiles (references to [StructureDefinition](structuredefinition.html#) resources) that this resource claims to conform to. The URL is a reference to [StructureDefinition.url](structuredefinition-definitions.html#StructureDefinition.url).","It is up to the server and/or other infrastructure of policy to determine whether/how these claims are verified and/or updated over time.  The list of profile URLs is a set.","","","","","","","","",,,,,"",,,,"Meta.profile",0,*,"",""
"Immunization.meta.security","","","",0,*,"","","Y","Coding {[]} {[]}
","Security Labels applied to this resource","Security labels applied to this resource. These tags connect specific resources to the overall security policy and infrastructure.","The security labels can be updated without changing the stated version of the resource  The list of security labels is a set. Uniqueness is based the system/code, and version and display are ignored.","","","","","","","","",,"extensible","Security Labels from the Healthcare Privacy and Security Classification System.","http://hl7.org/fhir/ValueSet/security-labels","",,,,"Meta.security",0,*,"",""
"Immunization.meta.tag","","","",0,*,"","","Y","Coding {[]} {[]}
","Tags applied to this resource","Tags applied to this resource. Tags are intended to be used to identify and relate resources to process and workflow, and applications are not required to consider the tags when interpreting the meaning of a resource.","The tags can be updated without changing the stated version of the resource.  The list of tags is a set. Uniqueness is based the system/code, and version and display are ignored.","","","","","","","","",,"example","Codes that represent various types of tags, commonly workflow-related; e.g. ""Needs review by Dr. Jones""","http://hl7.org/fhir/ValueSet/common-tags","",,,,"Meta.tag",0,*,"",""
"Immunization.implicitRules","","","",0,1,"","Y","Y","uri {[]} {[]}
","A set of rules under which this content was created","A reference to a set of rules that were followed when the resource was constructed, and which must be understood when processing the content.","Asserting this rule set restricts the content to be only understood by a limited set of trading partners. This inherently limits the usefulness of the data in the long term. However, the existing health eco-system is highly fractured, and not yet ready to define, collect, and exchange data in a generally computable sense. Wherever possible, implementers and/or specification writers should avoid using this element. 

This element is labelled as a modifier because the implicit rules may provide additional knowledge about the resource that modifies it's meaning or interpretation.","","","","","","","","",,,,,"",,,,"Resource.implicitRules",0,1,"",""
"Immunization.language","","","",0,1,"","","","code {[]} {[]}
","Language of the resource content","The base language in which the resource is written.","Language is provided to support indexing and accessibility (typically, services such as text to speech use the language tag). The html language tag in the narrative applies  to the narrative. The language tag on the resource may be used to specify the language of other presentations generated from the data in the resource  Not all the content has to be in the base language. The Resource.language should not be assumed to apply to the narrative automatically. If a language is specified, it should it also be specified on the div element in the html (see rules in HTML5 for information about the relationship between xml:lang and the html lang attribute).","","","","","","","","",,"extensible","A human language.","http://hl7.org/fhir/ValueSet/languages","",,,,"Resource.language",0,1,"",""
"Immunization.text","","narrative
htmlxhtmldisplay","",0,1,"","","","Narrative {[]} {[]}
","Text summary of the resource, for human interpretation","A human-readable narrative that contains a summary of the resource, and may be used to represent the content of the resource to a human. The narrative need not encode all the structured data, but is required to contain sufficient detail to make it ""clinically safe"" for a human to just read the narrative. Resource definitions may define what content should be represented in the narrative to ensure clinical safety.","Contained resources do not have narrative. Resources that are not contained SHOULD have a narrative. In some cases, a resource may only have text with little or no additional discrete data (as long as all minOccurs=1 elements are satisfied).  This may be necessary for data from legacy systems where information is captured as a ""text blob"" or where text is additionally entered raw or narrated and encoded in formation is added later.","","","","","","","","",,,,,"",,,,"DomainResource.text",0,1,"dom-1
","","Act.text?"
"Immunization.contained","","inline resources
anonymous resourcescontained resources","",0,*,"","","","Resource {[]} {[]}
","Contained, inline Resources","These resources do not have an independent existence apart from the resource that contains them - they cannot be identified independently, and nor can they have their own independent transaction scope.","This should never be done when the content can be identified properly, as once identification is lost, it is extremely difficult (and context dependent) to restore it again.","","","","","","","","",,,,,"",,,,"DomainResource.contained",0,*,"","","N/A"
"Immunization.extension","","","",0,*,"","","","Extension {[]} {[]}
","Extension","An Extension","","","","","","","","","",,,,,"","value:url}
","",,"open","DomainResource.extension",0,*,"",""
"Immunization.extension","cancellationPeriod","","",0,1,"Y","","","Extension {[CanonicalType[http://ns.electronichealth.net.au/ci/fhir/StructureDefinition/extension-immunization-cancellationperiod]]} {[]}
","Immunisation cancellation period","Time period during which immunisation is prevented due to the reasonNotGiven.","","","","","","","","","",,,,,"",,,,"DomainResource.extension",0,*,"ele-1
","ele-1:All FHIR elements must have a @value or children {hasValue() | (children().count() > id.count())}
ext-1:Must have either extensions or value[x], not both {extension.exists() != value.exists()}"
"Immunization.modifierExtension","","extensions
user content","",0,*,"","Y","","Extension {[]} {[]}
","Extensions that cannot be ignored","May be used to represent additional information that is not part of the basic definition of the resource, and that modifies the understanding of the element that contains it. Usually modifier elements provide negation or qualification. In order to make the use of extensions safe and manageable, there is a strict set of governance applied to the definition and use of extensions. Though any implementer is allowed to define an extension, there is a set of requirements that SHALL be met as part of the definition of the extension. Applications processing a resource are required to check for modifier extensions.","There can be no stigma associated with the use of extensions by any application, project, or standard - regardless of the institution or jurisdiction that uses or defines the extensions.  The use of extensions is what allows the FHIR specification to retain a core level of simplicity for everyone.","","","","","","","","",,,,,"",,,,"DomainResource.modifierExtension",0,*,"","","N/A"
"Immunization.identifier","","","",1,1,"Y","","","Identifier {[]} {[]}
","Business identifier","A unique identifier assigned to this immunization record.","","","","","","","","","",,,,,"",,,,"Immunization.identifier",0,*,"","",".id","id","Event.identifier","ClinicalDocument/component/StructuredBody/component/section/entry/substanceAdministration/id"
"Immunization.status","","","",1,1,"Y","Y","Y","code {[]} {[]}
","completed | entered-in-error","Indicates the current status of the vaccination event.","Will generally be set to show that the immunization has been completed.

This element is labeled as a modifier because the status contains codes that mark the resource as not currently valid.","","","","<valueCode xmlns=""http://hl7.org/fhir"" value=""completed""/>","","","","",,"required","A set of codes indicating the current status of an Immunization","http://hl7.org/fhir/ValueSet/immunization-status","",,,,"Immunization.status",1,1,"","","statusCode","status","Event.status"
"Immunization.notGiven","","","",1,1,"Y","Y","Y","boolean {[]} {[]}
","Flag for whether immunization was given","Indicates if the vaccination was or was not given.","This element is labeled as a modifier because it indicates that an immunization didn't happen.","","","","","","","","",,,,,"",,,,"Immunization.notGiven",1,1,"","","[actionNegationInd=true].reasonCode","status","Event.notDone"
"Immunization.vaccineCode","","","",1,1,"Y","","","CodeableConcept {[]} {[]}
","Vaccine product administered","Vaccine that was administered or was to be administered.","","","","","","","","","",,"required","","https://healthterminologies.gov.au/fhir/ValueSet/australian-vaccine-1","",,,,"Immunization.vaccineCode",1,1,"","","RXA-5",".code","what","Event.code","ClinicalDocument/component/StructuredBody/component/section/entry/substanceAdministration/consumable/manfacturedProduct/manufacturedMaterial/realmCode/code"
"Immunization.patient","","","",1,1,"Y","","","Reference {[]} {[CanonicalType[http://hl7.org.au/fhir/StructureDefinition/au-patient]]}
","Who was immunized","The patient who either received or did not receive the immunization.","","","","","","","","","",,,,,"",,,,"Immunization.patient",1,1,"","","PID-3",".partipication[ttypeCode=].role","who.focus","Event.subject"
"Immunization.encounter","","","",0,1,"","","","Reference {[]} {[CanonicalType[http://hl7.org/fhir/StructureDefinition/Encounter]]}
","Encounter administered as part of","The visit or admission or other contact between patient and health care provider the immunization was performed as part of.","","","","","","","","","",,,,,"",,,,"Immunization.encounter",0,1,"","","PV1-19","component->EncounterEvent","context","Event.context"
"Immunization.date","","","",0,1,"Y","","","dateTime {[]} {[]}
","Vaccination administration date","Date vaccine administered or was to be administered.","When immunizations are given a specific date and time should always be known.   When immunizations are patient reported, a specific date might not be known.  Although partial dates are allowed, an adult patient might not be able to recall the year a childhood immunization was given.","","","","","","","","",,,,,"",,,,"Immunization.date",0,1,"","","RXA-3",".effectiveTime","when.init","Event.occurrence.occurrenceDateTime","ClinicalDocument/component/StructuredBody/component/section/entry/substanceAdministration/effectiveTime/value"
"Immunization.primarySource","","","",1,1,"Y","","","boolean {[]} {[]}
","Indicates context the data was recorded in","An indication that the content of the record is based on information from the person who administered the vaccine. This reflects the context under which the data was originally recorded.","Reflects the “reliability” of the content.","","","","<valueBoolean xmlns=""http://hl7.org/fhir"" value=""true""/>","","","","",,,,,"",,,,"Immunization.primarySource",1,1,"","","RXA-9","immunization.uncertaintycode (if primary source=false, uncertainty=U)","who.source"
"Immunization.reportOrigin","","","",0,1,"","","","CodeableConcept {[]} {[]}
","Indicates the source of a secondarily reported record","The source of the data when the report of the immunization event is not based on information from the person who administered the vaccine.","Should not be populated if primarySource = True, will not be required even if primarySource = False.","","","","","","","","",,"example","The source of the data for a record which is not from a primary source.","http://hl7.org/fhir/ValueSet/immunization-origin","",,,,"Immunization.reportOrigin",0,1,"","","RXA-9",".participation[typeCode=INF].role[classCode=PAT] (this syntax for self-reported)
.participation[typeCode=INF].role[classCode=LIC] (this syntax for health care professional)
.participation[typeCode=INF].role[classCode=PRS] (this syntax for family member)","who.source"
"Immunization.location","","","",0,1,"","","","Reference {[]} {[CanonicalType[http://hl7.org/fhir/StructureDefinition/Location]]}
","Where vaccination occurred","The service delivery location where the vaccine administration occurred.","","","","","","","","","",,,,,"",,,,"Immunization.location",0,1,"","","RXA-27  (or RXA-11, deprecated as of v2.7)",".participation[typeCode=LOC].COCT_MT240000UV","where"
"Immunization.manufacturer","","","",0,1,"","","","Reference {[]} {[CanonicalType[http://hl7.org.au/fhir/StructureDefinition/au-organisation]]}
","Vaccine manufacturer","Name of vaccine manufacturer.","","","","","","","","","",,,,,"",,,,"Immunization.manufacturer",0,1,"","","RXA-17",".participation[typeCode=CSM].role[classCode=INST].scopedRole.scoper[classCode=ORG]","ClinicalDocument/component/StructuredBody/component/section/entry/substanceAdministration/consumable/manfacturedProduct/manufacuturerOrganization/name"
"Immunization.lotNumber","","","",0,1,"","","","string {[]} {[]}
","Vaccine lot number","Lot number of the  vaccine product.","","","","","","","","","",,,,,"",,,,"Immunization.lotNumber",0,1,"","","RXA-15",".participation[typeCode=CSM].role[classCode=INST].scopedRole.scoper[classCode=MMAT].id","ClinicalDocument/component/StructuredBody/component/section/entry/substanceAdministration/consumable/manfacturedProduct/manufacturedMaterial/lotNumberText"
"Immunization.expirationDate","","","",0,1,"","","","date {[]} {[]}
","Vaccine expiration date","Date vaccine batch expires.","","","","","","","","","",,,,,"",,,,"Immunization.expirationDate",0,1,"","","RXA-16",".participation[typeCode=CSM].role[classCode=INST].scopedRole.scoper[classCode=MMAT].expirationTime"
"Immunization.site","","","",0,1,"","","","CodeableConcept {[]} {[]}
","Body site vaccine  was administered","Body site where vaccine was administered.","","","","","","","","","",,"example","The site at which the vaccine was administered","http://hl7.org/fhir/ValueSet/immunization-site","",,,,"Immunization.site",0,1,"","","RXR-2","observation.targetSiteCode","ClinicalDocument/component/StructuredBody/component/section/entry/substanceAdministration/approachSiteCode/code"
"Immunization.route","","","",0,1,"","","","CodeableConcept {[]} {[]}
","How vaccine entered body","The path by which the vaccine product is taken into the body.","","","","","","","","","",,"example","The route by which the vaccine was administered","http://hl7.org/fhir/ValueSet/immunization-route","",,,,"Immunization.route",0,1,"","","RXR-1",".routeCode","ClinicalDocument/component/StructuredBody/component/section/entry/substanceAdministration/routeCode/code"
"Immunization.doseQuantity","","","",0,1,"","","","Quantity {[CanonicalType[http://hl7.org/fhir/StructureDefinition/SimpleQuantity]]} {[]}
","Amount of vaccine administered","The quantity of vaccine product that was administered.","","","","","","","","","",,,,,"",,,,"Immunization.doseQuantity",0,1,"","","RXA-6 / RXA-7.1",".doseQuantity"
"Immunization.practitioner","","","",0,*,"","","Y","BackboneElement {[]} {[]}
","Who performed event","Indicates who or what performed the event.","","","","","","","","","",,,,,"",,,,"Immunization.practitioner",0,*,"","ele-1:All FHIR elements must have a @value or children {hasValue() | (children().count() > id.count())}
","ORC-12 / RXA-10",".participation[typeCode=PRF].role[scoper.determinerCode=INSTANCE]","Event.performer"
"Immunization.practitioner.id","","","",0,1,"","","","string {[]} {[]}
","xml:id (or equivalent in JSON)","unique id for the element within a resource (for internal references). This may be any string value that does not contain spaces.","","","","","","","","","",,,,,"",,,,"Element.id",0,1,"","","n/a"
"Immunization.practitioner.extension","","extensions
user content","",0,*,"","","","Extension {[]} {[]}
","Additional Content defined by implementations","May be used to represent additional information that is not part of the basic definition of the element. In order to make the use of extensions safe and manageable, there is a strict set of governance  applied to the definition and use of extensions. Though any implementer is allowed to define an extension, there is a set of requirements that SHALL be met as part of the definition of the extension.","There can be no stigma associated with the use of extensions by any application, project, or standard - regardless of the institution or jurisdiction that uses or defines the extensions.  The use of extensions is what allows the FHIR specification to retain a core level of simplicity for everyone.","","","","","","","","",,,,,"",,,,"Element.extension",0,*,"","","n/a"
"Immunization.practitioner.modifierExtension","","extensions
user contentmodifiers","",0,*,"","Y","Y","Extension {[]} {[]}
","Extensions that cannot be ignored","May be used to represent additional information that is not part of the basic definition of the element, and that modifies the understanding of the element that contains it. Usually modifier elements provide negation or qualification. In order to make the use of extensions safe and manageable, there is a strict set of governance applied to the definition and use of extensions. Though any implementer is allowed to define an extension, there is a set of requirements that SHALL be met as part of the definition of the extension. Applications processing a resource are required to check for modifier extensions.","There can be no stigma associated with the use of extensions by any application, project, or standard - regardless of the institution or jurisdiction that uses or defines the extensions.  The use of extensions is what allows the FHIR specification to retain a core level of simplicity for everyone.","","","","","","","","",,,,,"",,,,"BackboneElement.modifierExtension",0,*,"","","N/A"
"Immunization.practitioner.role","","","",0,1,"","","Y","CodeableConcept {[]} {[]}
","What type of performance was done","Describes the type of performance (e.g. ordering provider, administering provider, etc.).","","","","","","","","","",,"extensible","The role a practitioner plays in the immunization event","http://hl7.org/fhir/ValueSet/immunization-role","",,,,"Immunization.practitioner.role",0,1,"","",".participation.functionCode","Event.performer.role"
"Immunization.practitioner.actor","","","",1,1,"","","Y","Reference {[]} {[CanonicalType[http://hl7.org.au/fhir/StructureDefinition/au-practitioner]]}
","Individual who was performing","The device, practitioner, etc. who performed the action.","","","","","","","","","",,,,,"",,,,"Immunization.practitioner.actor",1,1,"","",".player","who.actor","Event.performer.actor"
"Immunization.note","","","",0,*,"","","Y","Annotation {[]} {[]}
","Vaccination notes","Extra information about the immunization that is not conveyed by the other attributes.","","","","","","","","","",,,,,"",,,,"Immunization.note",0,*,"","","note","Event.note"
"Immunization.explanation","","","",0,1,"Y","","","BackboneElement {[]} {[]}
","Administration/non-administration reasons","Reasons why a vaccine was or was not administered.","","","","","","","","","",,,,,"",,,,"Immunization.explanation",0,1,"","ele-1:All FHIR elements must have a @value or children {hasValue() | (children().count() > id.count())}
","n/a"
"Immunization.explanation.id","","","",0,1,"","","","string {[]} {[]}
","xml:id (or equivalent in JSON)","unique id for the element within a resource (for internal references). This may be any string value that does not contain spaces.","","","","","","","","","",,,,,"",,,,"Element.id",0,1,"","","n/a"
"Immunization.explanation.extension","","extensions
user content","",0,*,"","","","Extension {[]} {[]}
","Additional Content defined by implementations","May be used to represent additional information that is not part of the basic definition of the element. In order to make the use of extensions safe and manageable, there is a strict set of governance  applied to the definition and use of extensions. Though any implementer is allowed to define an extension, there is a set of requirements that SHALL be met as part of the definition of the extension.","There can be no stigma associated with the use of extensions by any application, project, or standard - regardless of the institution or jurisdiction that uses or defines the extensions.  The use of extensions is what allows the FHIR specification to retain a core level of simplicity for everyone.","","","","","","","","",,,,,"",,,,"Element.extension",0,*,"","","n/a"
"Immunization.explanation.modifierExtension","","extensions
user contentmodifiers","",0,*,"","Y","Y","Extension {[]} {[]}
","Extensions that cannot be ignored","May be used to represent additional information that is not part of the basic definition of the element, and that modifies the understanding of the element that contains it. Usually modifier elements provide negation or qualification. In order to make the use of extensions safe and manageable, there is a strict set of governance applied to the definition and use of extensions. Though any implementer is allowed to define an extension, there is a set of requirements that SHALL be met as part of the definition of the extension. Applications processing a resource are required to check for modifier extensions.","There can be no stigma associated with the use of extensions by any application, project, or standard - regardless of the institution or jurisdiction that uses or defines the extensions.  The use of extensions is what allows the FHIR specification to retain a core level of simplicity for everyone.","","","","","","","","",,,,,"",,,,"BackboneElement.modifierExtension",0,*,"","","N/A"
"Immunization.explanation.reason","","","",0,*,"","","","CodeableConcept {[]} {[]}
","Why immunization occurred","Reasons why a vaccine was administered.","","","","","","","","","",,"example","The reason why a vaccine was administered","http://hl7.org/fhir/ValueSet/immunization-reason","",,,,"Immunization.explanation.reason",0,*,"","","[actionNegationInd=false].reasonCode","Event.reasonCodeableConcept"
"Immunization.explanation.reasonNotGiven","","","",0,*,"Y","","","CodeableConcept {[]} {[]}
","Why immunization did not occur","Reason why a vaccine was not administered.","","","","","","","","","",,"extensible","","https://healthterminologies.gov.au/fhir/ValueSet/reason-vaccine-not-administered-1","",,,,"Immunization.explanation.reasonNotGiven",0,*,"","","RXA-18","[actionNegationInd=true].reasonCode","Event.notDoneReason"
"Immunization.reaction","","","",0,*,"","","","BackboneElement {[]} {[]}
","Details of a reaction that follows immunization","Categorical data indicating that an adverse event is associated in time to an immunization.","A reaction may be an indication of an allergy or intolerance and, if this is determined to be the case,  it should be recorded as a new [AllergyIntolerance](http://hl7.org/fhir/STU3/allergyintolerance.html) resource instance as most systems will not query against  past Immunization.reaction elements.","","","","","","","","",,,,,"",,,,"Immunization.reaction",0,*,"","ele-1:All FHIR elements must have a @value or children {hasValue() | (children().count() > id.count())}
","OBX-3","Observation[classCode=obs].code"
"Immunization.reaction.id","","","",0,1,"","","","string {[]} {[]}
","xml:id (or equivalent in JSON)","unique id for the element within a resource (for internal references). This may be any string value that does not contain spaces.","","","","","","","","","",,,,,"",,,,"Element.id",0,1,"","","n/a"
"Immunization.reaction.extension","","extensions
user content","",0,*,"","","","Extension {[]} {[]}
","Additional Content defined by implementations","May be used to represent additional information that is not part of the basic definition of the element. In order to make the use of extensions safe and manageable, there is a strict set of governance  applied to the definition and use of extensions. Though any implementer is allowed to define an extension, there is a set of requirements that SHALL be met as part of the definition of the extension.","There can be no stigma associated with the use of extensions by any application, project, or standard - regardless of the institution or jurisdiction that uses or defines the extensions.  The use of extensions is what allows the FHIR specification to retain a core level of simplicity for everyone.","","","","","","","","",,,,,"",,,,"Element.extension",0,*,"","","n/a"
"Immunization.reaction.modifierExtension","","extensions
user contentmodifiers","",0,*,"","Y","Y","Extension {[]} {[]}
","Extensions that cannot be ignored","May be used to represent additional information that is not part of the basic definition of the element, and that modifies the understanding of the element that contains it. Usually modifier elements provide negation or qualification. In order to make the use of extensions safe and manageable, there is a strict set of governance applied to the definition and use of extensions. Though any implementer is allowed to define an extension, there is a set of requirements that SHALL be met as part of the definition of the extension. Applications processing a resource are required to check for modifier extensions.","There can be no stigma associated with the use of extensions by any application, project, or standard - regardless of the institution or jurisdiction that uses or defines the extensions.  The use of extensions is what allows the FHIR specification to retain a core level of simplicity for everyone.","","","","","","","","",,,,,"",,,,"BackboneElement.modifierExtension",0,*,"","","N/A"
"Immunization.reaction.date","","","",0,1,"","","","dateTime {[]} {[]}
","When reaction started","Date of reaction to the immunization.","","","","","","","","","",,,,,"",,,,"Immunization.reaction.date",0,1,"","","OBX-14 (ideally this would be reported in an IAM segment, but IAM is not part of the HL7 v2 VXU message - most likely would appear in OBX segments if at all)",".effectiveTime"
"Immunization.reaction.detail","","","",0,1,"","","","Reference {[]} {[CanonicalType[http://hl7.org/fhir/StructureDefinition/Observation]]}
","Additional information on reaction","Details of the reaction.","","","","","","","","","",,,,,"",,,,"Immunization.reaction.detail",0,1,"","","OBX-5",".value"
"Immunization.reaction.reported","","","",0,1,"","","","boolean {[]} {[]}
","Indicates self-reported reaction","Self-reported indicator.","","","","","","","","","",,,,,"",,,,"Immunization.reaction.reported",0,1,"","","(no such concept seems to exist for allergy/adverse reaction in HL7 v2)",".participation[typeCode=INF].role[classCode=PAT] (this syntax for self-reported=true)"
"Immunization.vaccinationProtocol","","","",0,1,"Y","","","BackboneElement {[]} {[]}
","What protocol was followed","Contains information about the protocol(s) under which the vaccine was administered.","","","","","","","","","",,,,,"",,,,"Immunization.vaccinationProtocol",0,*,"","ele-1:All FHIR elements must have a @value or children {hasValue() | (children().count() > id.count())}
","(HL7 v2 doesn't seem to provide for this)","outboundRelationship[typeCode=INST].target[classCode=SBADM]"
"Immunization.vaccinationProtocol.id","","","",0,1,"","","","string {[]} {[]}
","xml:id (or equivalent in JSON)","unique id for the element within a resource (for internal references). This may be any string value that does not contain spaces.","","","","","","","","","",,,,,"",,,,"Element.id",0,1,"","","n/a"
"Immunization.vaccinationProtocol.extension","","extensions
user content","",0,*,"","","","Extension {[]} {[]}
","Additional Content defined by implementations","May be used to represent additional information that is not part of the basic definition of the element. In order to make the use of extensions safe and manageable, there is a strict set of governance  applied to the definition and use of extensions. Though any implementer is allowed to define an extension, there is a set of requirements that SHALL be met as part of the definition of the extension.","There can be no stigma associated with the use of extensions by any application, project, or standard - regardless of the institution or jurisdiction that uses or defines the extensions.  The use of extensions is what allows the FHIR specification to retain a core level of simplicity for everyone.","","","","","","","","",,,,,"",,,,"Element.extension",0,*,"","","n/a"
"Immunization.vaccinationProtocol.modifierExtension","","extensions
user contentmodifiers","",0,*,"","Y","Y","Extension {[]} {[]}
","Extensions that cannot be ignored","May be used to represent additional information that is not part of the basic definition of the element, and that modifies the understanding of the element that contains it. Usually modifier elements provide negation or qualification. In order to make the use of extensions safe and manageable, there is a strict set of governance applied to the definition and use of extensions. Though any implementer is allowed to define an extension, there is a set of requirements that SHALL be met as part of the definition of the extension. Applications processing a resource are required to check for modifier extensions.","There can be no stigma associated with the use of extensions by any application, project, or standard - regardless of the institution or jurisdiction that uses or defines the extensions.  The use of extensions is what allows the FHIR specification to retain a core level of simplicity for everyone.","","","","","","","","",,,,,"",,,,"BackboneElement.modifierExtension",0,*,"","","N/A"
"Immunization.vaccinationProtocol.doseSequence","","","",0,1,"","","","positiveInt {[]} {[]}
","Dose number within series","Nominal position in a series.","","","","","","","","","",,,,,"",,,,"Immunization.vaccinationProtocol.doseSequence",0,1,"","","outboundRelationship[typeCode=INST].target[classCode=SBADM].inboundRelationship[typeCode=COMP].sequenceNumber"
"Immunization.vaccinationProtocol.description","","","",0,1,"","","","string {[]} {[]}
","Details of vaccine protocol","Contains the description about the protocol under which the vaccine was administered.","","","","","","","","","",,,,,"",,,,"Immunization.vaccinationProtocol.description",0,1,"","","outboundRelationship[typeCode=INST].target[classCode=SBADM].inboundRelationship[typeCode=COMP].source[classCode=SBADM].text"
"Immunization.vaccinationProtocol.authority","","","",0,1,"","","","Reference {[]} {[CanonicalType[http://hl7.org.au/fhir/StructureDefinition/au-organisation]]}
","Who is responsible for protocol","Indicates the authority who published the protocol.  E.g. ACIP.","","","","","","","","","",,,,,"",,,,"Immunization.vaccinationProtocol.authority",0,1,"","","outboundRelationship[typeCode=INST].target[classCode=SBADM].inboundRelationship[typeCode=COMP].source[classCode=SBADM].participation[typeCode=AUT].COCT_MT090200UV"
"Immunization.vaccinationProtocol.series","","","",0,1,"","","","string {[]} {[]}
","Name of vaccine series","One possible path to achieve presumed immunity against a disease - within the context of an authority.","","","","","","","","","",,,,,"",,,,"Immunization.vaccinationProtocol.series",0,1,"","","outboundRelationship[typeCode=INST].target[classCode=SBADM]"
"Immunization.vaccinationProtocol.seriesDoses","","","",0,1,"","","","positiveInt {[]} {[]}
","Recommended number of doses for immunity","The recommended number of doses to achieve immunity.","","","","","","","","","",,,,,"",,,,"Immunization.vaccinationProtocol.seriesDoses",0,1,"","","outboundRelationship[typeCode=INST].target[classCode=SBADM].inboundRelationship[typeCode=COMP].source[classCode=SBADM].text"
"Immunization.vaccinationProtocol.targetDisease","","","",1,*,"Y","","","CodeableConcept {[]} {[]}
","Disease immunized against","The targeted disease.","","","","","","","","","",,"example","The disease target of the vaccination protocol","http://hl7.org/fhir/ValueSet/vaccination-protocol-dose-target","",,,,"Immunization.vaccinationProtocol.targetDisease",1,*,"","","outboundRelationship.target[classCode=OBS].code"
"Immunization.vaccinationProtocol.doseStatus","","","",1,1,"Y","","","CodeableConcept {[]} {[]}
","Indicates if dose counts towards immunity","Indicates if the immunization event should ""count"" against  the protocol.","May need to differentiate between status declarations by a provider vs. a CDS engine.","","","","<valueCodeableConcept xmlns=""http://hl7.org/fhir"">
  <coding>
    <system value=""http://hl7.org/fhir/v3/NullFlavor""/>
    <code value=""NAVU""/>
  </coding>
</valueCodeableConcept>","","","","",,"example","The status of the vaccination protocol (i.e. should this count)","http://hl7.org/fhir/ValueSet/vaccination-protocol-dose-status","",,,,"Immunization.vaccinationProtocol.doseStatus",1,1,"","",".participation[typeCode=CSM].role[classCode=INST].scopedRole.scoper[classCode=MMAT].playedRole[classCode=INGR].scopedRole.scoper[classCode=MMAT].playedRole[classCode=HLTHCHRT].participation[typeCode=SBJ].observation[classCode=OBS].value"
"Immunization.vaccinationProtocol.doseStatusReason","","","",0,1,"","","","CodeableConcept {[]} {[]}
","Why dose does (not) count","Provides an explanation as to why an immunization event should or should not count against the protocol.","","","","","","","","","",,"example","The reason for the determining if a vaccination should count or why vaccination should not count.","http://hl7.org/fhir/ValueSet/vaccination-protocol-dose-status-reason","",,,,"Immunization.vaccinationProtocol.doseStatusReason",0,1,"","",".participation[typeCode=CSM].role[classCode=INST].scopedRole.scoper[classCode=MMAT].playedRole[classCode=INGR].scopedRole.scoper[classCode=MMAT].playedRole[classCode=HLTHCHRT].participation[typeCode=SBJ].observation[classCode=OBS].reasonCode"
