{"resourceType":"ImplementationGuide","id":"implementationguide-sharedhealthsummary-1","language":"en-AU","text":{"status":"additional","div":"<div xmlns=\"http://www.w3.org/1999/xhtml\" lang=\"en-AU\">\n            <p>Australian Digital Health Agency's Shared Health Summary Profile.</p>\n        </div>"},"url":"http://ns.electronichealth.net.au/ci/fhir/3.0/ImplementationGuide/implementationguide-sharedhealthsummary-1","version":"1.0.0","name":"Shared Health Summary","status":"draft","experimental":true,"date":"2019-08-13T10:40:41+10:00","publisher":"Australian Digital Health Agency","contact":[{"telecom":[{"system":"email","value":"help@digitalhealth.gov.au"}]}],"description":"Australian realm implementation guide of the FHIR specification to represent Shared Health Summary records in the My Health Record system and related applications.","copyright":"Copyright © 2019 Australian Digital Health Agency - All rights reserved. This content is licensed under a Creative Commons Attribution 4.0 International License. See https://creativecommons.org/licenses/by/4.0/.","fhirVersion":"3.0.1","package":[{"id":"p1","name":"SHS","resource":[{"extension":[{"url":"http://hl7.org/fhir/StructureDefinition/implementationguide-page","valueUri":"StructureDefinition-composition-shs-1.html"}],"example":false,"name":"Shared Health Summary","sourceReference":{"reference":"StructureDefinition/composition-shs-1"}},{"extension":[{"url":"http://hl7.org/fhir/StructureDefinition/implementationguide-page","valueUri":"StructureDefinition-patient-dh-base-1.html"}],"example":false,"name":"patient-dh-base-1","description":"The Agency Patient profile, as derived from the HL7 AU patient profile.","sourceReference":{"reference":"StructureDefinition/patient-dh-base-1"}},{"extension":[{"url":"http://hl7.org/fhir/StructureDefinition/implementationguide-page","valueUri":"StructureDefinition-patient-ident-1.html"}],"example":false,"name":"patient-ident-1","sourceReference":{"reference":"StructureDefinition/patient-ident-1"}},{"extension":[{"url":"http://hl7.org/fhir/StructureDefinition/implementationguide-page","valueUri":"StructureDefinition-patient-ihi-1.html"}],"example":false,"name":"patient-ihi-1","description":"The Agency Patient profile, as derived from the HL7 AU patient profile with a mandatory IHI.","sourceReference":{"reference":"StructureDefinition/patient-ihi-1"}},{"extension":[{"url":"http://hl7.org/fhir/StructureDefinition/implementationguide-page","valueUri":"StructureDefinition-relatedperson-dh-base-1.html"}],"example":false,"name":"relatedperson-dh-base-1","description":"The Agency RelatedPerson profile, as derived from the STU3 RelatedPerson resource","sourceReference":{"reference":"StructureDefinition/relatedperson-dh-base-1"}},{"extension":[{"url":"http://hl7.org/fhir/StructureDefinition/implementationguide-page","valueUri":"StructureDefinition-organization-dh-base-1.html"}],"example":false,"name":"organization-dh-base-1","description":"The Agency Organization profile, as derived from the HL7 AU Organization profile.","sourceReference":{"reference":"StructureDefinition/organization-dh-base-1"}},{"extension":[{"url":"http://hl7.org/fhir/StructureDefinition/implementationguide-page","valueUri":"StructureDefinition-organization-ident-1.html"}],"example":false,"name":"organization-ident-1","description":"The Agency Organization profile, as derived from the HL7 AU Organization profile.","sourceReference":{"reference":"StructureDefinition/organization-ident-1"}},{"extension":[{"url":"http://hl7.org/fhir/StructureDefinition/implementationguide-page","valueUri":"StructureDefinition-practitioner-dh-base-1.html"}],"example":false,"sourceReference":{"reference":"StructureDefinition/practitioner-dh-base-1"}},{"extension":[{"url":"http://hl7.org/fhir/StructureDefinition/implementationguide-page","valueUri":"StructureDefinition-practitioner-ident-1.html"}],"example":false,"name":"practitioner-ident-1","description":"The Agency Practitioner profile, as derived from the HL7 AU practitioner profile with a mandatory identifier.","sourceReference":{"reference":"StructureDefinition/practitioner-ident-1"}},{"extension":[{"url":"http://hl7.org/fhir/StructureDefinition/implementationguide-page","valueUri":"StructureDefinition-practitionerrole-dh-base-1.html"}],"example":false,"sourceReference":{"reference":"StructureDefinition/practitionerrole-dh-base-1"}},{"extension":[{"url":"http://hl7.org/fhir/StructureDefinition/implementationguide-page","valueUri":"StructureDefinition-practitionerrole-withpractitionerident-1.html"}],"example":false,"sourceReference":{"reference":"StructureDefinition/practitionerrole-withpractitionerident-1"}},{"extension":[{"url":"http://hl7.org/fhir/StructureDefinition/implementationguide-page","valueUri":"StructureDefinition-medicationstatement-summary-1.html"}],"example":false,"name":"medicationstatement-summary-1","sourceReference":{"reference":"StructureDefinition/medicationstatement-summary-1"}},{"extension":[{"url":"http://hl7.org/fhir/StructureDefinition/implementationguide-page","valueUri":"StructureDefinition-immunization-summary-administration-1.html"}],"example":false,"name":"immunization-summary-administration-1","sourceReference":{"reference":"StructureDefinition/immunization-summary-administration-1"}},{"extension":[{"url":"http://hl7.org/fhir/StructureDefinition/implementationguide-page","valueUri":"StructureDefinition-procedure-summary-1.html"}],"example":false,"name":"procedure-summary-1","sourceReference":{"reference":"StructureDefinition/procedure-summary-1"}},{"extension":[{"url":"http://hl7.org/fhir/StructureDefinition/implementationguide-page","valueUri":"StructureDefinition-condition-summary-1.html"}],"example":false,"name":"condition-summary-1","sourceReference":{"reference":"StructureDefinition/condition-summary-1"}},{"extension":[{"url":"http://hl7.org/fhir/StructureDefinition/implementationguide-page","valueUri":"StructureDefinition-allergyintolerance-summary-1.html"}],"example":false,"name":"allergyintolerance-summary-1","sourceReference":{"reference":"StructureDefinition/allergyintolerance-summary-1"}},{"extension":[{"url":"http://hl7.org/fhir/StructureDefinition/implementationguide-page","valueUri":"StructureDefinition-observation-norelevantfinding-1.html"}],"example":false,"name":"observation-norelevantfinding-1","sourceReference":{"reference":"StructureDefinition/observation-norelevantfinding-1"}},{"extension":[{"url":"http://hl7.org/fhir/StructureDefinition/implementationguide-page","valueUri":"StructureDefinition-humanname-dh-base-1.html"}],"example":false,"sourceReference":{"reference":"StructureDefinition/humanname-dh-base-1"}},{"extension":[{"url":"http://hl7.org/fhir/StructureDefinition/implementationguide-page","valueUri":"Composition-a0da969a-7956-439b-b390-8de071a2df7c.html"}],"example":true,"name":"SHS example 1","description":"SHS example 1 (contained)","sourceReference":{"reference":"Composition/a0da969a-7956-439b-b390-8de071a2df7c"}},{"extension":[{"url":"http://hl7.org/fhir/StructureDefinition/implementationguide-page","valueUri":"Composition-bd06e981-ba86-4020-ba59-cd89f80e8712.html"}],"example":true,"name":"SHS example 2","description":"SHS example 2 (contained)","sourceReference":{"reference":"Composition/bd06e981-ba86-4020-ba59-cd89f80e8712"}},{"extension":[{"url":"http://hl7.org/fhir/StructureDefinition/implementationguide-page","valueUri":"Composition-c53c6c39-3e1a-4038-9ad5-25be8c54481f.html"}],"example":true,"name":"SHS example 3","description":"SHS example 3 (contained)","sourceReference":{"reference":"Composition/c53c6c39-3e1a-4038-9ad5-25be8c54481f"}},{"extension":[{"url":"http://hl7.org/fhir/StructureDefinition/implementationguide-page","valueUri":"Composition-e-f1412590-54f5-11e9-b475-0800200c9a66.html"}],"example":true,"name":"SHS 3 - de-contained version of example 2","description":"SHS 3","sourceReference":{"reference":"Composition/e-f1412590-54f5-11e9-b475-0800200c9a66"}},{"extension":[{"url":"http://hl7.org/fhir/StructureDefinition/implementationguide-page","valueUri":"Composition-f-ba3eaa80-55c8-11e9-b475-0800200c9a66.html"}],"example":true,"name":"SHS 3 - de-contained version of example 3","description":"SHS 3","sourceReference":{"reference":"Composition/f-ba3eaa80-55c8-11e9-b475-0800200c9a66"}},{"extension":[{"url":"http://hl7.org/fhir/StructureDefinition/implementationguide-page","valueUri":"MedicationStatement-f7583f71-7736-4d10-89f7-fa1845e53120.html"}],"example":true,"name":"Medicine candesartan (32mg) with dosage and quantity","description":"Patient taking medicine candesartan (32mg) with dosage and quantity","sourceReference":{"reference":"MedicationStatement/f7583f71-7736-4d10-89f7-fa1845e53120"}},{"extension":[{"url":"http://hl7.org/fhir/StructureDefinition/implementationguide-page","valueUri":"MedicationStatement-314619c2-2d97-4fb9-9c25-b0b9da92f804.html"}],"example":true,"name":"Medicine metformin hydrochloride with dosage and quantity","description":"Patient taking medicine metformin hydrochloride with dosage and quantity","sourceReference":{"reference":"MedicationStatement/314619c2-2d97-4fb9-9c25-b0b9da92f804"}},{"extension":[{"url":"http://hl7.org/fhir/StructureDefinition/implementationguide-page","valueUri":"MedicationStatement-90d418aa-ed53-447b-95d2-099101ed4339.html"}],"example":true,"name":"Medicine candesartan (8mg) with dosage and quantity","description":"Patient taking medicine candesartan (8mg) with dosage and quantity","sourceReference":{"reference":"MedicationStatement/90d418aa-ed53-447b-95d2-099101ed4339"}},{"extension":[{"url":"http://hl7.org/fhir/StructureDefinition/implementationguide-page","valueUri":"Patient-e6e84607-a0da-4ead-9ed6-5e064fea9fc4.html"}],"example":true,"name":"Patient with IHI and Medicare Number","description":"Shows a typical patient using identifier profiles for IHI, Medicare Number and the extension for Indigenous Status","sourceReference":{"reference":"Patient/e6e84607-a0da-4ead-9ed6-5e064fea9fc4"}},{"extension":[{"url":"http://hl7.org/fhir/StructureDefinition/implementationguide-page","valueUri":"Practitioner-40a94071-8373-4d53-a788-63b79c75a3c1.html"}],"example":true,"name":"Practitioner with HPI-I and AHPRA Number","description":"Shows a typical practitioner using identifier profiles for HPI-I and Australian Health Practitioner Regulation Agency Registration Number","sourceReference":{"reference":"Practitioner/40a94071-8373-4d53-a788-63b79c75a3c1"}},{"extension":[{"url":"http://hl7.org/fhir/StructureDefinition/implementationguide-page","valueUri":"Practitioner-20f15728-f3ac-4877-b55a-107f94dbd00c.html"}],"example":true,"name":"Practitioner as a General Practitioner","description":"Shows a typical Practitioner as a General Practitioner","sourceReference":{"reference":"Practitioner/20f15728-f3ac-4877-b55a-107f94dbd00c"}},{"extension":[{"url":"http://hl7.org/fhir/StructureDefinition/implementationguide-page","valueUri":"PractitionerRole-45cad6ac-e9a3-418a-8480-4e64132849f2.html"}],"example":true,"name":"Practitioner Role as a General Practitioner","description":"Shows a typical Practitioner Role as a General Practitioner","sourceReference":{"reference":"PractitionerRole/45cad6ac-e9a3-418a-8480-4e64132849f2"}},{"extension":[{"url":"http://hl7.org/fhir/StructureDefinition/implementationguide-page","valueUri":"Organization-021fff67-c5ec-438f-9520-ce9bafee1306.html"}],"example":true,"name":"Organisation of a General Practitioner","description":"Shows a typical Organisation the General Practitioner belongs to","sourceReference":{"reference":"Organization/021fff67-c5ec-438f-9520-ce9bafee1306"}},{"extension":[{"url":"http://hl7.org/fhir/StructureDefinition/implementationguide-page","valueUri":"Organization-b620003d-3a4f-4aca-88a5-a203f94fa911.html"}],"example":true,"name":"Organisation of a General Practitioner with name only","description":"Shows an Organisation the General Practitioner belongs to (name only)","sourceReference":{"reference":"Organization/b620003d-3a4f-4aca-88a5-a203f94fa911"}},{"extension":[{"url":"http://hl7.org/fhir/StructureDefinition/implementationguide-page","valueUri":"AllergyIntolerance-a5e03840-1be4-43e0-acd2-c9e288adc4f9.html"}],"example":true,"name":"AllergyIntolerance example - no known medication allergies","description":"An AllergyIntollerance example showing no known medication allergies","sourceReference":{"reference":"AllergyIntolerance/a5e03840-1be4-43e0-acd2-c9e288adc4f9"}},{"extension":[{"url":"http://hl7.org/fhir/StructureDefinition/implementationguide-page","valueUri":"Procedure-3bc4a0f3-1d3e-4bde-83a9-7a04dd5f4a77.html"}],"example":true,"name":"Procedure - Total replacement of left knee joint","description":"A patient with the procedure of Total replacement of left knee joint","sourceReference":{"reference":"Procedure/3bc4a0f3-1d3e-4bde-83a9-7a04dd5f4a77"}},{"extension":[{"url":"http://hl7.org/fhir/StructureDefinition/implementationguide-page","valueUri":"Condition-cfa41daf-b5a6-4a05-9166-a4b7c23f08a1.html"}],"example":true,"name":"Condition - Atrial fibrillation","description":"A patient with the condition of atrial fibrilation","sourceReference":{"reference":"Condition/cfa41daf-b5a6-4a05-9166-a4b7c23f08a1"}},{"extension":[{"url":"http://hl7.org/fhir/StructureDefinition/implementationguide-page","valueUri":"Condition-b021320c-bc5e-4ae8-b9fc-1ed2d876e889.html"}],"example":true,"name":"Condition - Right lower zone pneumonia","description":"A patient with the condition of right lower zone pneumonia","sourceReference":{"reference":"Condition/b021320c-bc5e-4ae8-b9fc-1ed2d876e889"}},{"extension":[{"url":"http://hl7.org/fhir/StructureDefinition/implementationguide-page","valueUri":"Composition-de5ef077b-cc0f-4c3d-a4cd-a35ceafff331.html"}],"example":true,"name":"SHS example 1 (referenced)","description":"Composition with medication statements, allergy intollerance, conditions and procedures","sourceReference":{"reference":"Composition/de5ef077b-cc0f-4c3d-a4cd-a35ceafff331"}},{"extension":[{"url":"http://hl7.org/fhir/StructureDefinition/implementationguide-page","valueUri":"Composition-ff0gh111a-cc0f-4c3d-a4cd-a35ceafff999.html"}],"example":true,"name":"SHS example 4 (referenced)","description":"SHS example 4 (referenced): SHS with Patient with birth date, birth time, and the associated accuracy extension; Immunisation section with one immunisation instance referenced; Medical History section has an assertion of no relevant finding; Allergies section with an empty reason; Medications section with 3 meds.","sourceReference":{"reference":"Composition/ff0gh111a-cc0f-4c3d-a4cd-a35ceafff999"}},{"extension":[{"url":"http://hl7.org/fhir/StructureDefinition/implementationguide-page","valueUri":"Patient-cc246543-a0da-4ead-9ed6-5e064fea9ff7.html"}],"example":true,"name":"Joe Greatpatient","description":"Patient with birth date, birth time, and the associated accuracy extension.","sourceReference":{"reference":"Patient/cc246543-a0da-4ead-9ed6-5e064fea9ff7"}},{"extension":[{"url":"http://hl7.org/fhir/StructureDefinition/implementationguide-page","valueUri":"Observation-552bcf1e-5e3e-45b7-9539-0a99ba860146.html"}],"example":true,"name":"No relevant medical history","description":"Assertion of no relevant medical history.","sourceReference":{"reference":"Observation/552bcf1e-5e3e-45b7-9539-0a99ba860146"}},{"extension":[{"url":"http://hl7.org/fhir/StructureDefinition/implementationguide-page","valueUri":"MedicationStatement-2fe9873a-0eea-415a-89ae-0b82ff2b3d0b.html"}],"example":true,"name":"Medication statement","description":"Taking Candesartan","sourceReference":{"reference":"MedicationStatement/2fe9873a-0eea-415a-89ae-0b82ff2b3d0b"}},{"extension":[{"url":"http://hl7.org/fhir/StructureDefinition/implementationguide-page","valueUri":"Immunization-3e2a29a1-3a3c-4a53-bb1b-66588e9bd147.html"}],"example":true,"name":"Immunization for diphtheria + tetanus","sourceReference":{"reference":"Immunization/3e2a29a1-3a3c-4a53-bb1b-66588e9bd147"}},{"extension":[{"url":"http://hl7.org/fhir/StructureDefinition/implementationguide-page","valueUri":"Bundle-205fcc4b-baf2-4683-a48f-b087a5937230.html"}],"example":true,"name":"SHS example 4 (bundle)","description":"SHS example 4 (bundled): FHIR Document of SHS with Patient with birth date, birth time, and the associated accuracy extension; Immunisation section with one immunisation instance referenced; Medical History section has an assertion of no relevant finding; Allergies section with an empty reason; Medications section with 3 meds.","sourceReference":{"reference":"Bundle/205fcc4b-baf2-4683-a48f-b087a5937230"}},{"extension":[{"url":"http://hl7.org/fhir/StructureDefinition/implementationguide-page","valueUri":"Patient-841a56de-92d7-47fd-bb27-bad8efb371e4.html"}],"example":true,"name":"Adam Everyman","description":"Patient with IHI.","sourceReference":{"reference":"Patient/841a56de-92d7-47fd-bb27-bad8efb371e4"}},{"extension":[{"url":"http://hl7.org/fhir/StructureDefinition/implementationguide-page","valueUri":"Practitioner-428f6506-625f-4f16-b0e2-b31ab6d293bf.html"}],"example":true,"name":"Dr Peter Chalmers","description":"Practitioner with HPI-I.","sourceReference":{"reference":"Practitioner/428f6506-625f-4f16-b0e2-b31ab6d293bf"}},{"extension":[{"url":"http://hl7.org/fhir/StructureDefinition/implementationguide-page","valueUri":"PractitionerRole-f61db690-0ba4-4219-acd4-021ecc6a36fd.html"}],"example":true,"name":"Practitioner Role as a General Practitioner","description":"PractitionerRole with HPI-I.","sourceReference":{"reference":"PractitionerRole/f61db690-0ba4-4219-acd4-021ecc6a36fd"}},{"extension":[{"url":"http://hl7.org/fhir/StructureDefinition/implementationguide-page","valueUri":"Organization-64e56b9c-e51d-4157-b379-34e71e3dbfa4.html"}],"example":true,"name":"Organisation of a General Practitioner with name","description":"Shows an Organisation the General Practitioner belongs to (name)","sourceReference":{"reference":"Organization/64e56b9c-e51d-4157-b379-34e71e3dbfa4"}},{"extension":[{"url":"http://hl7.org/fhir/StructureDefinition/implementationguide-page","valueUri":"AllergyIntolerance-c5c80cde-70d0-4644-9d55-ae5574fcd8ea.html"}],"example":true,"name":"AllergyIntolerance example - Penicillin","description":"An AllergyIntollerance example to Penicillin","sourceReference":{"reference":"AllergyIntolerance/c5c80cde-70d0-4644-9d55-ae5574fcd8ea"}},{"extension":[{"url":"http://hl7.org/fhir/StructureDefinition/implementationguide-page","valueUri":"AllergyIntolerance-d977ab88-ecbe-49c1-99b7-9b1afbb65563.html"}],"example":true,"name":"AllergyIntolerance example - Nuts","description":"An AllergyIntollerance example to Nuts","sourceReference":{"reference":"AllergyIntolerance/d977ab88-ecbe-49c1-99b7-9b1afbb65563"}},{"extension":[{"url":"http://hl7.org/fhir/StructureDefinition/implementationguide-page","valueUri":"Observation-dd82cc78-60b0-41cb-83d4-32521d3b9fa2.html"}],"example":true,"name":"No known current medications","description":"Assertion of no known current medications","sourceReference":{"reference":"Observation/dd82cc78-60b0-41cb-83d4-32521d3b9fa2"}},{"extension":[{"url":"http://hl7.org/fhir/StructureDefinition/implementationguide-page","valueUri":"Immunization-7e7dbbfe-5afb-4938-86eb-27060b5daba7.html"}],"example":true,"name":"Immunization for Engerix-B Adult","sourceReference":{"reference":"Immunization/7e7dbbfe-5afb-4938-86eb-27060b5daba7"}},{"extension":[{"url":"http://hl7.org/fhir/StructureDefinition/implementationguide-page","valueUri":"Immunization-d4b8094b-435e-4b43-b38b-f38328bddda3.html"}],"example":true,"name":"Immunization for Meningitec","sourceReference":{"reference":"Immunization/d4b8094b-435e-4b43-b38b-f38328bddda3"}},{"extension":[{"url":"http://hl7.org/fhir/StructureDefinition/implementationguide-page","valueUri":"Immunization-8f9e3a4e-64d0-48b8-ac1b-85f9ecfeae06.html"}],"example":true,"name":"Immunization for Fluvax 2015","sourceReference":{"reference":"Immunization/8f9e3a4e-64d0-48b8-ac1b-85f9ecfeae06"}},{"extension":[{"url":"http://hl7.org/fhir/StructureDefinition/implementationguide-page","valueUri":"Patient-d9698a55-723a-49de-931b-4e61d732b016.html"}],"example":true,"name":"Adam Everyman","description":"Patient with IHI.","sourceReference":{"reference":"Patient/d9698a55-723a-49de-931b-4e61d732b016"}},{"extension":[{"url":"http://hl7.org/fhir/StructureDefinition/implementationguide-page","valueUri":"Practitioner-b44c4b41-16ae-46b1-b7b4-f4dd2bcd3654.html"}],"example":true,"name":"Dr Peter Chalmers","description":"Practitioner with HPI-I and AHPRA number.","sourceReference":{"reference":"Practitioner/b44c4b41-16ae-46b1-b7b4-f4dd2bcd3654"}},{"extension":[{"url":"http://hl7.org/fhir/StructureDefinition/implementationguide-page","valueUri":"Practitioner-6c9f40e7-6f00-4d75-9f39-d57bd620d855.html"}],"example":true,"sourceReference":{"reference":"Practitioner/6c9f40e7-6f00-4d75-9f39-d57bd620d855"}},{"extension":[{"url":"http://hl7.org/fhir/StructureDefinition/implementationguide-page","valueUri":"PractitionerRole-08da397e-01af-4236-a458-70b05d7e8df8.html"}],"example":true,"name":"Practitioner Role as a General Practitioner","description":"PractitionerRole with HPI-I.","sourceReference":{"reference":"PractitionerRole/08da397e-01af-4236-a458-70b05d7e8df8"}},{"extension":[{"url":"http://hl7.org/fhir/StructureDefinition/implementationguide-page","valueUri":"Organization-9df89ebf-b9ab-4ed5-b865-90892c1bbb1a.html"}],"example":true,"name":"Organisation of a General Practitioner with name","description":"Shows an Organisation the General Practitioner belongs to (name)","sourceReference":{"reference":"Organization/9df89ebf-b9ab-4ed5-b865-90892c1bbb1a"}},{"extension":[{"url":"http://hl7.org/fhir/StructureDefinition/implementationguide-page","valueUri":"AllergyIntolerance-1509ea06-0856-43ed-8842-cc7e6f48c460.html"}],"example":true,"name":"AllergyIntolerance example - No known drug allergy","description":"An AllergyIntollerance example - No known medication allergies","sourceReference":{"reference":"AllergyIntolerance/1509ea06-0856-43ed-8842-cc7e6f48c460"}},{"extension":[{"url":"http://hl7.org/fhir/StructureDefinition/implementationguide-page","valueUri":"MedicationStatement-21fcbd65-b116-4528-b396-5c834435bf68.html"}],"example":true,"name":"Medicine Ferrous sulphate & vitamin C with dosage","description":"Patient taking Ferrous sulphate & vitamin C","sourceReference":{"reference":"MedicationStatement/21fcbd65-b116-4528-b396-5c834435bf68"}},{"extension":[{"url":"http://hl7.org/fhir/StructureDefinition/implementationguide-page","valueUri":"MedicationStatement-d30f3bd7-7106-4530-8b10-e9b5c43c2ec8.html"}],"example":true,"name":"Medicine Fluticasone/salmeterol 250/25 with dosage","description":"Patient taking Fluticasone/salmeterol 250/25","sourceReference":{"reference":"MedicationStatement/d30f3bd7-7106-4530-8b10-e9b5c43c2ec8"}},{"extension":[{"url":"http://hl7.org/fhir/StructureDefinition/implementationguide-page","valueUri":"MedicationStatement-480ddf2a-885c-4a44-837a-25503b6ea740.html"}],"example":true,"name":"Sodium chloride 600mg with dosage and quantity","description":"Patient taking Sodium chloride 600mg","sourceReference":{"reference":"MedicationStatement/480ddf2a-885c-4a44-837a-25503b6ea740"}},{"extension":[{"url":"http://hl7.org/fhir/StructureDefinition/implementationguide-page","valueUri":"MedicationStatement-c4292c20-8037-487d-9d8b-b834b59bfb17.html"}],"example":true,"name":"Medicine Mega B complex with dosage","description":"Patient taking Mega B complex","sourceReference":{"reference":"MedicationStatement/c4292c20-8037-487d-9d8b-b834b59bfb17"}},{"extension":[{"url":"http://hl7.org/fhir/StructureDefinition/implementationguide-page","valueUri":"MedicationStatement-bc8a3682-1060-4be9-a4a2-7210c71d5c11.html"}],"example":true,"name":"Medicine Bromhexine 0.8 mg/ml with dosage","description":"Patient taking Bromhexine 0.8 mg/ml","sourceReference":{"reference":"MedicationStatement/bc8a3682-1060-4be9-a4a2-7210c71d5c11"}},{"extension":[{"url":"http://hl7.org/fhir/StructureDefinition/implementationguide-page","valueUri":"MedicationStatement-a7f22a69-608c-49e2-911b-53b609b2be0a.html"}],"example":true,"name":"Medicine Multivitamin","description":"Patient taking Multivitamin","sourceReference":{"reference":"MedicationStatement/a7f22a69-608c-49e2-911b-53b609b2be0a"}},{"extension":[{"url":"http://hl7.org/fhir/StructureDefinition/implementationguide-page","valueUri":"Immunization-42bdb0e9-d510-46c4-a4a3-02205dbb1447.html"}],"example":true,"name":"Immunization for Engerix-B Adult","sourceReference":{"reference":"Immunization/42bdb0e9-d510-46c4-a4a3-02205dbb1447"}},{"extension":[{"url":"http://hl7.org/fhir/StructureDefinition/implementationguide-page","valueUri":"Immunization-21e09e32-441a-4297-a803-970358b4f20f.html"}],"example":true,"name":"Immunization for Fluvax 2015","sourceReference":{"reference":"Immunization/21e09e32-441a-4297-a803-970358b4f20f"}},{"extension":[{"url":"http://hl7.org/fhir/StructureDefinition/implementationguide-page","valueUri":"Patient-792b4811-2ce7-4531-8893-af827175bcfe.html"}],"example":true,"sourceReference":{"reference":"Patient/792b4811-2ce7-4531-8893-af827175bcfe"}}]}],"page":{"source":"index.html","title":"Australian Digital Health Agency Shared Health Summary FHIR Implementation Guide","kind":"page"}}