{"resourceType":"StructureDefinition","id":"medicationstatement-summary-1","text":{"status":"generated","div":"<div xmlns=\"http://www.w3.org/1999/xhtml\"><table border=\"0\" cellpadding=\"0\" cellspacing=\"0\" style=\"border: 0px #F0F0F0 solid; font-size: 11px; font-family: verdana; vertical-align: top;\"><tr style=\"border: 1px #F0F0F0 solid; font-size: 11px; font-family: verdana; vertical-align: top;\"><th style=\"vertical-align: top; text-align : left; background-color: white; border: 0px #F0F0F0 solid; padding:0px 4px 0px 4px\" class=\"hierarchy\"><a href=\"http://hl7.org/fhir/STU3/formats.html#table\" title=\"The logical name of the element\">Name</a></th><th style=\"vertical-align: top; text-align : left; background-color: white; border: 0px #F0F0F0 solid; padding:0px 4px 0px 4px\" class=\"hierarchy\"><a href=\"http://hl7.org/fhir/STU3/formats.html#table\" title=\"Information about the use of the element\">Flags</a></th><th style=\"vertical-align: top; text-align : left; background-color: white; border: 0px #F0F0F0 solid; padding:0px 4px 0px 4px\" class=\"hierarchy\"><a href=\"http://hl7.org/fhir/STU3/formats.html#table\" title=\"Minimum and Maximum # of times the the element can appear in the instance\">Card.</a></th><th style=\"width: 100px\" class=\"hierarchy\"><a href=\"http://hl7.org/fhir/STU3/formats.html#table\" title=\"Reference to the type of the element\">Type</a></th><th style=\"vertical-align: top; text-align : left; background-color: white; border: 0px #F0F0F0 solid; padding:0px 4px 0px 4px\" class=\"hierarchy\"><a href=\"http://hl7.org/fhir/STU3/formats.html#table\" title=\"Additional information about the element\">Description &amp; Constraints</a><span style=\"float: right\"><a href=\"http://hl7.org/fhir/STU3/formats.html#table\" title=\"Legend for this format\"><img src=\"http://hl7.org/fhir/STU3/help16.png\" alt=\"doco\" style=\"background-color: inherit\"/></a></span></th></tr><tr style=\"border: 0px #F0F0F0 solid; padding:0px; vertical-align: top; background-color: white;\"><td style=\"vertical-align: top; text-align : left; background-color: white; border: 0px #F0F0F0 solid; padding:0px 4px 0px 4px; white-space: nowrap; background-image: url(tbl_bck1.png)\" class=\"hierarchy\"><img src=\"tbl_spacer.png\" alt=\".\" style=\"background-color: inherit\" class=\"hierarchy\"/><img src=\"icon_element.gif\" alt=\".\" style=\"background-color: white; background-color: inherit\" title=\"Element\" class=\"hierarchy\"/> <a href=\"StructureDefinition-medicationstatement-summary-1-definitions.html#MedicationStatement\" title=\"null\">MedicationStatement</a><a name=\"MedicationStatement\"> </a></td><td style=\"vertical-align: top; text-align : left; background-color: white; border: 0px #F0F0F0 solid; padding:0px 4px 0px 4px\" class=\"hierarchy\"/><td style=\"vertical-align: top; text-align : left; background-color: white; border: 0px #F0F0F0 solid; padding:0px 4px 0px 4px\" class=\"hierarchy\"><span style=\"opacity: 0.4\">0</span><span style=\"opacity: 0.5\">..</span><span style=\"opacity: 0.4\">*</span></td><td style=\"vertical-align: top; text-align : left; background-color: white; border: 0px #F0F0F0 solid; padding:0px 4px 0px 4px\" class=\"hierarchy\"/><td style=\"vertical-align: top; text-align : left; background-color: white; border: 0px #F0F0F0 solid; padding:0px 4px 0px 4px\" class=\"hierarchy\"/></tr>\r\n<tr style=\"border: 0px #F0F0F0 solid; padding:0px; vertical-align: top; background-color: #F7F7F7;\"><td style=\"vertical-align: top; text-align : left; background-color: #F7F7F7; border: 0px #F0F0F0 solid; padding:0px 4px 0px 4px; white-space: nowrap; background-image: url(tbl_bck10.png)\" class=\"hierarchy\"><img src=\"tbl_spacer.png\" alt=\".\" style=\"background-color: inherit\" class=\"hierarchy\"/><img src=\"tbl_vjoin.png\" alt=\".\" style=\"background-color: inherit\" class=\"hierarchy\"/><img src=\"icon_element.gif\" alt=\".\" style=\"background-color: #F7F7F7; background-color: inherit\" title=\"Element\" class=\"hierarchy\"/> <a href=\"StructureDefinition-medicationstatement-summary-1-definitions.html#MedicationStatement.status\" title=\"null\">status</a><a name=\"MedicationStatement.status\"> </a></td><td style=\"vertical-align: top; text-align : left; background-color: #F7F7F7; border: 0px #F0F0F0 solid; padding:0px 4px 0px 4px\" class=\"hierarchy\"><span style=\"padding-left: 3px; padding-right: 3px; color: white; background-color: red\" title=\"This element must be supported\">S</span></td><td style=\"vertical-align: top; text-align : left; background-color: #F7F7F7; border: 0px #F0F0F0 solid; padding:0px 4px 0px 4px\" class=\"hierarchy\"><span style=\"opacity: 0.4\">1</span><span style=\"opacity: 0.5\">..</span><span style=\"opacity: 0.4\">1</span></td><td style=\"vertical-align: top; text-align : left; background-color: #F7F7F7; border: 0px #F0F0F0 solid; padding:0px 4px 0px 4px\" class=\"hierarchy\"><a style=\"opacity: 0.4\" href=\"http://hl7.org/fhir/STU3/datatypes.html#code\">code</a></td><td style=\"vertical-align: top; text-align : left; background-color: #F7F7F7; border: 0px #F0F0F0 solid; padding:0px 4px 0px 4px\" class=\"hierarchy\"/></tr>\r\n<tr style=\"border: 0px #F0F0F0 solid; padding:0px; vertical-align: top; background-color: white;\"><td style=\"vertical-align: top; text-align : left; background-color: white; border: 0px #F0F0F0 solid; padding:0px 4px 0px 4px; white-space: nowrap; background-image: url(tbl_bck10.png)\" class=\"hierarchy\"><img src=\"tbl_spacer.png\" alt=\".\" style=\"background-color: inherit\" class=\"hierarchy\"/><img src=\"tbl_vjoin.png\" alt=\".\" style=\"background-color: inherit\" class=\"hierarchy\"/><img src=\"icon_element.gif\" alt=\".\" style=\"background-color: white; background-color: inherit\" title=\"Element\" class=\"hierarchy\"/> <a href=\"StructureDefinition-medicationstatement-summary-1-definitions.html#MedicationStatement.category\" title=\"null\">category</a><a name=\"MedicationStatement.category\"> </a></td><td style=\"vertical-align: top; text-align : left; background-color: white; border: 0px #F0F0F0 solid; padding:0px 4px 0px 4px\" class=\"hierarchy\"><span style=\"padding-left: 3px; padding-right: 3px; color: white; background-color: red\" title=\"This element must be supported\">S</span></td><td style=\"vertical-align: top; text-align : left; background-color: white; border: 0px #F0F0F0 solid; padding:0px 4px 0px 4px\" class=\"hierarchy\"><span style=\"opacity: 0.4\">0</span><span style=\"opacity: 0.5\">..</span><span style=\"opacity: 0.4\">1</span></td><td style=\"vertical-align: top; text-align : left; background-color: white; border: 0px #F0F0F0 solid; padding:0px 4px 0px 4px\" class=\"hierarchy\"><a style=\"opacity: 0.4\" href=\"http://hl7.org/fhir/STU3/datatypes.html#CodeableConcept\">CodeableConcept</a></td><td style=\"vertical-align: top; text-align : left; background-color: white; border: 0px #F0F0F0 solid; padding:0px 4px 0px 4px\" class=\"hierarchy\"/></tr>\r\n<tr style=\"border: 0px #F0F0F0 solid; padding:0px; vertical-align: top; background-color: #F7F7F7;\"><td style=\"vertical-align: top; text-align : left; background-color: #F7F7F7; border: 0px #F0F0F0 solid; padding:0px 4px 0px 4px; white-space: nowrap; background-image: url(tbl_bck10.png)\" class=\"hierarchy\"><img src=\"tbl_spacer.png\" alt=\".\" style=\"background-color: inherit\" class=\"hierarchy\"/><img src=\"tbl_vjoin.png\" alt=\".\" style=\"background-color: inherit\" class=\"hierarchy\"/><img src=\"icon_datatype.gif\" alt=\".\" style=\"background-color: #F7F7F7; background-color: inherit\" title=\"Data Type\" class=\"hierarchy\"/> <a href=\"StructureDefinition-medicationstatement-summary-1-definitions.html#MedicationStatement.medication[x]\" title=\"null\">medication[x]</a><a name=\"MedicationStatement.medication_x_\"> </a></td><td style=\"vertical-align: top; text-align : left; background-color: #F7F7F7; border: 0px #F0F0F0 solid; padding:0px 4px 0px 4px\" class=\"hierarchy\"><span style=\"padding-left: 3px; padding-right: 3px; color: white; background-color: red\" title=\"This element must be supported\">S</span></td><td style=\"vertical-align: top; text-align : left; background-color: #F7F7F7; border: 0px #F0F0F0 solid; padding:0px 4px 0px 4px\" class=\"hierarchy\"><span style=\"opacity: 0.4\">1</span><span style=\"opacity: 0.5\">..</span><span style=\"opacity: 0.4\">1</span></td><td style=\"vertical-align: top; text-align : left; background-color: #F7F7F7; border: 0px #F0F0F0 solid; padding:0px 4px 0px 4px\" class=\"hierarchy\"><a href=\"http://hl7.org/fhir/STU3/datatypes.html#CodeableConcept\">CodeableConcept</a></td><td style=\"vertical-align: top; text-align : left; background-color: #F7F7F7; border: 0px #F0F0F0 solid; padding:0px 4px 0px 4px\" class=\"hierarchy\"/></tr>\r\n<tr style=\"border: 0px #F0F0F0 solid; padding:0px; vertical-align: top; background-color: white;\"><td style=\"vertical-align: top; text-align : left; background-color: white; border: 0px #F0F0F0 solid; padding:0px 4px 0px 4px; white-space: nowrap; background-image: url(tbl_bck10.png)\" class=\"hierarchy\"><img src=\"tbl_spacer.png\" alt=\".\" style=\"background-color: inherit\" class=\"hierarchy\"/><img src=\"tbl_vjoin.png\" alt=\".\" style=\"background-color: inherit\" class=\"hierarchy\"/><img src=\"icon_reference.png\" alt=\".\" style=\"background-color: white; background-color: inherit\" title=\"Reference to another Resource\" class=\"hierarchy\"/> <a href=\"StructureDefinition-medicationstatement-summary-1-definitions.html#MedicationStatement.informationSource\" title=\"null\">informationSource</a><a name=\"MedicationStatement.informationSource\"> </a></td><td style=\"vertical-align: top; text-align : left; background-color: white; border: 0px #F0F0F0 solid; padding:0px 4px 0px 4px\" class=\"hierarchy\"><span style=\"padding-left: 3px; padding-right: 3px; color: white; background-color: red\" title=\"This element must be supported\">S</span></td><td style=\"vertical-align: top; text-align : left; background-color: white; border: 0px #F0F0F0 solid; padding:0px 4px 0px 4px\" class=\"hierarchy\"><span style=\"opacity: 0.4\">0</span><span style=\"opacity: 0.5\">..</span><span style=\"opacity: 0.4\">1</span></td><td style=\"vertical-align: top; text-align : left; background-color: white; border: 0px #F0F0F0 solid; padding:0px 4px 0px 4px\" class=\"hierarchy\"><a href=\"http://hl7.org/fhir/STU3/references.html\">Reference</a>(<a href=\"StructureDefinition-patient-dh-base-1.html\">Base Patient</a> | <a href=\"StructureDefinition-practitioner-dh-base-1.html\">Base Practitioner</a> | <a href=\"StructureDefinition-relatedperson-dh-base-1.html\">Base RelatedPerson</a>)</td><td style=\"vertical-align: top; text-align : left; background-color: white; border: 0px #F0F0F0 solid; padding:0px 4px 0px 4px\" class=\"hierarchy\"/></tr>\r\n<tr style=\"border: 0px #F0F0F0 solid; padding:0px; vertical-align: top; background-color: #F7F7F7;\"><td style=\"vertical-align: top; text-align : left; background-color: #F7F7F7; border: 0px #F0F0F0 solid; padding:0px 4px 0px 4px; white-space: nowrap; background-image: url(tbl_bck10.png)\" class=\"hierarchy\"><img src=\"tbl_spacer.png\" alt=\".\" style=\"background-color: inherit\" class=\"hierarchy\"/><img src=\"tbl_vjoin.png\" alt=\".\" style=\"background-color: inherit\" class=\"hierarchy\"/><img src=\"icon_reference.png\" alt=\".\" style=\"background-color: #F7F7F7; background-color: inherit\" title=\"Reference to another Resource\" class=\"hierarchy\"/> <a href=\"StructureDefinition-medicationstatement-summary-1-definitions.html#MedicationStatement.subject\" title=\"null\">subject</a><a name=\"MedicationStatement.subject\"> </a></td><td style=\"vertical-align: top; text-align : left; background-color: #F7F7F7; border: 0px #F0F0F0 solid; padding:0px 4px 0px 4px\" class=\"hierarchy\"><span style=\"padding-left: 3px; padding-right: 3px; color: white; background-color: red\" title=\"This element must be supported\">S</span></td><td style=\"vertical-align: top; text-align : left; background-color: #F7F7F7; border: 0px #F0F0F0 solid; padding:0px 4px 0px 4px\" class=\"hierarchy\"><span style=\"opacity: 0.4\">1</span><span style=\"opacity: 0.5\">..</span><span style=\"opacity: 0.4\">1</span></td><td style=\"vertical-align: top; text-align : left; background-color: #F7F7F7; border: 0px #F0F0F0 solid; padding:0px 4px 0px 4px\" class=\"hierarchy\"><a href=\"http://hl7.org/fhir/STU3/references.html\">Reference</a>(<a href=\"StructureDefinition-patient-ident-1.html\">Patient with Mandatory Identifier</a>)</td><td style=\"vertical-align: top; text-align : left; background-color: #F7F7F7; border: 0px #F0F0F0 solid; padding:0px 4px 0px 4px\" class=\"hierarchy\"/></tr>\r\n<tr style=\"border: 0px #F0F0F0 solid; padding:0px; vertical-align: top; background-color: white;\"><td style=\"vertical-align: top; text-align : left; background-color: white; border: 0px #F0F0F0 solid; padding:0px 4px 0px 4px; white-space: nowrap; background-image: url(tbl_bck10.png)\" class=\"hierarchy\"><img src=\"tbl_spacer.png\" alt=\".\" style=\"background-color: inherit\" class=\"hierarchy\"/><img src=\"tbl_vjoin.png\" alt=\".\" style=\"background-color: inherit\" class=\"hierarchy\"/><img src=\"icon_element.gif\" alt=\".\" style=\"background-color: white; background-color: inherit\" title=\"Element\" class=\"hierarchy\"/> <a href=\"StructureDefinition-medicationstatement-summary-1-definitions.html#MedicationStatement.taken\" title=\"null\">taken</a><a name=\"MedicationStatement.taken\"> </a></td><td style=\"vertical-align: top; text-align : left; background-color: white; border: 0px #F0F0F0 solid; padding:0px 4px 0px 4px\" class=\"hierarchy\"><span style=\"padding-left: 3px; padding-right: 3px; color: white; background-color: red\" title=\"This element must be supported\">S</span></td><td style=\"vertical-align: top; text-align : left; background-color: white; border: 0px #F0F0F0 solid; padding:0px 4px 0px 4px\" class=\"hierarchy\"><span style=\"opacity: 0.4\">1</span><span style=\"opacity: 0.5\">..</span><span style=\"opacity: 0.4\">1</span></td><td style=\"vertical-align: top; text-align : left; background-color: white; border: 0px #F0F0F0 solid; padding:0px 4px 0px 4px\" class=\"hierarchy\"><a style=\"opacity: 0.4\" href=\"http://hl7.org/fhir/STU3/datatypes.html#code\">code</a></td><td style=\"vertical-align: top; text-align : left; background-color: white; border: 0px #F0F0F0 solid; padding:0px 4px 0px 4px\" class=\"hierarchy\"/></tr>\r\n<tr style=\"border: 0px #F0F0F0 solid; padding:0px; vertical-align: top; background-color: #F7F7F7;\"><td style=\"vertical-align: top; text-align : left; background-color: #F7F7F7; border: 0px #F0F0F0 solid; padding:0px 4px 0px 4px; white-space: nowrap; background-image: url(tbl_bck10.png)\" class=\"hierarchy\"><img src=\"tbl_spacer.png\" alt=\".\" style=\"background-color: inherit\" class=\"hierarchy\"/><img src=\"tbl_vjoin.png\" alt=\".\" style=\"background-color: inherit\" class=\"hierarchy\"/><img src=\"icon_element.gif\" alt=\".\" style=\"background-color: #F7F7F7; background-color: inherit\" title=\"Element\" class=\"hierarchy\"/> <a href=\"StructureDefinition-medicationstatement-summary-1-definitions.html#MedicationStatement.reasonCode\" title=\"null\">reasonCode</a><a name=\"MedicationStatement.reasonCode\"> </a></td><td style=\"vertical-align: top; text-align : left; background-color: #F7F7F7; border: 0px #F0F0F0 solid; padding:0px 4px 0px 4px\" class=\"hierarchy\"><span style=\"padding-left: 3px; padding-right: 3px; color: white; background-color: red\" title=\"This element must be supported\">S</span></td><td style=\"vertical-align: top; text-align : left; background-color: #F7F7F7; border: 0px #F0F0F0 solid; padding:0px 4px 0px 4px\" class=\"hierarchy\"><span style=\"opacity: 0.4\">0</span>..<span style=\"opacity: 0.4\">1</span></td><td style=\"vertical-align: top; text-align : left; background-color: #F7F7F7; border: 0px #F0F0F0 solid; padding:0px 4px 0px 4px\" class=\"hierarchy\"><a style=\"opacity: 0.4\" href=\"http://hl7.org/fhir/STU3/datatypes.html#CodeableConcept\">CodeableConcept</a></td><td style=\"vertical-align: top; text-align : left; background-color: #F7F7F7; border: 0px #F0F0F0 solid; padding:0px 4px 0px 4px\" class=\"hierarchy\"/></tr>\r\n<tr style=\"border: 0px #F0F0F0 solid; padding:0px; vertical-align: top; background-color: white;\"><td style=\"vertical-align: top; text-align : left; background-color: white; border: 0px #F0F0F0 solid; padding:0px 4px 0px 4px; white-space: nowrap; background-image: url(tbl_bck10.png)\" class=\"hierarchy\"><img src=\"tbl_spacer.png\" alt=\".\" style=\"background-color: inherit\" class=\"hierarchy\"/><img src=\"tbl_vjoin.png\" alt=\".\" style=\"background-color: inherit\" class=\"hierarchy\"/><img src=\"icon_element.gif\" alt=\".\" style=\"background-color: white; background-color: inherit\" title=\"Element\" class=\"hierarchy\"/> <a href=\"StructureDefinition-medicationstatement-summary-1-definitions.html#MedicationStatement.note\" title=\"null\">note</a><a name=\"MedicationStatement.note\"> </a></td><td style=\"vertical-align: top; text-align : left; background-color: white; border: 0px #F0F0F0 solid; padding:0px 4px 0px 4px\" class=\"hierarchy\"><span style=\"padding-left: 3px; padding-right: 3px; color: white; background-color: red\" title=\"This element must be supported\">S</span></td><td style=\"vertical-align: top; text-align : left; background-color: white; border: 0px #F0F0F0 solid; padding:0px 4px 0px 4px\" class=\"hierarchy\"><span style=\"opacity: 0.4\">0</span><span style=\"opacity: 0.5\">..</span><span style=\"opacity: 0.4\">*</span></td><td style=\"vertical-align: top; text-align : left; background-color: white; border: 0px #F0F0F0 solid; padding:0px 4px 0px 4px\" class=\"hierarchy\"><a style=\"opacity: 0.4\" href=\"http://hl7.org/fhir/STU3/datatypes.html#Annotation\">Annotation</a></td><td style=\"vertical-align: top; text-align : left; background-color: white; border: 0px #F0F0F0 solid; padding:0px 4px 0px 4px\" class=\"hierarchy\"/></tr>\r\n<tr style=\"border: 0px #F0F0F0 solid; padding:0px; vertical-align: top; background-color: #F7F7F7;\"><td style=\"vertical-align: top; text-align : left; background-color: #F7F7F7; border: 0px #F0F0F0 solid; padding:0px 4px 0px 4px; white-space: nowrap; background-image: url(tbl_bck00.png)\" class=\"hierarchy\"><img src=\"tbl_spacer.png\" alt=\".\" style=\"background-color: inherit\" class=\"hierarchy\"/><img src=\"tbl_vjoin_end.png\" alt=\".\" style=\"background-color: inherit\" class=\"hierarchy\"/><img src=\"icon_element.gif\" alt=\".\" style=\"background-color: #F7F7F7; background-color: inherit\" title=\"Element\" class=\"hierarchy\"/> <a href=\"StructureDefinition-medicationstatement-summary-1-definitions.html#MedicationStatement.dosage\" title=\"null\">dosage</a><a name=\"MedicationStatement.dosage\"> </a></td><td style=\"vertical-align: top; text-align : left; background-color: #F7F7F7; border: 0px #F0F0F0 solid; padding:0px 4px 0px 4px\" class=\"hierarchy\"><span style=\"padding-left: 3px; padding-right: 3px; color: white; background-color: red\" title=\"This element must be supported\">S</span><span style=\"padding-left: 3px; padding-right: 3px; color: black; null\" title=\"This element has or is affected by some invariants\">I</span></td><td style=\"vertical-align: top; text-align : left; background-color: #F7F7F7; border: 0px #F0F0F0 solid; padding:0px 4px 0px 4px\" class=\"hierarchy\">1..1</td><td style=\"vertical-align: top; text-align : left; background-color: #F7F7F7; border: 0px #F0F0F0 solid; padding:0px 4px 0px 4px\" class=\"hierarchy\"><a style=\"opacity: 0.4\" href=\"https://build.fhir.org/ig/hl7au/au-fhir-base-stu3//StructureDefinition-au-dosage.html\" title=\"Dosage\">AUBaseDosage</a></td><td style=\"vertical-align: top; text-align : left; background-color: #F7F7F7; border: 0px #F0F0F0 solid; padding:0px 4px 0px 4px\" class=\"hierarchy\"><span style=\"font-weight:bold\">inv-dh-mst-01: </span>The dosage shall at least have text or patient instructions</td></tr>\r\n<tr><td colspan=\"5\" class=\"hierarchy\"><br/><a href=\"http://hl7.org/fhir/STU3/formats.html#table\" title=\"Legend for this format\"><img src=\"http://hl7.org/fhir/STU3/help16.png\" alt=\"doco\" style=\"background-color: inherit\"/> Documentation for this format</a></td></tr></table></div>"},"url":"http://ns.electronichealth.net.au/ci/fhir/3.0/StructureDefinition/medicationstatement-summary-1","version":"1.0.0","name":"MedicationStatementSummary","title":"Summary Statement of Known Medicine","status":"draft","experimental":true,"date":"2019-09-05T14:57:57+10:00","publisher":"Australian Digital Health Agency","contact":[{"telecom":[{"system":"email","value":"help@digitalhealth.gov.au"}]}],"description":"The purpose of this profile is to provide a summary statement for a medicine including asserting negation for a specific medicine. It is intentional that detailed medicine information have not been included; this is intended to be a short summary.\n\n#### Must Support\n\nIn the context of this profile [Must Support](http://hl7.org/fhir/STU3/conformance-rules.html#mustSupport) SHALL be interpreted as follows:\n\n* The system SHALL be able to include the element when authoring a resource where data is available\n\n* The system SHALL be able to store and retrieve the element\n\n* The system SHALL be able to process resources containing the element","copyright":"Copyright © 2018 Australian Digital Health Agency - All rights reserved. This content is licensed under a Creative Commons Attribution 4.0 International License. See https://creativecommons.org/licenses/by/4.0/.","fhirVersion":"3.0.1","mapping":[{"identity":"workflow","uri":"http://hl7.org/fhir/workflow","name":"Workflow Mapping"},{"identity":"rim","uri":"http://hl7.org/v3","name":"RIM Mapping"},{"identity":"w5","uri":"http://hl7.org/fhir/w5","name":"W5 Mapping"},{"identity":"v2","uri":"http://hl7.org/v2","name":"HL7 v2 Mapping"}],"kind":"resource","abstract":false,"type":"MedicationStatement","baseDefinition":"http://hl7.org.au/fhir/StructureDefinition/au-medicationstatement","derivation":"constraint","snapshot":{"element":[{"id":"MedicationStatement","path":"MedicationStatement","short":"A record of medication being taken by a patient in an Australian healthcare context","definition":"A record of a medication that is being consumed by a patient.   A MedicationStatement may indicate that the patient may be taking the medication now, or has taken the medication in the past or will be taking the medication in the future.  The source of this information can be the patient, significant other (such as a family member or spouse), or a clinician.  A common scenario where this information is captured is during the history taking process during a patient visit or stay.   The medication information may come from sources such as the patient's memory, from a prescription bottle,  or from a list of medications the patient, clinician or other party maintains \r\rThe primary difference between a medication statement and a medication administration is that the medication administration has complete administration information and is based on actual administration information from the person who administered the medication.  A medication statement is often, if not always, less specific.  There is no required date/time when the medication was administered, in fact we only know that a source has reported the patient is taking this medication, where details such as time, quantity, or rate or even medication product may be incomplete or missing or less precise.  As stated earlier, the medication statement information may come from the patient's memory, from a prescription bottle or from a list of medications the patient, clinician or other party maintains.  Medication administration is more formal and is not missing detailed information.","comment":"When interpreting a medicationStatement, the value of the status and NotTaken needed to be considered:\rMedicationStatement.status + MedicationStatement.wasNotTaken\rStatus=Active + NotTaken=T = Not currently taking\rStatus=Completed + NotTaken=T = Not taken in the past\rStatus=Intended + NotTaken=T = No intention of taking\rStatus=Active + NotTaken=F = Taking, but not as prescribed\rStatus=Active + NotTaken=F = Taking\rStatus=Intended +NotTaken= F = Will be taking (not started)\rStatus=Completed + NotTaken=F = Taken in past\rStatus=In Error + NotTaken=N/A = In Error.","min":0,"max":"*","base":{"path":"MedicationStatement","min":0,"max":"*"},"constraint":[{"key":"dom-2","severity":"error","human":"If the resource is contained in another resource, it SHALL NOT contain nested Resources","expression":"contained.contained.empty()","xpath":"not(parent::f:contained and f:contained)","source":"DomainResource"},{"key":"dom-1","severity":"error","human":"If the resource is contained in another resource, it SHALL NOT contain any narrative","expression":"contained.text.empty()","xpath":"not(parent::f:contained and f:text)","source":"DomainResource"},{"key":"dom-4","severity":"error","human":"If a resource is contained in another resource, it SHALL NOT have a meta.versionId or a meta.lastUpdated","expression":"contained.meta.versionId.empty() and contained.meta.lastUpdated.empty()","xpath":"not(exists(f:contained/*/f:meta/f:versionId)) and not(exists(f:contained/*/f:meta/f:lastUpdated))","source":"DomainResource"},{"key":"dom-3","severity":"error","human":"If the resource is contained in another resource, it SHALL be referred to from elsewhere in the resource","expression":"contained.where(('#'+id in %resource.descendants().reference).not()).empty()","xpath":"not(exists(for $id in f:contained/*/@id return $id[not(ancestor::f:contained/parent::*/descendant::f:reference/@value=concat('#', $id))]))","source":"DomainResource"},{"key":"mst-1","severity":"error","human":"Reason not taken is only permitted if Taken is No","expression":"reasonNotTaken.exists().not() or (taken = 'n')","xpath":"not(exists(f:reasonNotTaken)) or f:taken/@value='n'","source":"MedicationStatement"}],"mapping":[{"identity":"rim","map":"Entity. Role, or Act"},{"identity":"workflow","map":"..Event"},{"identity":"rim","map":"SubstanceAdministration"},{"identity":"w5","map":"clinical.medication"}]},{"id":"MedicationStatement.id","path":"MedicationStatement.id","short":"Logical id of this artifact","definition":"The logical id of the resource, as used in the URL for the resource. Once assigned, this value never changes.","comment":"The only time that a resource does not have an id is when it is being submitted to the server using a create operation.","min":0,"max":"1","base":{"path":"Resource.id","min":0,"max":"1"},"type":[{"code":"id"}],"isSummary":true},{"id":"MedicationStatement.meta","path":"MedicationStatement.meta","short":"Metadata about the resource","definition":"The metadata about the resource. This is content that is maintained by the infrastructure. Changes to the content may not always be associated with version changes to the resource.","min":0,"max":"1","base":{"path":"Resource.meta","min":0,"max":"1"},"type":[{"code":"Meta"}],"isSummary":true},{"id":"MedicationStatement.implicitRules","path":"MedicationStatement.implicitRules","short":"A set of rules under which this content was created","definition":"A reference to a set of rules that were followed when the resource was constructed, and which must be understood when processing the content.","comment":"Asserting this rule set restricts the content to be only understood by a limited set of trading partners. This inherently limits the usefulness of the data in the long term. However, the existing health eco-system is highly fractured, and not yet ready to define, collect, and exchange data in a generally computable sense. Wherever possible, implementers and/or specification writers should avoid using this element. \n\nThis element is labelled as a modifier because the implicit rules may provide additional knowledge about the resource that modifies it's meaning or interpretation.","min":0,"max":"1","base":{"path":"Resource.implicitRules","min":0,"max":"1"},"type":[{"code":"uri"}],"isModifier":true,"isSummary":true},{"id":"MedicationStatement.language","path":"MedicationStatement.language","short":"Language of the resource content","definition":"The base language in which the resource is written.","comment":"Language is provided to support indexing and accessibility (typically, services such as text to speech use the language tag). The html language tag in the narrative applies  to the narrative. The language tag on the resource may be used to specify the language of other presentations generated from the data in the resource  Not all the content has to be in the base language. The Resource.language should not be assumed to apply to the narrative automatically. If a language is specified, it should it also be specified on the div element in the html (see rules in HTML5 for information about the relationship between xml:lang and the html lang attribute).","min":0,"max":"1","base":{"path":"Resource.language","min":0,"max":"1"},"type":[{"code":"code"}],"binding":{"extension":[{"url":"http://hl7.org/fhir/StructureDefinition/elementdefinition-maxValueSet","valueReference":{"reference":"http://hl7.org/fhir/ValueSet/all-languages"}},{"url":"http://hl7.org/fhir/StructureDefinition/elementdefinition-bindingName","valueString":"Language"},{"url":"http://hl7.org/fhir/StructureDefinition/elementdefinition-isCommonBinding","valueBoolean":true}],"strength":"extensible","description":"A human language.","valueSetReference":{"reference":"http://hl7.org/fhir/ValueSet/languages"}}},{"id":"MedicationStatement.text","path":"MedicationStatement.text","short":"Text summary of the resource, for human interpretation","definition":"A human-readable narrative that contains a summary of the resource, and may be used to represent the content of the resource to a human. The narrative need not encode all the structured data, but is required to contain sufficient detail to make it \"clinically safe\" for a human to just read the narrative. Resource definitions may define what content should be represented in the narrative to ensure clinical safety.","comment":"Contained resources do not have narrative. Resources that are not contained SHOULD have a narrative. In some cases, a resource may only have text with little or no additional discrete data (as long as all minOccurs=1 elements are satisfied).  This may be necessary for data from legacy systems where information is captured as a \"text blob\" or where text is additionally entered raw or narrated and encoded in formation is added later.","alias":["narrative","html","xhtml","display"],"min":0,"max":"1","base":{"path":"DomainResource.text","min":0,"max":"1"},"type":[{"code":"Narrative"}],"condition":["dom-1"],"mapping":[{"identity":"rim","map":"Act.text?"}]},{"id":"MedicationStatement.contained","path":"MedicationStatement.contained","short":"Contained, inline Resources","definition":"These resources do not have an independent existence apart from the resource that contains them - they cannot be identified independently, and nor can they have their own independent transaction scope.","comment":"This should never be done when the content can be identified properly, as once identification is lost, it is extremely difficult (and context dependent) to restore it again.","alias":["inline resources","anonymous resources","contained resources"],"min":0,"max":"*","base":{"path":"DomainResource.contained","min":0,"max":"*"},"type":[{"code":"Resource"}],"mapping":[{"identity":"rim","map":"N/A"}]},{"id":"MedicationStatement.extension","path":"MedicationStatement.extension","slicing":{"discriminator":[{"type":"value","path":"url"}],"rules":"open"},"short":"Extension","definition":"An Extension","min":0,"max":"*","base":{"path":"DomainResource.extension","min":0,"max":"*"},"type":[{"code":"Extension"}]},{"id":"MedicationStatement.extension:longTerm","path":"MedicationStatement.extension","sliceName":"longTerm","short":"Medication Long Term Indicator","definition":"Medication long-term indicator","min":0,"max":"*","base":{"path":"DomainResource.extension","min":0,"max":"*"},"type":[{"code":"Extension","profile":"http://hl7.org.au/fhir/StructureDefinition/medication-long-term"}],"condition":["ele-1"],"constraint":[{"key":"ele-1","severity":"error","human":"All FHIR elements must have a @value or children","expression":"hasValue() | (children().count() > id.count())","xpath":"@value|f:*|h:div","source":"Element"},{"key":"ext-1","severity":"error","human":"Must have either extensions or value[x], not both","expression":"extension.exists() != value.exists()","xpath":"exists(f:extension)!=exists(f:*[starts-with(local-name(.), 'value')])","source":"Extension"}]},{"id":"MedicationStatement.extension:brandName","path":"MedicationStatement.extension","sliceName":"brandName","short":"Medication Brand Name","definition":"The brand medication text name for an associated medication, this may be supplied if a coded brand name is not available for medicationCodeableConcept but the brand name is needed.","min":0,"max":"*","base":{"path":"DomainResource.extension","min":0,"max":"*"},"type":[{"code":"Extension","profile":"http://hl7.org.au/fhir/StructureDefinition/medication-brand-name"}],"condition":["ele-1"],"constraint":[{"key":"ele-1","severity":"error","human":"All FHIR elements must have a @value or children","expression":"hasValue() | (children().count() > id.count())","xpath":"@value|f:*|h:div","source":"Element"},{"key":"ext-1","severity":"error","human":"Must have either extensions or value[x], not both","expression":"extension.exists() != value.exists()","xpath":"exists(f:extension)!=exists(f:*[starts-with(local-name(.), 'value')])","source":"Extension"}]},{"id":"MedicationStatement.extension:genericName","path":"MedicationStatement.extension","sliceName":"genericName","short":"Medication Generic Drug Name","definition":"The generic medication text name for an associated medication, this may not be the same as the medicationCodeableConcept medication (prescribed, dispensed or stated) but may be used to provide an additional or equivalent drug name that is a generic medication concept. ","min":0,"max":"*","base":{"path":"DomainResource.extension","min":0,"max":"*"},"type":[{"code":"Extension","profile":"http://hl7.org.au/fhir/StructureDefinition/medication-generic-name"}],"condition":["ele-1"],"constraint":[{"key":"ele-1","severity":"error","human":"All FHIR elements must have a @value or children","expression":"hasValue() | (children().count() > id.count())","xpath":"@value|f:*|h:div","source":"Element"},{"key":"ext-1","severity":"error","human":"Must have either extensions or value[x], not both","expression":"extension.exists() != value.exists()","xpath":"exists(f:extension)!=exists(f:*[starts-with(local-name(.), 'value')])","source":"Extension"}]},{"id":"MedicationStatement.modifierExtension","path":"MedicationStatement.modifierExtension","short":"Extensions that cannot be ignored","definition":"May be used to represent additional information that is not part of the basic definition of the resource, and that modifies the understanding of the element that contains it. Usually modifier elements provide negation or qualification. In order to make the use of extensions safe and manageable, there is a strict set of governance applied to the definition and use of extensions. Though any implementer is allowed to define an extension, there is a set of requirements that SHALL be met as part of the definition of the extension. Applications processing a resource are required to check for modifier extensions.","comment":"There can be no stigma associated with the use of extensions by any application, project, or standard - regardless of the institution or jurisdiction that uses or defines the extensions.  The use of extensions is what allows the FHIR specification to retain a core level of simplicity for everyone.","alias":["extensions","user content"],"min":0,"max":"*","base":{"path":"DomainResource.modifierExtension","min":0,"max":"*"},"type":[{"code":"Extension"}],"isModifier":true,"mapping":[{"identity":"rim","map":"N/A"}]},{"id":"MedicationStatement.identifier","path":"MedicationStatement.identifier","short":"External identifier","definition":"External identifier - FHIR will generate its own internal identifiers (probably URLs) which do not need to be explicitly managed by the resource.  The identifier here is one that would be used by another non-FHIR system - for example an automated medication pump would provide a record each time it operated; an administration while the patient was off the ward might be made with a different system and entered after the event.  Particularly important if these records have to be updated.","min":0,"max":"*","base":{"path":"MedicationStatement.identifier","min":0,"max":"*"},"type":[{"code":"Identifier"}],"isSummary":true,"mapping":[{"identity":"workflow","map":"…identifer"},{"identity":"rim","map":".id"},{"identity":"w5","map":"id"}]},{"id":"MedicationStatement.basedOn","path":"MedicationStatement.basedOn","short":"Fulfils plan, proposal or order","definition":"A plan, proposal or order that is fulfilled in whole or in part by this event.","requirements":"Allows tracing of authorization for the event and tracking whether proposals/recommendations were acted upon.","min":0,"max":"*","base":{"path":"MedicationStatement.basedOn","min":0,"max":"*"},"type":[{"code":"Reference","targetProfile":"http://hl7.org/fhir/StructureDefinition/MedicationRequest"},{"code":"Reference","targetProfile":"http://hl7.org/fhir/StructureDefinition/CarePlan"},{"code":"Reference","targetProfile":"http://hl7.org/fhir/StructureDefinition/ProcedureRequest"},{"code":"Reference","targetProfile":"http://hl7.org/fhir/StructureDefinition/ReferralRequest"}],"isSummary":true,"mapping":[{"identity":"workflow","map":"…basedOn"},{"identity":"rim","map":".outboundRelationship[typeCode=FLFS].target[classCode=SBADM or PROC or PCPR or OBS, moodCode=RQO orPLAN or PRP]"}]},{"id":"MedicationStatement.partOf","path":"MedicationStatement.partOf","short":"Part of referenced event","definition":"A larger event of which this particular event is a component or step.","requirements":"This should not be used when indicating which resource a MedicationStatement has been derived from.  If that is the use case, then MedicationStatement.derivedFrom should be used.","min":0,"max":"*","base":{"path":"MedicationStatement.partOf","min":0,"max":"*"},"type":[{"code":"Reference","targetProfile":"http://hl7.org/fhir/StructureDefinition/MedicationAdministration"},{"code":"Reference","targetProfile":"http://hl7.org/fhir/StructureDefinition/MedicationDispense"},{"code":"Reference","targetProfile":"http://hl7.org/fhir/StructureDefinition/MedicationStatement"},{"code":"Reference","targetProfile":"http://hl7.org/fhir/StructureDefinition/Procedure"},{"code":"Reference","targetProfile":"http://hl7.org/fhir/StructureDefinition/Observation"}],"isSummary":true,"mapping":[{"identity":"workflow","map":"…part of"},{"identity":"rim","map":".outboundRelationship[typeCode=COMP]/target[classCode=SPLY or SBADM or PROC or OBS,moodCode=EVN]"}]},{"id":"MedicationStatement.context","path":"MedicationStatement.context","short":"Encounter / Episode associated with MedicationStatement","definition":"The encounter or episode of care that establishes the context for this MedicationStatement.","min":0,"max":"1","base":{"path":"MedicationStatement.context","min":0,"max":"1"},"type":[{"code":"Reference","targetProfile":"http://hl7.org/fhir/StructureDefinition/Encounter"},{"code":"Reference","targetProfile":"http://hl7.org/fhir/StructureDefinition/EpisodeOfCare"}],"isSummary":true,"mapping":[{"identity":"workflow","map":"…context"},{"identity":"rim","map":".inboundRelationship[typeCode=COMP].source[classCode=ENC, moodCode=EVN, code=\"type of encounter or episode\"]"}]},{"id":"MedicationStatement.status","path":"MedicationStatement.status","short":"active | completed | entered-in-error | intended | stopped | on-hold","definition":"A code representing the patient or other source's judgment about the state of the medication used that this statement is about.  Generally this will be active or completed.","comment":"MedicationStatement is a statement at a point in time.  The status is only representative at the point when it was asserted.  The value set for MedicationStatement.status contains codes that assert the status of the use of the medication by the patient (for example, stopped or on hold) as well as codes that assert the status of the medication statement itself (for example, entered in error).\n\nThis element is labeled as a modifier because the status contains codes that mark the resource as not currently valid.","min":1,"max":"1","base":{"path":"MedicationStatement.status","min":1,"max":"1"},"type":[{"code":"code"}],"mustSupport":true,"isModifier":true,"isSummary":true,"binding":{"extension":[{"url":"http://hl7.org/fhir/StructureDefinition/elementdefinition-bindingName","valueString":"MedicationStatementStatus"}],"strength":"required","description":"A coded concept indicating the current status of a MedicationStatement.","valueSetReference":{"reference":"http://hl7.org/fhir/ValueSet/medication-statement-status"}},"mapping":[{"identity":"workflow","map":"…status"},{"identity":"rim","map":".statusCode"},{"identity":"w5","map":"status"}]},{"id":"MedicationStatement.category","path":"MedicationStatement.category","short":"Type of medication usage","definition":"Indicates where type of medication statement and where the medication is expected to be consumed or administered.","min":0,"max":"1","base":{"path":"MedicationStatement.category","min":0,"max":"1"},"type":[{"code":"CodeableConcept"}],"mustSupport":true,"isSummary":true,"binding":{"extension":[{"url":"http://hl7.org/fhir/StructureDefinition/elementdefinition-bindingName","valueString":"MedicationStatementCategory"}],"strength":"preferred","description":"A coded concept identifying where the medication included in the medicationstatement is expected to be consumed or administered","valueSetReference":{"reference":"http://hl7.org/fhir/ValueSet/medication-statement-category"}},"mapping":[{"identity":"rim","map":".inboundRelationship[typeCode=COMP].source[classCode=OBS, moodCode=EVN, code=\"type of medication usage\"].value"},{"identity":"w5","map":"class"}]},{"id":"MedicationStatement.medication[x]","path":"MedicationStatement.medication[x]","slicing":{"discriminator":[{"type":"type","path":"$this"}],"ordered":false,"rules":"closed"},"short":"Medication Detail","definition":"Identifies the medication being administered. This is either a link to a resource representing the details of the medication or a simple attribute carrying a code that identifies the medication from a known list of medications.","comment":"If only a code is specified, then it needs to be a code for a specific product. If more information is required, then the use of the medication resource is recommended.  For example if you require form or lot number, then you must reference the Medication resource. .","min":1,"max":"1","base":{"path":"MedicationStatement.medication[x]","min":1,"max":"1"},"type":[{"code":"CodeableConcept"}],"mustSupport":true,"isSummary":true,"binding":{"extension":[{"url":"http://hl7.org/fhir/StructureDefinition/elementdefinition-bindingName","valueString":"MedicationCode"}],"strength":"example","description":"A coded concept identifying the substance or product being taken.","valueSetReference":{"reference":"http://hl7.org/fhir/ValueSet/medication-codes"}},"mapping":[{"identity":"workflow","map":"…code"},{"identity":"rim","map":".participation[typeCode=CSM].role[classCode=ADMM or MANU]"},{"identity":"w5","map":"what"}]},{"id":"MedicationStatement.medication[x]:medicationCodeableConcept","path":"MedicationStatement.medication[x]","sliceName":"medicationCodeableConcept","short":"Coded Medication","definition":"Identifies the medication being administered. This is either a link to a resource representing the details of the medication or a simple attribute carrying a code that identifies the medication from a known list of medications.","comment":"If only a code is specified, then it needs to be a code for a specific product. If more information is required, then the use of the medication resource is recommended.  For example if you require form or lot number, then you must reference the Medication resource. .","min":0,"max":"1","base":{"path":"MedicationStatement.medication[x]","min":1,"max":"1"},"type":[{"code":"CodeableConcept"}],"constraint":[{"key":"inv-amt-tpuu","severity":"error","human":"AMT TPUU valueset membership required","expression":"coding.where(system='http://snomed.info/sct' and extension.where(url='http://hl7.org.au/fhir/CodeSystem/medication-type').valueCoding='BPDSF').exists() implies coding.where(system='http://snomed.info/sct' and extension.where(url='http://hl7.org.au/fhir/CodeSystem/medication-type').valueCoding='BPDSF').first().code in 'http://hl7.org.au/fhir/ValueSet/amt-tpuu-codes'"},{"key":"inv-amt-tpp","severity":"error","human":"AMT TPU valueset membership required","expression":"coding.where(system='http://snomed.info/sct' and extension.where(url='http://hl7.org.au/fhir/CodeSystem/medication-type').valueCoding='BPG').exists() implies coding.where(system='http://snomed.info/sct' and extension.where(url='http://hl7.org.au/fhir/CodeSystem/medication-type').valueCoding='BPG').first().code in 'http://hl7.org.au/fhir/ValueSet/amt-tpp-codes'"},{"key":"inv-amt-tp","severity":"error","human":"AMT TP valueset membership required","expression":"coding.where(system='http://snomed.info/sct' and extension.where(url='http://hl7.org.au/fhir/CodeSystem/medication-type').valueCoding='BPD').exists() implies coding.where(system='http://snomed.info/sct' and extension.where(url='http://hl7.org.au/fhir/CodeSystem/medication-type').valueCoding='BPD').first().code in 'http://hl7.org.au/fhir/ValueSet/amt-tp-codes'"},{"key":"inv-amt-mpuu","severity":"error","human":"AMT MPUU valueset membership required","expression":"coding.where(system='http://snomed.info/sct' and extension.where(url='http://hl7.org.au/fhir/CodeSystem/medication-type').valueCoding='UPDSF').exists() implies coding.where(system='http://snomed.info/sct' and extension.where(url='http://hl7.org.au/fhir/CodeSystem/medication-type').valueCoding='UPDSF').first().code in 'http://hl7.org.au/fhir/ValueSet/amt-mpuu-codes'"},{"key":"inv-amt-mpp","severity":"error","human":"AMT MPP valueset membership required","expression":"coding.where(system='http://snomed.info/sct' and extension.where(url='http://hl7.org.au/fhir/CodeSystem/medication-type').valueCoding='UPG').exists() implies coding.where(system='http://snomed.info/sct' and extension.where(url='http://hl7.org.au/fhir/CodeSystem/medication-type').valueCoding='UPG').first().code in 'http://hl7.org.au/fhir/ValueSet/amt-mpp-codes'"},{"key":"inv-amt-mp","severity":"error","human":"AMT MP valueset membership required","expression":"coding.where(system='http://snomed.info/sct' and extension.where(url='http://hl7.org.au/fhir/CodeSystem/medication-type').valueCoding='UPD').exists() implies coding.where(system='http://snomed.info/sct' and extension.where(url='http://hl7.org.au/fhir/CodeSystem/medication-type').valueCoding='UPD').first().code in 'http://hl7.org.au/fhir/ValueSet/amt-mp-codes'"},{"key":"inv-amt-ctpp","severity":"error","human":"AMT CTPP valueset membership required","expression":"coding.where(system='http://snomed.info/sct' and extension.where(url='http://hl7.org.au/fhir/CodeSystem/medication-type').valueCoding='BPGC').exists() implies coding.where(system='http://snomed.info/sct' and extension.where(url='http://hl7.org.au/fhir/CodeSystem/medication-type').valueCoding='BPGC').first().code in 'http://hl7.org.au/fhir/ValueSet/amt-ctpp-codes'"}],"isSummary":true,"binding":{"extension":[{"url":"http://hl7.org/fhir/StructureDefinition/elementdefinition-bindingName","valueString":"MedicationCode"}],"strength":"example","description":"A coded concept identifying the substance or product being taken.","valueSetReference":{"reference":"http://hl7.org/fhir/ValueSet/medication-codes"}},"mapping":[{"identity":"workflow","map":"…code"},{"identity":"rim","map":".participation[typeCode=CSM].role[classCode=ADMM or MANU]"},{"identity":"w5","map":"what"}]},{"id":"MedicationStatement.medication[x]:medicationCodeableConcept.id","path":"MedicationStatement.medication[x].id","representation":["xmlAttr"],"short":"xml:id (or equivalent in JSON)","definition":"unique id for the element within a resource (for internal references). This may be any string value that does not contain spaces.","min":0,"max":"1","base":{"path":"Element.id","min":0,"max":"1"},"type":[{"code":"string"}],"mapping":[{"identity":"rim","map":"n/a"}]},{"id":"MedicationStatement.medication[x]:medicationCodeableConcept.extension","path":"MedicationStatement.medication[x].extension","slicing":{"discriminator":[{"type":"value","path":"url"}],"description":"Extensions are always sliced by (at least) url","rules":"open"},"short":"Additional Content defined by implementations","definition":"May be used to represent additional information that is not part of the basic definition of the element. In order to make the use of extensions safe and manageable, there is a strict set of governance  applied to the definition and use of extensions. Though any implementer is allowed to define an extension, there is a set of requirements that SHALL be met as part of the definition of the extension.","comment":"There can be no stigma associated with the use of extensions by any application, project, or standard - regardless of the institution or jurisdiction that uses or defines the extensions.  The use of extensions is what allows the FHIR specification to retain a core level of simplicity for everyone.","alias":["extensions","user content"],"min":0,"max":"*","base":{"path":"Element.extension","min":0,"max":"*"},"type":[{"code":"Extension"}],"mapping":[{"identity":"rim","map":"n/a"}]},{"id":"MedicationStatement.medication[x]:medicationCodeableConcept.coding","path":"MedicationStatement.medication[x].coding","slicing":{"discriminator":[{"type":"value","path":"system"},{"type":"value","path":"code"}],"rules":"open"},"short":"Medication Codes","definition":"A reference to a code defined by a terminology system.","comment":"Codes may be defined very casually in enumerations, or code lists, up to very formal definitions such as SNOMED CT - see the HL7 v3 Core Principles for more information.  Ordering of codings is undefined and SHALL NOT be used to infer meaning. Generally, at most only one of the coding values will be labeled as UserSelected = true.","requirements":"Allows for translations and alternate encodings within a code system.  Also supports communication of the same instance to systems requiring different encodings.","min":0,"max":"*","base":{"path":"CodeableConcept.coding","min":0,"max":"*"},"type":[{"code":"Coding"}],"isSummary":true,"mapping":[{"identity":"v2","map":"C*E.1-8, C*E.10-22"},{"identity":"rim","map":"union(., ./translation)"},{"identity":"orim","map":"fhir:CodeableConcept.coding rdfs:subPropertyOf dt:CD.coding"}]},{"id":"MedicationStatement.medication[x]:medicationCodeableConcept.coding:pbs","path":"MedicationStatement.medication[x].coding","sliceName":"pbs","short":"PBS Item Code","definition":"PBS code from http://pbs.gov.au/code/item. Use of PBS as a code to refer to a type of medication, this excludes implication of context based on the PBS code. Where context is to be implied or stated PBS code needs to be associated with recording a prescription (MedicationRequest) or dispense record(MedicationDispense)","comment":"Codes may be defined very casually in enumerations, or code lists, up to very formal definitions such as SNOMED CT - see the HL7 v3 Core Principles for more information.  Ordering of codings is undefined and SHALL NOT be used to infer meaning. Generally, at most only one of the coding values will be labeled as UserSelected = true.","requirements":"Allows for translations and alternate encodings within a code system.  Also supports communication of the same instance to systems requiring different encodings.","min":0,"max":"*","base":{"path":"CodeableConcept.coding","min":0,"max":"*"},"type":[{"code":"Coding"}],"isSummary":true,"binding":{"strength":"required","valueSetReference":{"reference":"http://hl7.org.au/fhir/ValueSet/pbs-item"}},"mapping":[{"identity":"v2","map":"C*E.1-8, C*E.10-22"},{"identity":"rim","map":"union(., ./translation)"},{"identity":"orim","map":"fhir:CodeableConcept.coding rdfs:subPropertyOf dt:CD.coding"}]},{"id":"MedicationStatement.medication[x]:medicationCodeableConcept.coding:gtin","path":"MedicationStatement.medication[x].coding","sliceName":"gtin","short":"Medication Package Global Trade Item Number (GTIN)","definition":"GTIN value from http://www.gs1.org/gtin.","comment":"Codes may be defined very casually in enumerations, or code lists, up to very formal definitions such as SNOMED CT - see the HL7 v3 Core Principles for more information.  Ordering of codings is undefined and SHALL NOT be used to infer meaning. Generally, at most only one of the coding values will be labeled as UserSelected = true.","requirements":"Allows for translations and alternate encodings within a code system.  Also supports communication of the same instance to systems requiring different encodings.","min":0,"max":"*","base":{"path":"CodeableConcept.coding","min":0,"max":"*"},"type":[{"code":"Coding"}],"isSummary":true,"binding":{"strength":"required","valueSetReference":{"reference":"http://hl7.org.au/fhir/ValueSet/gtin"}},"mapping":[{"identity":"v2","map":"C*E.1-8, C*E.10-22"},{"identity":"rim","map":"union(., ./translation)"},{"identity":"orim","map":"fhir:CodeableConcept.coding rdfs:subPropertyOf dt:CD.coding"}]},{"id":"MedicationStatement.medication[x]:medicationCodeableConcept.coding:amt","path":"MedicationStatement.medication[x].coding","sliceName":"amt","short":"AMT Medicines","definition":"A reference to a code defined by a terminology system.","comment":"Codes may be defined very casually in enumerations, or code lists, up to very formal definitions such as SNOMED CT - see the HL7 v3 Core Principles for more information.  Ordering of codings is undefined and SHALL NOT be used to infer meaning. Generally, at most only one of the coding values will be labeled as UserSelected = true.","requirements":"Allows for translations and alternate encodings within a code system.  Also supports communication of the same instance to systems requiring different encodings.","min":0,"max":"*","base":{"path":"CodeableConcept.coding","min":0,"max":"*"},"type":[{"code":"Coding"}],"isSummary":true,"binding":{"strength":"required","valueSetReference":{"reference":"https://healthterminologies.gov.au/fhir/ValueSet/australian-medication-1"}},"mapping":[{"identity":"v2","map":"C*E.1-8, C*E.10-22"},{"identity":"rim","map":"union(., ./translation)"},{"identity":"orim","map":"fhir:CodeableConcept.coding rdfs:subPropertyOf dt:CD.coding"}]},{"id":"MedicationStatement.medication[x]:medicationCodeableConcept.coding:amt.id","path":"MedicationStatement.medication[x].coding.id","representation":["xmlAttr"],"short":"xml:id (or equivalent in JSON)","definition":"unique id for the element within a resource (for internal references). This may be any string value that does not contain spaces.","min":0,"max":"1","base":{"path":"Element.id","min":0,"max":"1"},"type":[{"code":"string"}],"mapping":[{"identity":"rim","map":"n/a"}]},{"id":"MedicationStatement.medication[x]:medicationCodeableConcept.coding:amt.extension","path":"MedicationStatement.medication[x].coding.extension","slicing":{"discriminator":[{"type":"value","path":"url"}],"description":"Extensions are always sliced by (at least) url","rules":"open"},"short":"Extension","definition":"An Extension","min":0,"max":"*","base":{"path":"Element.extension","min":0,"max":"*"},"type":[{"code":"Extension"}]},{"id":"MedicationStatement.medication[x]:medicationCodeableConcept.coding:amt.extension:medicationClass","path":"MedicationStatement.medication[x].coding.extension","sliceName":"medicationClass","short":"Class of Medication Coding","definition":"General category of coding to allow usage of codes to be distinguished from the same CodeSystem","min":0,"max":"1","base":{"path":"Element.extension","min":0,"max":"*"},"type":[{"code":"Extension","profile":"http://hl7.org.au/fhir/StructureDefinition/medication-type"}]},{"id":"MedicationStatement.medication[x]:medicationCodeableConcept.coding:amt.extension:medicationClass.id","path":"MedicationStatement.medication[x].coding.extension.id","representation":["xmlAttr"],"short":"xml:id (or equivalent in JSON)","definition":"unique id for the element within a resource (for internal references). This may be any string value that does not contain spaces.","min":0,"max":"1","base":{"path":"Element.id","min":0,"max":"1"},"type":[{"code":"string"}],"mapping":[{"identity":"rim","map":"n/a"}]},{"id":"MedicationStatement.medication[x]:medicationCodeableConcept.coding:amt.extension:medicationClass.extension","path":"MedicationStatement.medication[x].coding.extension.extension","slicing":{"discriminator":[{"type":"value","path":"url"}],"description":"Extensions are always sliced by (at least) url","rules":"open"},"short":"Additional Content defined by implementations","definition":"May be used to represent additional information that is not part of the basic definition of the element. In order to make the use of extensions safe and manageable, there is a strict set of governance  applied to the definition and use of extensions. Though any implementer is allowed to define an extension, there is a set of requirements that SHALL be met as part of the definition of the extension.","comment":"There can be no stigma associated with the use of extensions by any application, project, or standard - regardless of the institution or jurisdiction that uses or defines the extensions.  The use of extensions is what allows the FHIR specification to retain a core level of simplicity for everyone.","alias":["extensions","user content"],"min":0,"max":"*","base":{"path":"Element.extension","min":0,"max":"*"},"type":[{"code":"Extension"}],"mapping":[{"identity":"rim","map":"n/a"}]},{"id":"MedicationStatement.medication[x]:medicationCodeableConcept.coding:amt.extension:medicationClass.url","path":"MedicationStatement.medication[x].coding.extension.url","representation":["xmlAttr"],"short":"identifies the meaning of the extension","definition":"Source of the definition for the extension code - a logical name or a URL.","comment":"The definition may point directly to a computable or human-readable definition of the extensibility codes, or it may be a logical URI as declared in some other specification. The definition SHALL be a URI for the Structure Definition defining the extension.","min":1,"max":"1","base":{"path":"Extension.url","min":1,"max":"1"},"type":[{"code":"uri"}],"fixedUri":"http://hl7.org.au/fhir/StructureDefinition/medication-type","mapping":[{"identity":"rim","map":"N/A"}]},{"id":"MedicationStatement.medication[x]:medicationCodeableConcept.coding:amt.extension:medicationClass.value[x]","path":"MedicationStatement.medication[x].coding.extension.value[x]","slicing":{"discriminator":[{"type":"type","path":"$this"}],"ordered":false,"rules":"closed"},"short":"Value of extension","definition":"Value of extension - may be a resource or one of a constrained set of the data types (see Extensibility in the spec for list).","min":0,"max":"1","base":{"path":"Extension.value[x]","min":0,"max":"1"},"type":[{"code":"Coding"}],"mapping":[{"identity":"rim","map":"N/A"}]},{"id":"MedicationStatement.medication[x]:medicationCodeableConcept.coding:amt.extension:medicationClass.value[x]:valueCoding","path":"MedicationStatement.medication[x].coding.extension.value[x]","sliceName":"valueCoding","short":"Value of extension","definition":"Value of extension - may be a resource or one of a constrained set of the data types (see Extensibility in the spec for list).","min":1,"max":"1","base":{"path":"Extension.value[x]","min":0,"max":"1"},"type":[{"code":"Coding"}],"fixedCoding":{"system":"http://hl7.org.au/fhir/CodeSystem/medication-type","code":"BPG","display":"Branded package with no container"},"binding":{"strength":"required","description":"Medication Type","valueSetReference":{"reference":"http://hl7.org.au/fhir/ValueSet/medication-type"}},"mapping":[{"identity":"rim","map":"N/A"}]},{"id":"MedicationStatement.medication[x]:medicationCodeableConcept.coding:amt.system","path":"MedicationStatement.medication[x].coding.system","short":"Identity of the terminology system","definition":"The identification of the code system that defines the meaning of the symbol in the code.","comment":"The URI may be an OID (urn:oid:...) or a UUID (urn:uuid:...).  OIDs and UUIDs SHALL be references to the HL7 OID registry. Otherwise, the URI should come from HL7's list of FHIR defined special URIs or it should de-reference to some definition that establish the system clearly and unambiguously.","requirements":"Need to be unambiguous about the source of the definition of the symbol.","min":0,"max":"1","base":{"path":"Coding.system","min":0,"max":"1"},"type":[{"code":"uri"}],"isSummary":true,"mapping":[{"identity":"v2","map":"C*E.3"},{"identity":"rim","map":"./codeSystem"},{"identity":"orim","map":"fhir:Coding.system rdfs:subPropertyOf dt:CDCoding.codeSystem"}]},{"id":"MedicationStatement.medication[x]:medicationCodeableConcept.coding:amt.version","path":"MedicationStatement.medication[x].coding.version","short":"Version of the system - if relevant","definition":"The version of the code system which was used when choosing this code. Note that a well-maintained code system does not need the version reported, because the meaning of codes is consistent across versions. However this cannot consistently be assured. and when the meaning is not guaranteed to be consistent, the version SHOULD be exchanged.","comment":"Where the terminology does not clearly define what string should be used to identify code system versions, the recommendation is to use the date (expressed in FHIR date format) on which that version was officially published as the version date.","min":0,"max":"1","base":{"path":"Coding.version","min":0,"max":"1"},"type":[{"code":"string"}],"isSummary":true,"mapping":[{"identity":"v2","map":"C*E.7"},{"identity":"rim","map":"./codeSystemVersion"},{"identity":"orim","map":"fhir:Coding.version rdfs:subPropertyOf dt:CDCoding.codeSystemVersion"}]},{"id":"MedicationStatement.medication[x]:medicationCodeableConcept.coding:amt.code","path":"MedicationStatement.medication[x].coding.code","short":"Symbol in syntax defined by the system","definition":"A symbol in syntax defined by the system. The symbol may be a predefined code or an expression in a syntax defined by the coding system (e.g. post-coordination).","requirements":"Need to refer to a particular code in the system.","min":0,"max":"1","base":{"path":"Coding.code","min":0,"max":"1"},"type":[{"code":"code"}],"isSummary":true,"mapping":[{"identity":"v2","map":"C*E.1"},{"identity":"rim","map":"./code"},{"identity":"orim","map":"fhir:Coding.code rdfs:subPropertyOf dt:CDCoding.code"}]},{"id":"MedicationStatement.medication[x]:medicationCodeableConcept.coding:amt.display","extension":[{"url":"http://hl7.org/fhir/StructureDefinition/elementdefinition-translatable","valueBoolean":true}],"path":"MedicationStatement.medication[x].coding.display","short":"Representation defined by the system","definition":"A representation of the meaning of the code in the system, following the rules of the system.","requirements":"Need to be able to carry a human-readable meaning of the code for readers that do not know  the system.","min":0,"max":"1","base":{"path":"Coding.display","min":0,"max":"1"},"type":[{"code":"string"}],"isSummary":true,"mapping":[{"identity":"v2","map":"C*E.2 - but note this is not well followed"},{"identity":"rim","map":"CV.displayName"},{"identity":"orim","map":"fhir:Coding.display rdfs:subPropertyOf dt:CDCoding.displayName"}]},{"id":"MedicationStatement.medication[x]:medicationCodeableConcept.coding:amt.userSelected","path":"MedicationStatement.medication[x].coding.userSelected","short":"If this coding was chosen directly by the user","definition":"Indicates that this coding was chosen by a user directly - i.e. off a pick list of available items (codes or displays).","comment":"Amongst a set of alternatives, a directly chosen code is the most appropriate starting point for new translations. There is some ambiguity about what exactly 'directly chosen' implies, and trading partner agreement may be needed to clarify the use of this element and its consequences more completely.","requirements":"This has been identified as a clinical safety criterium - that this exact system/code pair was chosen explicitly, rather than inferred by the system based on some rules or language processing.","min":0,"max":"1","base":{"path":"Coding.userSelected","min":0,"max":"1"},"type":[{"code":"boolean"}],"isSummary":true,"mapping":[{"identity":"v2","map":"Sometimes implied by being first"},{"identity":"rim","map":"CD.codingRationale"},{"identity":"orim","map":"fhir:Coding.userSelected fhir:mapsTo dt:CDCoding.codingRationale. fhir:Coding.userSelected fhir:hasMap fhir:Coding.userSelected.map. fhir:Coding.userSelected.map a fhir:Map;   fhir:target dt:CDCoding.codingRationale. fhir:Coding.userSelected\\#true a [     fhir:source \"true\";     fhir:target dt:CDCoding.codingRationale\\#O   ]"}]},{"id":"MedicationStatement.medication[x]:medicationCodeableConcept.coding:mimsPackage","path":"MedicationStatement.medication[x].coding","sliceName":"mimsPackage","short":"MIMS Package","definition":"A reference to a code defined by a terminology system.","comment":"Codes may be defined very casually in enumerations, or code lists, up to very formal definitions such as SNOMED CT - see the HL7 v3 Core Principles for more information.  Ordering of codings is undefined and SHALL NOT be used to infer meaning. Generally, at most only one of the coding values will be labeled as UserSelected = true.","requirements":"Allows for translations and alternate encodings within a code system.  Also supports communication of the same instance to systems requiring different encodings.","min":0,"max":"1","base":{"path":"CodeableConcept.coding","min":0,"max":"*"},"type":[{"code":"Coding"}],"isSummary":true,"binding":{"strength":"required","valueSetReference":{"reference":"http://hl7.org.au/fhir/ValueSet/mims"}},"mapping":[{"identity":"v2","map":"C*E.1-8, C*E.10-22"},{"identity":"rim","map":"union(., ./translation)"},{"identity":"orim","map":"fhir:CodeableConcept.coding rdfs:subPropertyOf dt:CD.coding"}]},{"id":"MedicationStatement.medication[x]:medicationCodeableConcept.text","extension":[{"url":"http://hl7.org/fhir/StructureDefinition/elementdefinition-translatable","valueBoolean":true}],"path":"MedicationStatement.medication[x].text","short":"Plain text representation of the concept","definition":"A human language representation of the concept as seen/selected/uttered by the user who entered the data and/or which represents the intended meaning of the user.","comment":"Very often the text is the same as a displayName of one of the codings.","requirements":"The codes from the terminologies do not always capture the correct meaning with all the nuances of the human using them, or sometimes there is no appropriate code at all. In these cases, the text is used to capture the full meaning of the source.","min":0,"max":"1","base":{"path":"CodeableConcept.text","min":0,"max":"1"},"type":[{"code":"string"}],"isSummary":true,"mapping":[{"identity":"v2","map":"C*E.9. But note many systems use C*E.2 for this"},{"identity":"rim","map":"./originalText[mediaType/code=\"text/plain\"]/data"},{"identity":"orim","map":"fhir:CodeableConcept.text rdfs:subPropertyOf dt:CD.originalText"}]},{"id":"MedicationStatement.medication[x]:medicationReference","path":"MedicationStatement.medication[x]","sliceName":"medicationReference","short":"Medication Reference","definition":"Identifies the medication being administered. This is either a link to a resource representing the details of the medication or a simple attribute carrying a code that identifies the medication from a known list of medications.","comment":"If only a code is specified, then it needs to be a code for a specific product. If more information is required, then the use of the medication resource is recommended.  For example if you require form or lot number, then you must reference the Medication resource. .","min":0,"max":"1","base":{"path":"MedicationStatement.medication[x]","min":1,"max":"1"},"type":[{"code":"Reference","targetProfile":"http://hl7.org.au/fhir/StructureDefinition/au-medication"}],"isSummary":true,"mapping":[{"identity":"workflow","map":"…code"},{"identity":"rim","map":".participation[typeCode=CSM].role[classCode=ADMM or MANU]"},{"identity":"w5","map":"what"}]},{"id":"MedicationStatement.effective[x]","path":"MedicationStatement.effective[x]","short":"The date/time or interval when the medication was taken","definition":"The interval of time during which it is being asserted that the patient was taking the medication (or was not taking, when the wasNotGiven element is true).","comment":"This attribute reflects the period over which the patient consumed the medication and is expected to be populated on the majority of Medication Statements. If the medication is still being taken at the time the statement is recorded, the \"end\" date will be omitted.","min":0,"max":"1","base":{"path":"MedicationStatement.effective[x]","min":0,"max":"1"},"type":[{"code":"dateTime"},{"code":"Period"}],"isSummary":true,"mapping":[{"identity":"workflow","map":"…occurrence[x]"},{"identity":"rim","map":".effectiveTime"},{"identity":"w5","map":"when.done"}]},{"id":"MedicationStatement.dateAsserted","path":"MedicationStatement.dateAsserted","short":"When the statement was asserted?","definition":"The date when the medication statement was asserted by the information source.","min":0,"max":"1","base":{"path":"MedicationStatement.dateAsserted","min":0,"max":"1"},"type":[{"code":"dateTime"}],"isSummary":true,"mapping":[{"identity":"rim","map":".participation[typeCode=AUT].time"},{"identity":"w5","map":"when.recorded"}]},{"id":"MedicationStatement.informationSource","path":"MedicationStatement.informationSource","short":"Person or organization that provided the information about the taking of this medication","definition":"The person or organization that provided the information about the taking of this medication. Note: Use derivedFrom when a MedicationStatement is derived from other resources, e.g Claim or MedicationRequest.","min":0,"max":"1","base":{"path":"MedicationStatement.informationSource","min":0,"max":"1"},"type":[{"code":"Reference","targetProfile":"http://ns.electronichealth.net.au/ci/fhir/3.0/StructureDefinition/patient-dh-base-1"},{"code":"Reference","targetProfile":"http://ns.electronichealth.net.au/ci/fhir/3.0/StructureDefinition/practitioner-dh-base-1"},{"code":"Reference","targetProfile":"http://ns.electronichealth.net.au/ci/fhir/3.0/StructureDefinition/relatedperson-dh-base-1"}],"mustSupport":true,"mapping":[{"identity":"rim","map":".participation[typeCode=INF].role[classCode=PAT, or codes for Practioner or Related Person (if PAT is the informer, then syntax for self-reported =true)"},{"identity":"w5","map":"who.source"}]},{"id":"MedicationStatement.subject","path":"MedicationStatement.subject","short":"Who is/was taking  the medication","definition":"The person, animal or group who is/was taking the medication.","min":1,"max":"1","base":{"path":"MedicationStatement.subject","min":1,"max":"1"},"type":[{"code":"Reference","targetProfile":"http://ns.electronichealth.net.au/ci/fhir/3.0/StructureDefinition/patient-ident-1"}],"mustSupport":true,"isSummary":true,"mapping":[{"identity":"workflow","map":"…subject"},{"identity":"v2","map":"PID-3-Patient ID List"},{"identity":"rim","map":".participation[typeCode=SBJ].role[classCode=PAT]"},{"identity":"w5","map":"who"}]},{"id":"MedicationStatement.derivedFrom","path":"MedicationStatement.derivedFrom","short":"Additional supporting information","definition":"Allows linking the MedicationStatement to the underlying MedicationRequest, or to other information that supports or is used to derive the MedicationStatement.","comment":"Likely references would be to MedicationRequest, MedicationDispense, Claim, Observation or QuestionnaireAnswers.  The most common use cases for deriving a MedicationStatement comes from creating a MedicationStatement from a MedicationRequest or from a lab observation or a claim.  it should be noted that the amount of information that is available varies from the type resource that you derive the MedicationStatement from.","min":0,"max":"*","base":{"path":"MedicationStatement.derivedFrom","min":0,"max":"*"},"type":[{"code":"Reference","targetProfile":"http://hl7.org/fhir/StructureDefinition/Resource"}],"mapping":[{"identity":"rim","map":".outboundRelationship[typeCode=SPRT]/target[classCode=ACT,moodCode=EVN]"}]},{"id":"MedicationStatement.taken","path":"MedicationStatement.taken","short":"y | n | unk | na","definition":"Indicator of the certainty of whether the medication was taken by the patient.","comment":"This element is labeled as a modifier because it indicates that the medication was not taken.","min":1,"max":"1","base":{"path":"MedicationStatement.taken","min":1,"max":"1"},"type":[{"code":"code"}],"mustSupport":true,"isModifier":true,"isSummary":true,"binding":{"extension":[{"url":"http://hl7.org/fhir/StructureDefinition/elementdefinition-bindingName","valueString":"MedicationStatementTaken"}],"strength":"required","description":"A coded concept identifying level of certainty if patient has taken or has not taken the medication","valueSetReference":{"reference":"http://hl7.org/fhir/ValueSet/medication-statement-taken"}},"mapping":[{"identity":"workflow","map":"…notDone"},{"identity":"rim","map":".actionNegationInd"}]},{"id":"MedicationStatement.reasonNotTaken","path":"MedicationStatement.reasonNotTaken","short":"True if asserting medication was not given","definition":"A code indicating why the medication was not taken.","min":0,"max":"*","base":{"path":"MedicationStatement.reasonNotTaken","min":0,"max":"*"},"type":[{"code":"CodeableConcept"}],"condition":["mst-1"],"binding":{"extension":[{"url":"http://hl7.org/fhir/StructureDefinition/elementdefinition-bindingName","valueString":"MedicationStatementNotTakenReason"}],"strength":"example","description":"A coded concept indicating the reason why the medication was not taken","valueSetReference":{"reference":"http://hl7.org/fhir/ValueSet/reason-medication-not-taken-codes"}},"mapping":[{"identity":"rim","map":".outboundRelationship[typeCode=RSON]/target[classCode=OBS,moodCode=EVN, code=\"reason not taken\"].value"}]},{"id":"MedicationStatement.reasonNotTaken.id","path":"MedicationStatement.reasonNotTaken.id","representation":["xmlAttr"],"short":"xml:id (or equivalent in JSON)","definition":"unique id for the element within a resource (for internal references). This may be any string value that does not contain spaces.","min":0,"max":"1","base":{"path":"Element.id","min":0,"max":"1"},"type":[{"code":"string"}],"mapping":[{"identity":"rim","map":"n/a"}]},{"id":"MedicationStatement.reasonNotTaken.extension","path":"MedicationStatement.reasonNotTaken.extension","slicing":{"discriminator":[{"type":"value","path":"url"}],"description":"Extensions are always sliced by (at least) url","rules":"open"},"short":"Additional Content defined by implementations","definition":"May be used to represent additional information that is not part of the basic definition of the element. In order to make the use of extensions safe and manageable, there is a strict set of governance  applied to the definition and use of extensions. Though any implementer is allowed to define an extension, there is a set of requirements that SHALL be met as part of the definition of the extension.","comment":"There can be no stigma associated with the use of extensions by any application, project, or standard - regardless of the institution or jurisdiction that uses or defines the extensions.  The use of extensions is what allows the FHIR specification to retain a core level of simplicity for everyone.","alias":["extensions","user content"],"min":0,"max":"*","base":{"path":"Element.extension","min":0,"max":"*"},"type":[{"code":"Extension"}],"mapping":[{"identity":"rim","map":"n/a"}]},{"id":"MedicationStatement.reasonNotTaken.coding","path":"MedicationStatement.reasonNotTaken.coding","slicing":{"discriminator":[{"type":"value","path":"system"}],"rules":"open"},"short":"Code defined by a terminology system","definition":"A reference to a code defined by a terminology system.","comment":"Codes may be defined very casually in enumerations, or code lists, up to very formal definitions such as SNOMED CT - see the HL7 v3 Core Principles for more information.  Ordering of codings is undefined and SHALL NOT be used to infer meaning. Generally, at most only one of the coding values will be labeled as UserSelected = true.","requirements":"Allows for translations and alternate encodings within a code system.  Also supports communication of the same instance to systems requiring different encodings.","min":0,"max":"*","base":{"path":"CodeableConcept.coding","min":0,"max":"*"},"type":[{"code":"Coding"}],"isSummary":true,"mapping":[{"identity":"v2","map":"C*E.1-8, C*E.10-22"},{"identity":"rim","map":"union(., ./translation)"},{"identity":"orim","map":"fhir:CodeableConcept.coding rdfs:subPropertyOf dt:CD.coding"}]},{"id":"MedicationStatement.reasonNotTaken.coding:snomedReasonNotTaken","path":"MedicationStatement.reasonNotTaken.coding","sliceName":"snomedReasonNotTaken","short":"Reason Not Taken (SNOMED CT)","definition":"A reference to a code defined by a terminology system.","comment":"Codes may be defined very casually in enumerations, or code lists, up to very formal definitions such as SNOMED CT - see the HL7 v3 Core Principles for more information.  Ordering of codings is undefined and SHALL NOT be used to infer meaning. Generally, at most only one of the coding values will be labeled as UserSelected = true.","requirements":"Allows for translations and alternate encodings within a code system.  Also supports communication of the same instance to systems requiring different encodings.","min":0,"max":"1","base":{"path":"CodeableConcept.coding","min":0,"max":"*"},"type":[{"code":"Coding"}],"isSummary":true,"binding":{"strength":"required","valueSetReference":{"reference":"https://healthterminologies.gov.au/fhir/ValueSet/medication-reason-not-taken-1"}},"mapping":[{"identity":"v2","map":"C*E.1-8, C*E.10-22"},{"identity":"rim","map":"union(., ./translation)"},{"identity":"orim","map":"fhir:CodeableConcept.coding rdfs:subPropertyOf dt:CD.coding"}]},{"id":"MedicationStatement.reasonNotTaken.text","extension":[{"url":"http://hl7.org/fhir/StructureDefinition/elementdefinition-translatable","valueBoolean":true}],"path":"MedicationStatement.reasonNotTaken.text","short":"Plain text representation of the concept","definition":"A human language representation of the concept as seen/selected/uttered by the user who entered the data and/or which represents the intended meaning of the user.","comment":"Very often the text is the same as a displayName of one of the codings.","requirements":"The codes from the terminologies do not always capture the correct meaning with all the nuances of the human using them, or sometimes there is no appropriate code at all. In these cases, the text is used to capture the full meaning of the source.","min":0,"max":"1","base":{"path":"CodeableConcept.text","min":0,"max":"1"},"type":[{"code":"string"}],"isSummary":true,"mapping":[{"identity":"v2","map":"C*E.9. But note many systems use C*E.2 for this"},{"identity":"rim","map":"./originalText[mediaType/code=\"text/plain\"]/data"},{"identity":"orim","map":"fhir:CodeableConcept.text rdfs:subPropertyOf dt:CD.originalText"}]},{"id":"MedicationStatement.reasonCode","path":"MedicationStatement.reasonCode","short":"Reason for why the medication is being/was taken","definition":"A reason for why the medication is being/was taken.","comment":"This could be a diagnosis code. If a full condition record exists or additional detail is needed, use reasonForUseReference.","min":0,"max":"1","base":{"path":"MedicationStatement.reasonCode","min":0,"max":"*"},"type":[{"code":"CodeableConcept"}],"mustSupport":true,"binding":{"extension":[{"url":"http://hl7.org/fhir/StructureDefinition/elementdefinition-bindingName","valueString":"MedicationReason"}],"strength":"example","description":"A coded concept identifying why the medication is being taken.","valueSetReference":{"reference":"http://hl7.org/fhir/ValueSet/condition-code"}},"mapping":[{"identity":"workflow","map":"…reasoneCodeableConcept"},{"identity":"rim","map":".reasonCode"},{"identity":"w5","map":"why"}]},{"id":"MedicationStatement.reasonCode.id","path":"MedicationStatement.reasonCode.id","representation":["xmlAttr"],"short":"xml:id (or equivalent in JSON)","definition":"unique id for the element within a resource (for internal references). This may be any string value that does not contain spaces.","min":0,"max":"1","base":{"path":"Element.id","min":0,"max":"1"},"type":[{"code":"string"}],"mapping":[{"identity":"rim","map":"n/a"}]},{"id":"MedicationStatement.reasonCode.extension","path":"MedicationStatement.reasonCode.extension","slicing":{"discriminator":[{"type":"value","path":"url"}],"description":"Extensions are always sliced by (at least) url","rules":"open"},"short":"Additional Content defined by implementations","definition":"May be used to represent additional information that is not part of the basic definition of the element. In order to make the use of extensions safe and manageable, there is a strict set of governance  applied to the definition and use of extensions. Though any implementer is allowed to define an extension, there is a set of requirements that SHALL be met as part of the definition of the extension.","comment":"There can be no stigma associated with the use of extensions by any application, project, or standard - regardless of the institution or jurisdiction that uses or defines the extensions.  The use of extensions is what allows the FHIR specification to retain a core level of simplicity for everyone.","alias":["extensions","user content"],"min":0,"max":"*","base":{"path":"Element.extension","min":0,"max":"*"},"type":[{"code":"Extension"}],"mapping":[{"identity":"rim","map":"n/a"}]},{"id":"MedicationStatement.reasonCode.coding","path":"MedicationStatement.reasonCode.coding","slicing":{"discriminator":[{"type":"value","path":"system"}],"rules":"open"},"short":"Code defined by a terminology system","definition":"A reference to a code defined by a terminology system.","comment":"Codes may be defined very casually in enumerations, or code lists, up to very formal definitions such as SNOMED CT - see the HL7 v3 Core Principles for more information.  Ordering of codings is undefined and SHALL NOT be used to infer meaning. Generally, at most only one of the coding values will be labeled as UserSelected = true.","requirements":"Allows for translations and alternate encodings within a code system.  Also supports communication of the same instance to systems requiring different encodings.","min":0,"max":"*","base":{"path":"CodeableConcept.coding","min":0,"max":"*"},"type":[{"code":"Coding"}],"isSummary":true,"mapping":[{"identity":"v2","map":"C*E.1-8, C*E.10-22"},{"identity":"rim","map":"union(., ./translation)"},{"identity":"orim","map":"fhir:CodeableConcept.coding rdfs:subPropertyOf dt:CD.coding"}]},{"id":"MedicationStatement.reasonCode.coding:snomedReasonCode","path":"MedicationStatement.reasonCode.coding","sliceName":"snomedReasonCode","short":"Reason For Medication (SNOMED CT)","definition":"A reference to a code defined by a terminology system.","comment":"Codes may be defined very casually in enumerations, or code lists, up to very formal definitions such as SNOMED CT - see the HL7 v3 Core Principles for more information.  Ordering of codings is undefined and SHALL NOT be used to infer meaning. Generally, at most only one of the coding values will be labeled as UserSelected = true.","requirements":"Allows for translations and alternate encodings within a code system.  Also supports communication of the same instance to systems requiring different encodings.","min":0,"max":"1","base":{"path":"CodeableConcept.coding","min":0,"max":"*"},"type":[{"code":"Coding"}],"isSummary":true,"binding":{"strength":"required","valueSetReference":{"reference":"https://healthterminologies.gov.au/fhir/ValueSet/medication-reason-taken-1"}},"mapping":[{"identity":"v2","map":"C*E.1-8, C*E.10-22"},{"identity":"rim","map":"union(., ./translation)"},{"identity":"orim","map":"fhir:CodeableConcept.coding rdfs:subPropertyOf dt:CD.coding"}]},{"id":"MedicationStatement.reasonCode.text","extension":[{"url":"http://hl7.org/fhir/StructureDefinition/elementdefinition-translatable","valueBoolean":true}],"path":"MedicationStatement.reasonCode.text","short":"Plain text representation of the concept","definition":"A human language representation of the concept as seen/selected/uttered by the user who entered the data and/or which represents the intended meaning of the user.","comment":"Very often the text is the same as a displayName of one of the codings.","requirements":"The codes from the terminologies do not always capture the correct meaning with all the nuances of the human using them, or sometimes there is no appropriate code at all. In these cases, the text is used to capture the full meaning of the source.","min":0,"max":"1","base":{"path":"CodeableConcept.text","min":0,"max":"1"},"type":[{"code":"string"}],"isSummary":true,"mapping":[{"identity":"v2","map":"C*E.9. But note many systems use C*E.2 for this"},{"identity":"rim","map":"./originalText[mediaType/code=\"text/plain\"]/data"},{"identity":"orim","map":"fhir:CodeableConcept.text rdfs:subPropertyOf dt:CD.originalText"}]},{"id":"MedicationStatement.reasonReference","path":"MedicationStatement.reasonReference","short":"Condition or observation that supports why the medication is being/was taken","definition":"Condition or observation that supports why the medication is being/was taken.","comment":"This is a reference to a condition that is the reason why the medication is being/was taken.  If only a code exists, use reasonForUseCode.","min":0,"max":"*","base":{"path":"MedicationStatement.reasonReference","min":0,"max":"*"},"type":[{"code":"Reference","targetProfile":"http://hl7.org/fhir/StructureDefinition/Condition"},{"code":"Reference","targetProfile":"http://hl7.org/fhir/StructureDefinition/Observation"}],"mapping":[{"identity":"workflow","map":"…reasonReference"},{"identity":"rim","map":".outboundRelationship[typeCode=RSON]/target[classCode=OBS,moodCode=EVN, code=\"reason for use\"].value"},{"identity":"w5","map":"why"}]},{"id":"MedicationStatement.note","path":"MedicationStatement.note","short":"Further information about the statement","definition":"Provides extra information about the medication statement that is not conveyed by the other attributes.","min":0,"max":"*","base":{"path":"MedicationStatement.note","min":0,"max":"*"},"type":[{"code":"Annotation"}],"mustSupport":true,"mapping":[{"identity":"workflow","map":"…note"},{"identity":"rim","map":".inboundRelationship[typeCode=SUBJ]/source[classCode=OBS,moodCode=EVN,code=\"annotation\"].value"}]},{"id":"MedicationStatement.dosage","path":"MedicationStatement.dosage","short":"Dosage information in an Australian healthcare context","definition":"Indicates how the medication is/was taken or should be taken by the patient.","comment":"The dates included in the dosage on a Medication Statement reflect the dates for a given dose.  For example, \"from November 1, 2016 to November 3, 2016, take one tablet daily and from November 4, 2016 to November 7, 2016, take two tablets daily.\"  It is expected that this specificity may only be populated where the patient brings in their labeled container or where the Medication Statement is derived from a MedicationRequest.","min":1,"max":"1","base":{"path":"MedicationStatement.dosage","min":0,"max":"*"},"type":[{"code":"Dosage","profile":"http://hl7.org.au/fhir/StructureDefinition/au-dosage"}],"condition":["ele-1"],"constraint":[{"key":"ele-1","severity":"error","human":"All FHIR elements must have a @value or children","expression":"hasValue() | (children().count() > id.count())","xpath":"@value|f:*|h:div","source":"Element"},{"key":"inv-dh-mst-01","severity":"error","human":"The dosage shall at least have text or patient instructions","expression":"MedicationStatement.dosage.text.exists() or MedicationStatement.dosage.patientInstruction.exists()"}],"mustSupport":true,"mapping":[{"identity":"rim","map":"n/a"},{"identity":"rim","map":".outboundRelationship[typeCode=COMP].target[classCode=SBADM, moodCode=INT]"}]}]},"differential":{"element":[{"id":"MedicationStatement","path":"MedicationStatement"},{"id":"MedicationStatement.status","path":"MedicationStatement.status","mustSupport":true},{"id":"MedicationStatement.category","path":"MedicationStatement.category","mustSupport":true},{"id":"MedicationStatement.medication[x]","path":"MedicationStatement.medication[x]","type":[{"code":"CodeableConcept"}],"mustSupport":true},{"id":"MedicationStatement.informationSource","path":"MedicationStatement.informationSource","type":[{"code":"Reference","targetProfile":"http://ns.electronichealth.net.au/ci/fhir/3.0/StructureDefinition/patient-dh-base-1"},{"code":"Reference","targetProfile":"http://ns.electronichealth.net.au/ci/fhir/3.0/StructureDefinition/practitioner-dh-base-1"},{"code":"Reference","targetProfile":"http://ns.electronichealth.net.au/ci/fhir/3.0/StructureDefinition/relatedperson-dh-base-1"}],"mustSupport":true},{"id":"MedicationStatement.subject","path":"MedicationStatement.subject","type":[{"code":"Reference","targetProfile":"http://ns.electronichealth.net.au/ci/fhir/3.0/StructureDefinition/patient-ident-1"}],"mustSupport":true},{"id":"MedicationStatement.taken","path":"MedicationStatement.taken","mustSupport":true},{"id":"MedicationStatement.reasonCode","path":"MedicationStatement.reasonCode","max":"1","mustSupport":true},{"id":"MedicationStatement.note","path":"MedicationStatement.note","mustSupport":true},{"id":"MedicationStatement.dosage","path":"MedicationStatement.dosage","min":1,"max":"1","constraint":[{"key":"inv-dh-mst-01","severity":"error","human":"The dosage shall at least have text or patient instructions","expression":"MedicationStatement.dosage.text.exists() or MedicationStatement.dosage.patientInstruction.exists()"}],"mustSupport":true}]}}