{"resourceType":"ImplementationGuide","id":"implementationguide-sharedmedicineslist-1","text":{"status":"generated","div":"<div xmlns=\"http://www.w3.org/1999/xhtml\"><h2>Shared Medicines List</h2><p>The official URL for this implementation guide is: </p><pre>http://ns.electronichealth.net.au/ci/fhir/3.0/ImplementationGuide/implementationguide-sharedmedicineslist-1</pre><div><p>This implementation guide is an HL7™ FHIR® specification to represent a Shared Medicine List (SML).</p>\n<p>The primary aim of this implementation guide is to support implementing SML in FHIR, Release 3 (STU). The resulting FHIR can be used for the electronic exchange of SML information between healthcare providers.</p>\n<p>This implementation guide is not to be used as a guide to presentation (or rendering) of the data. It contains no information as to how the data described by it should be displayed and no such guidance should be inferred.</p>\n<p>This implementation guide does not describe transport or persistence mechanism of the resources described by it.</p>\n</div></div>"},"url":"http://ns.electronichealth.net.au/ci/fhir/3.0/ImplementationGuide/implementationguide-sharedmedicineslist-1","version":"1.0.0","name":"Shared Medicines List","status":"draft","experimental":true,"date":"2019-10-24T15:47:01+10:00","publisher":"Australian Digital Health Agency","contact":[{"telecom":[{"system":"email","value":"help@digitalhealth.gov.au"}]}],"description":"This implementation guide is an HL7™ FHIR® specification to represent a Shared Medicine List (SML).\n \nThe primary aim of this implementation guide is to support implementing SML in FHIR, Release 3 (STU). The resulting FHIR can be used for the electronic exchange of SML information between healthcare providers.\n \nThis implementation guide is not to be used as a guide to presentation (or rendering) of the data. It contains no information as to how the data described by it should be displayed and no such guidance should be inferred.\n \nThis implementation guide does not describe transport or persistence mechanism of the resources described by it.","copyright":"Copyright © 2019 Australian Digital Health Agency - All rights reserved. This content is licensed under a Creative Commons Attribution 4.0 International License. See https://creativecommons.org/licenses/by/4.0/.","fhirVersion":"3.0.1","package":[{"id":"p1","name":"SML","resource":[{"extension":[{"url":"http://hl7.org/fhir/StructureDefinition/implementationguide-page","valueUri":"StructureDefinition-composition-sml-prac-1.html"}],"example":false,"name":"Shared Medicine List Authored by Practitioner","sourceReference":{"reference":"StructureDefinition/composition-sml-prac-1"}},{"extension":[{"url":"http://hl7.org/fhir/StructureDefinition/implementationguide-page","valueUri":"StructureDefinition-patient-dh-base-1.html"}],"example":false,"name":"patient-dh-base-1","description":"The Agency Patient profile, as derived from the HL7 AU patient profile.","sourceReference":{"reference":"StructureDefinition/patient-dh-base-1"}},{"extension":[{"url":"http://hl7.org/fhir/StructureDefinition/implementationguide-page","valueUri":"StructureDefinition-patient-ident-1.html"}],"example":false,"name":"patient-ident-1","sourceReference":{"reference":"StructureDefinition/patient-ident-1"}},{"extension":[{"url":"http://hl7.org/fhir/StructureDefinition/implementationguide-page","valueUri":"StructureDefinition-relatedperson-dh-base-1.html"}],"example":false,"name":"relatedperson-dh-base-1","description":"The Agency RelatedPerson profile, as derived from the STU3 RelatedPerson resource","sourceReference":{"reference":"StructureDefinition/relatedperson-dh-base-1"}},{"extension":[{"url":"http://hl7.org/fhir/StructureDefinition/implementationguide-page","valueUri":"StructureDefinition-organization-dh-base-1.html"}],"example":false,"name":"organization-dh-base-1","description":"The Agency Organization profile, as derived from the HL7 AU Organization profile.","sourceReference":{"reference":"StructureDefinition/organization-dh-base-1"}},{"extension":[{"url":"http://hl7.org/fhir/StructureDefinition/implementationguide-page","valueUri":"StructureDefinition-organization-ident-1.html"}],"example":false,"name":"organization-ident-1","description":"The Agency Organization profile, as derived from the HL7 AU Organization profile.","sourceReference":{"reference":"StructureDefinition/organization-ident-1"}},{"extension":[{"url":"http://hl7.org/fhir/StructureDefinition/implementationguide-page","valueUri":"StructureDefinition-practitioner-dh-base-1.html"}],"example":false,"sourceReference":{"reference":"StructureDefinition/practitioner-dh-base-1"}},{"extension":[{"url":"http://hl7.org/fhir/StructureDefinition/implementationguide-page","valueUri":"StructureDefinition-practitioner-ident-1.html"}],"example":false,"name":"practitioner-ident-1","description":"The Agency Practitioner profile, as derived from the HL7 AU practitioner profile with a mandatory identifier.","sourceReference":{"reference":"StructureDefinition/practitioner-ident-1"}},{"extension":[{"url":"http://hl7.org/fhir/StructureDefinition/implementationguide-page","valueUri":"StructureDefinition-practitionerrole-dh-base-1.html"}],"example":false,"sourceReference":{"reference":"StructureDefinition/practitionerrole-dh-base-1"}},{"extension":[{"url":"http://hl7.org/fhir/StructureDefinition/implementationguide-page","valueUri":"StructureDefinition-practitionerrole-withpractitionerident-1.html"}],"example":false,"sourceReference":{"reference":"StructureDefinition/practitionerrole-withpractitionerident-1"}},{"extension":[{"url":"http://hl7.org/fhir/StructureDefinition/implementationguide-page","valueUri":"StructureDefinition-medicationstatement-detailed-1.html"}],"example":false,"name":"medicationstatement-detailed-1","sourceReference":{"reference":"StructureDefinition/medicationstatement-detailed-1"}},{"extension":[{"url":"http://hl7.org/fhir/StructureDefinition/implementationguide-page","valueUri":"StructureDefinition-allergyintolerance-summary-1.html"}],"example":false,"name":"allergyintolerance-summary-1","sourceReference":{"reference":"StructureDefinition/allergyintolerance-summary-1"}},{"extension":[{"url":"http://hl7.org/fhir/StructureDefinition/implementationguide-page","valueUri":"StructureDefinition-observation-norelevantfinding-1.html"}],"example":false,"name":"observation-norelevantfinding-1","sourceReference":{"reference":"StructureDefinition/observation-norelevantfinding-1"}},{"extension":[{"url":"http://hl7.org/fhir/StructureDefinition/implementationguide-page","valueUri":"StructureDefinition-encounter-es-1.html"}],"example":false,"name":"encounter-es-1","sourceReference":{"reference":"StructureDefinition/encounter-es-1"}},{"extension":[{"url":"http://hl7.org/fhir/StructureDefinition/implementationguide-page","valueUri":"StructureDefinition-list-sml-pracchanges-1.html"}],"example":false,"name":"list-sml-pracchnages-1","sourceReference":{"reference":"StructureDefinition/list-sml-pracchanges-1"}},{"extension":[{"url":"http://hl7.org/fhir/StructureDefinition/implementationguide-page","valueUri":"StructureDefinition-medication-dh-base-1.html"}],"example":false,"name":"medication-dh-base-1","sourceReference":{"reference":"StructureDefinition/medication-dh-base-1"}},{"extension":[{"url":"http://hl7.org/fhir/StructureDefinition/implementationguide-page","valueUri":"StructureDefinition-substance-dh-base-1.html"}],"example":false,"name":"substance-dh-base-1","sourceReference":{"reference":"StructureDefinition/substance-dh-base-1"}},{"extension":[{"url":"http://hl7.org/fhir/StructureDefinition/implementationguide-page","valueUri":"StructureDefinition-humanname-dh-base-1.html"}],"example":false,"sourceReference":{"reference":"StructureDefinition/humanname-dh-base-1"}},{"extension":[{"url":"http://hl7.org/fhir/StructureDefinition/implementationguide-page","valueUri":"Bundle-e32a01d0-2610-4c99-ba46-9732aa975d41.html"}],"example":true,"description":"Representation of the CDA example 'SML01_Example.xml' as a Bundle","sourceReference":{"reference":"Bundle/e32a01d0-2610-4c99-ba46-9732aa975d41"}},{"extension":[{"url":"http://hl7.org/fhir/StructureDefinition/implementationguide-page","valueUri":"Composition-98e4b64a-d493-45c1-8102-b3b689da1c15.html"}],"example":true,"description":"Representation of the CDA example 'SML02_Example.xml' as a Composition with contained resources","sourceReference":{"reference":"Composition/98e4b64a-d493-45c1-8102-b3b689da1c15"}},{"extension":[{"url":"http://hl7.org/fhir/StructureDefinition/implementationguide-page","valueUri":"Composition-ab4537a4-20c9-4f8a-9867-5c435b7eaa28.html"}],"example":true,"description":"Representation of the CDA example 'SML03_Example.xml' as a Composition with contained resources, and some logical identifiers","sourceReference":{"reference":"Composition/ab4537a4-20c9-4f8a-9867-5c435b7eaa28"}},{"extension":[{"url":"http://hl7.org/fhir/StructureDefinition/implementationguide-page","valueUri":"List-a04e9676-5c38-4c56-8d24-c600e192613e.html"}],"example":true,"description":"Representation of the CDA example 'SML04_Example.xml', standalone List instance","sourceReference":{"reference":"List/a04e9676-5c38-4c56-8d24-c600e192613e"}},{"extension":[{"url":"http://hl7.org/fhir/StructureDefinition/implementationguide-page","valueUri":"Composition-fd1583a5-bbdd-4d55-96f0-0c189e7c48b2.html"}],"example":true,"description":"Conversion of the CDA example 'SML04_Example.xml', as a Composition with contained resources","sourceReference":{"reference":"Composition/fd1583a5-bbdd-4d55-96f0-0c189e7c48b2"}}]}],"page":{"source":"index.html","title":"Australian Digital Health Agency Shared Medicines List FHIR Implementation Guide","kind":"page"}}