{
  "resourceType": "Composition",
  "id": "2384da13-ff91-4e05-930f-2d7a034ea713",
  "meta": {
    "lastUpdated": "2019-06-03T11:00:00+10:00",
    "profile": [
      "http://ns.electronichealth.net.au/ci/fhir/3.0/StructureDefinition/composition-es-1"
    ]
  },
  "language": "en-AU",
  "text": {
    "status": "additional",
    "div": "<div xmlns=\"http://www.w3.org/1999/xhtml\" lang=\"en-AU\">\n            <h1>Event Summary</h1>\n            <p><b>subject</b>: Gough Goodpatient; HC = 307111942H; gender = male</p>\n            <p><b>status</b>: final</p>\n            <p><b>type</b>: Summary of episode note</p>\n            <p><b>date</b>: 30/05/2019 10:00:00 AM</p>\n            <p><b>author</b>: Barry Helpman (OFFICIAL); HPI-I = 8003610000000000;\n                bhelpman@example.devonportgp.com.au (WORK)</p>\n            <p><b>author role</b>: General Practitioner; Medicare Provider Number:\n                5544887B, HPI-I = 8003610000000000; Barry Helpman; Devonport Family\n                Medicine Clinic</p>\n            <p><b>attester</b>: Barry Helpman; Mode: legal; Time: 30/03/2019 10:00 AM;\n                Party: HPI-I = 8003610000000000</p>\n            <p><b>custodian</b>: Devonport Family Medicine Clinic; ABN = 51824754455;\n                reception@example.dfmc.com.au (WORK); fax: (03) 8543 5557 (WORK); ph:\n                (03) 8543 5556 (WORK)</p>\n        </div>"
  },
  "extension": [
    {
      "url": "http://hl7.org.au/fhir/StructureDefinition/composition-author-role",
      "valueReference": {
        "reference": "PractitionerRole/45cad6ac-e9a3-418a-8480-4e64132849f2"
      }
    }
  ],
  "status": "final",
  "type": {
    "coding": [
      {
        "system": "http://loinc.org",
        "code": "34133-9",
        "display": "Summary of episode note"
      }
    ]
  },
  "subject": {
    "reference": "Patient/3a72f2d2-c9ed-40a4-beac-01c14dcf244a"
  },
  "encounter": {
    "reference": "Encounter/6c39fd65-2a5f-42d0-b3db-20b6416e2b9a"
  },
  "date": "2019-05-30T10:00:00+10:00",
  "author": [
    {
      "reference": "Practitioner/40a94071-8373-4d53-a788-63b79c75a3c1"
    }
  ],
  "title": "Event Summary",
  "attester": [
    {
      "mode": [
        "legal"
      ],
      "time": "2019-05-30T10:00:00+10:00",
      "party": {
        "reference": "Practitioner/40a94071-8373-4d53-a788-63b79c75a3c1"
      }
    }
  ],
  "custodian": {
    "reference": "Organization/021fff67-c5ec-438f-9520-ce9bafee1306"
  },
  "section": [
    {
      "title": "Event Details",
      "code": {
        "coding": [
          {
            "system": "https://healthterminologies.gov.au/fhir/CodeSystem/nctis-data-components-1",
            "code": "101.16672"
          }
        ]
      },
      "text": {
        "status": "additional",
        "div": "<div xmlns=\"http://www.w3.org/1999/xhtml\" lang=\"en-AU\">\n                <p>Patient presented for follow-up with urinary tract infection on 30 May.</p>\n                <p>Complaining of frequent and painful urinating. Midstream urine test was done and revealed urinary infection.</p>\n\t\t\t\t<p>Culture and sensitivity test discovered escherichia coli sensitive to Bactrim.</p>\n                <p>Patient was prescribed Bactrim 2 tablets twice a day, and Panadol one tablet 4 times a day.</p>\n                <p>Patient has no allergies.</p>\n            </div>"
      },
      "entry": [
        {
          "reference": "Encounter/6c39fd65-2a5f-42d0-b3db-20b6416e2b9a"
        }
      ]
    },
    {
      "title": "Allergies and Adverse Reactions",
      "code": {
        "coding": [
          {
            "system": "http://loinc.org",
            "code": "48765-2"
          }
        ]
      },
      "text": {
        "status": "additional",
        "div": "<div xmlns=\"http://www.w3.org/1999/xhtml\" lang=\"en-AU\">\n                <p>No known allergies</p>\n            </div>"
      },
      "entry": [
        {
          "reference": "AllergyIntolerance/b21f4cad-024a-4101-a6dd-80d50e29e295"
        }
      ]
    },
    {
      "title": "Medications",
      "code": {
        "coding": [
          {
            "system": "http://loinc.org",
            "code": "10160-0"
          }
        ]
      },
      "text": {
        "status": "additional",
        "div": "<div xmlns=\"http://www.w3.org/1999/xhtml\" lang=\"en-AU\">\n               <table border=\"1\">\n          <caption>Medicines List</caption>\n          <thead>\n            <tr>\n              <th>Medicine</th>                    \n              <th>Directions</th>\n              <th>Clinical Indication/Change description</th>\n              <th>Status</th>\n            </tr>\n          </thead>\n          <tbody>\n            <tr>\n              <td><b>Bactrim</b> DS - tablet</td>\n              <td>Take 2 tablets twice a day</td>\n              <td>To treat bacterial infections</td>\n              <td>New prescription</td>\n            </tr>\n            <tr>\n              <td><b>Panadol</b> 500mg - tablet</td>\n              <td>Take 1 tablet four times a day</td>\n              <td>For pain</td>\n              <td>New</td>\n            </tr>  \n          </tbody>\n        </table>\n            </div>"
      },
      "entry": [
        {
          "reference": "List/6eeee721-3485-4e1f-81b8-450a2143f441"
        }
      ]
    },
    {
      "title": "Medical History",
      "code": {
        "coding": [
          {
            "system": "https://healthterminologies.gov.au/fhir/CodeSystem/nctis-data-components-1",
            "code": "101.16117"
          }
        ]
      },
      "text": {
        "status": "additional",
        "div": "<div xmlns=\"http://www.w3.org/1999/xhtml\" lang=\"en-AU\">\n                        <table border=\"1\">\n                            <caption>Condition Details</caption>\n                            <thead>\n                                <tr>\n                                    <th>Condition</th>\n                                    <th>Onset Date Time</th>\n                                </tr>\n                            </thead>\n                            <tbody>\n                                <tr>\n                                    <td>Urinary tract infection</td>\n                                    <td>2019-05-10</td>\n                                </tr>\n                            </tbody>\n                        </table>\n            </div>"
      },
      "entry": [
        {
          "reference": "Condition/ed5e2c34-2d28-4d21-a6aa-be7baad865b8"
        }
      ]
    },
    {
      "title": "Diagnostic Investigations",
      "code": {
        "coding": [
          {
            "system": "http://loinc.org",
            "code": "30954-2"
          }
        ]
      },
      "text": {
        "status": "additional",
        "div": "<div xmlns=\"http://www.w3.org/1999/xhtml\" lang=\"en-AU\">\n                <table border=\"1\">\n                    <caption>Diagnostic results</caption>\n                    <thead>\n                           <tr>\n                                <th>Test</th>\n                                <th>Result</th>\n\t\t\t\t\t\t\t\t<th>Date</th>\n                            </tr>\n                    </thead>\n                           <tbody>\n                                <tr>\n                                    <td>Culture and sensitivity</td>\n                                    <td>Escherichia coli grown</td>\n\t\t\t\t\t\t\t\t\t<td>2019-05-10</td>\n                                </tr>\n                            </tbody>\n                </table>\n            </div>"
      }
    }
  ]
}