{
  "resourceType": "Condition",
  "id": "ed5e2c34-2d28-4d21-a6aa-be7baad865b8",
  "meta": {
    "lastUpdated": "2019-06-03T11:00:00+10:00"
  },
  "text": {
    "status": "generated",
    "div": "<div xmlns=\"http://www.w3.org/1999/xhtml\"><p><b>Generated Narrative with Details</b></p><p><b>id</b>: ed5e2c34-2d28-4d21-a6aa-be7baad865b8</p><p><b>meta</b>: </p><p><b>clinicalStatus</b>: active</p><p><b>verificationStatus</b>: confirmed</p><p><b>code</b>: Urinary tract infection <span style=\"background: LightGoldenRodYellow\">(Details : {SNOMED CT code '68566005' = 'Urinary tract infectious disease', given as 'Urinary tract infection'})</span></p><p><b>subject</b>: <a href=\"Patient-3a72f2d2-c9ed-40a4-beac-01c14dcf244a.html\">Generated Summary: id: 3a72f2d2-c9ed-40a4-beac-01c14dcf244a; Health Card Number = 307111942H; Gough Goodpatient ; gender: male</a></p><p><b>onset</b>: 10/05/2019</p></div>"
  },
  "clinicalStatus": "active",
  "verificationStatus": "confirmed",
  "code": {
    "coding": [
      {
        "system": "http://snomed.info/sct",
        "code": "68566005",
        "display": "Urinary tract infection"
      }
    ]
  },
  "subject": {
    "reference": "Patient/3a72f2d2-c9ed-40a4-beac-01c14dcf244a"
  },
  "onsetDateTime": "2019-05-10"
}