{
  "resourceType": "List",
  "id": "6eeee721-3485-4e1f-81b8-450a2143f441",
  "meta": {
    "lastUpdated": "2019-06-03T11:00:00+10:00"
  },
  "text": {
    "status": "generated",
    "div": "<div xmlns=\"http://www.w3.org/1999/xhtml\"><p><b>Generated Narrative with Details</b></p><p><b>id</b>: 6eeee721-3485-4e1f-81b8-450a2143f441</p><p><b>meta</b>: </p><p><b>status</b>: current</p><p><b>mode</b>: snapshot</p><p><b>code</b>: History of Medication use Narrative <span style=\"background: LightGoldenRodYellow\">(Details : {LOINC code '10160-0' = 'History of Medication use Narrative)</span></p><p><b>subject</b>: <a href=\"Patient-3a72f2d2-c9ed-40a4-beac-01c14dcf244a.html\">Generated Summary: id: 3a72f2d2-c9ed-40a4-beac-01c14dcf244a; Health Card Number = 307111942H; Gough Goodpatient ; gender: male</a></p><p><b>date</b>: 30/05/2019 10:00:00 AM</p><p><b>source</b>: <a href=\"Practitioner-40a94071-8373-4d53-a788-63b79c75a3c1.html\">Generated Summary: id: 40a94071-8373-4d53-a788-63b79c75a3c1; HPI-I = 8003610000000000; Barry Helpman (OFFICIAL); bhelpman@example.devonportgp.com.au(WORK)</a></p><blockquote><p><b>entry</b></p><p><b>flag</b>: New prescription <span style=\"background: LightGoldenRodYellow\">(Details : {http://hl7.org.au/fhir/CodeSystem/medicine-item-change code 'prescribed' = 'New prescription', given as 'New prescription'})</span></p><p><b>item</b>: <a href=\"MedicationStatement-c20c510b-fd91-45eb-bacc-171a9a0261e5.html\">Generated Summary: id: c20c510b-fd91-45eb-bacc-171a9a0261e5; status: intended; <span title=\"Codes: {http://snomed.info/sct 6632011000036102}\">Bactrim DS - tablet</span>; taken: n; <span title=\"Codes: {http://snomed.info/sct 68566005}\">Urinary tract infection</span>; </a></p></blockquote><blockquote><p><b>entry</b></p><p><b>flag</b>: New <span style=\"background: LightGoldenRodYellow\">(Details : {http://hl7.org.au/fhir/CodeSystem/medicine-item-change code 'new' = 'New', given as 'New'})</span></p><p><b>item</b>: <a href=\"MedicationStatement-df0af202-6da0-4e67-9c22-ebc21ee34309.html\">Generated Summary: id: df0af202-6da0-4e67-9c22-ebc21ee34309; status: intended; <span title=\"Codes: {http://snomed.info/sct 54012011000036102}\">Panadol 500mg - tablet</span>; taken: n; <span title=\"Codes: \">For pain</span>; </a></p></blockquote></div>"
  },
  "status": "current",
  "mode": "snapshot",
  "code": {
    "coding": [
      {
        "system": "http://loinc.org",
        "code": "10160-0"
      }
    ]
  },
  "subject": {
    "reference": "Patient/3a72f2d2-c9ed-40a4-beac-01c14dcf244a"
  },
  "date": "2019-05-30T10:00:00+10:00",
  "source": {
    "reference": "Practitioner/40a94071-8373-4d53-a788-63b79c75a3c1"
  },
  "entry": [
    {
      "extension": [
        {
          "url": "http://hl7.org.au/fhir/StructureDefinition/change-description",
          "valueString": "To treat bacterial infections"
        }
      ],
      "flag": {
        "coding": [
          {
            "system": "http://hl7.org.au/fhir/CodeSystem/medicine-item-change",
            "code": "prescribed",
            "display": "New prescription"
          }
        ]
      },
      "item": {
        "reference": "MedicationStatement/c20c510b-fd91-45eb-bacc-171a9a0261e5"
      }
    },
    {
      "extension": [
        {
          "url": "http://hl7.org.au/fhir/StructureDefinition/change-description",
          "valueString": "For pain"
        }
      ],
      "flag": {
        "coding": [
          {
            "system": "http://hl7.org.au/fhir/CodeSystem/medicine-item-change",
            "code": "new",
            "display": "New"
          }
        ]
      },
      "item": {
        "reference": "MedicationStatement/df0af202-6da0-4e67-9c22-ebc21ee34309"
      }
    }
  ]
}