{"resourceType":"ImplementationGuide","id":"implementationguide-eventsummary-1","text":{"status":"generated","div":"<div xmlns=\"http://www.w3.org/1999/xhtml\"><h2>Event Summary</h2><p>The official URL for this implementation guide is: </p><pre>http://ns.electronichealth.net.au/ci/fhir/3.0/ImplementationGuide/implementationguide-eventsummary-1</pre><div><p>Australian realm implementation guide of the FHIR specification to represent Event Summary records in the My Health Record system and related applications.</p>\n</div></div>"},"url":"http://ns.electronichealth.net.au/ci/fhir/3.0/ImplementationGuide/implementationguide-eventsummary-1","version":"1.0.0","name":"Event Summary","status":"draft","experimental":true,"date":"2019-08-13T10:35:58+10:00","publisher":"Australian Digital Health Agency","contact":[{"telecom":[{"system":"email","value":"help@digitalhealth.gov.au"}]}],"description":"Australian realm implementation guide of the FHIR specification to represent Event Summary records in the My Health Record system and related applications.","copyright":"Copyright © 2019 Australian Digital Health Agency - All rights reserved. This content is licensed under a Creative Commons Attribution 4.0 International License. See https://creativecommons.org/licenses/by/4.0/.","fhirVersion":"3.0.1","package":[{"id":"p1","name":"ES","resource":[{"extension":[{"url":"http://hl7.org/fhir/StructureDefinition/implementationguide-page","valueUri":"StructureDefinition-composition-es-1.html"}],"example":false,"name":"Event Summary","sourceReference":{"reference":"StructureDefinition/composition-es-1"}},{"extension":[{"url":"http://hl7.org/fhir/StructureDefinition/implementationguide-page","valueUri":"StructureDefinition-encounter-es-1.html"}],"example":true,"name":"Encounter Event Summary #1","sourceReference":{"reference":"StructureDefinition/encounter-es-1"}},{"extension":[{"url":"http://hl7.org/fhir/StructureDefinition/implementationguide-page","valueUri":"StructureDefinition-patient-dh-base-1.html"}],"example":false,"name":"patient-dh-base-1","description":"The Agency Patient profile, as derived from the HL7 AU patient profile.","sourceReference":{"reference":"StructureDefinition/patient-dh-base-1"}},{"extension":[{"url":"http://hl7.org/fhir/StructureDefinition/implementationguide-page","valueUri":"StructureDefinition-patient-ident-1.html"}],"example":false,"name":"patient-ident-1","sourceReference":{"reference":"StructureDefinition/patient-ident-1"}},{"extension":[{"url":"http://hl7.org/fhir/StructureDefinition/implementationguide-page","valueUri":"StructureDefinition-practitionerrole-withpractitionerident-1.html"}],"example":false,"sourceReference":{"reference":"StructureDefinition/practitionerrole-withpractitionerident-1"}},{"extension":[{"url":"http://hl7.org/fhir/StructureDefinition/implementationguide-page","valueUri":"StructureDefinition-practitioner-ident-1.html"}],"example":false,"name":"practitioner-ident-1","sourceReference":{"reference":"StructureDefinition/practitioner-ident-1"}},{"extension":[{"url":"http://hl7.org/fhir/StructureDefinition/implementationguide-page","valueUri":"StructureDefinition-organization-ident-1.html"}],"example":false,"name":"organization-ident-1","sourceReference":{"reference":"StructureDefinition/organization-ident-1"}},{"extension":[{"url":"http://hl7.org/fhir/StructureDefinition/implementationguide-page","valueUri":"StructureDefinition-allergyintolerance-summary-1.html"}],"example":false,"name":"allergyintolerance-summary-1","sourceReference":{"reference":"StructureDefinition/allergyintolerance-summary-1"}},{"extension":[{"url":"http://hl7.org/fhir/StructureDefinition/implementationguide-page","valueUri":"StructureDefinition-list-medseventchanges-1.html"}],"example":false,"name":"list-medseventchanges-1","sourceReference":{"reference":"StructureDefinition/list-medseventchanges-1"}},{"extension":[{"url":"http://hl7.org/fhir/StructureDefinition/implementationguide-page","valueUri":"StructureDefinition-observation-norelevantfinding-1.html"}],"example":false,"name":"observation-norelevantfinding-1","sourceReference":{"reference":"StructureDefinition/observation-norelevantfinding-1"}},{"extension":[{"url":"http://hl7.org/fhir/StructureDefinition/implementationguide-page","valueUri":"StructureDefinition-condition-summary-1.html"}],"example":false,"name":"condition-summary-1","sourceReference":{"reference":"StructureDefinition/condition-summary-1"}},{"extension":[{"url":"http://hl7.org/fhir/StructureDefinition/implementationguide-page","valueUri":"StructureDefinition-procedure-summary-1.html"}],"example":false,"name":"procedure-summary-1","sourceReference":{"reference":"StructureDefinition/procedure-summary-1"}},{"extension":[{"url":"http://hl7.org/fhir/StructureDefinition/implementationguide-page","valueUri":"StructureDefinition-immunization-summary-1.html"}],"example":false,"name":"immunization-summary-1","sourceReference":{"reference":"StructureDefinition/immunization-summary-1"}},{"extension":[{"url":"http://hl7.org/fhir/StructureDefinition/implementationguide-page","valueUri":"StructureDefinition-medicationstatement-summary-1.html"}],"example":false,"name":"medicationstatement-summary-1","sourceReference":{"reference":"StructureDefinition/medicationstatement-summary-1"}},{"extension":[{"url":"http://hl7.org/fhir/StructureDefinition/implementationguide-page","valueUri":"StructureDefinition-relatedperson-dh-base-1.html"}],"example":false,"name":"relatedperson-dh-base-1","description":"The Agency RelatedPerson profile, as derived from the STU3 RelatedPerson resource","sourceReference":{"reference":"StructureDefinition/relatedperson-dh-base-1"}},{"extension":[{"url":"http://hl7.org/fhir/StructureDefinition/implementationguide-page","valueUri":"StructureDefinition-organization-dh-base-1.html"}],"example":false,"name":"organization-dh-base-1","description":"The Agency Organization profile, as derived from the HL7 AU Organization profile.","sourceReference":{"reference":"StructureDefinition/organization-dh-base-1"}},{"extension":[{"url":"http://hl7.org/fhir/StructureDefinition/implementationguide-page","valueUri":"StructureDefinition-practitioner-dh-base-1.html"}],"example":false,"sourceReference":{"reference":"StructureDefinition/practitioner-dh-base-1"}},{"extension":[{"url":"http://hl7.org/fhir/StructureDefinition/implementationguide-page","valueUri":"StructureDefinition-humanname-dh-base-1.html"}],"example":false,"sourceReference":{"reference":"StructureDefinition/humanname-dh-base-1"}},{"extension":[{"url":"http://hl7.org/fhir/StructureDefinition/implementationguide-page","valueUri":"Bundle-3bb44f10-4350-498c-a629-4bf43df620e9.html"}],"example":true,"sourceReference":{"reference":"Bundle/3bb44f10-4350-498c-a629-4bf43df620e9"}},{"extension":[{"url":"http://hl7.org/fhir/StructureDefinition/implementationguide-page","valueUri":"Bundle-a1a25cd7-6553-4a47-9c5c-399050a80f9d.html"}],"example":true,"sourceReference":{"reference":"Bundle/a1a25cd7-6553-4a47-9c5c-399050a80f9d"}},{"extension":[{"url":"http://hl7.org/fhir/StructureDefinition/implementationguide-page","valueUri":"Bundle-7fdbd082-b9c4-46bf-ac8d-8f71de24ac4a.html"}],"example":true,"sourceReference":{"reference":"Bundle/7fdbd082-b9c4-46bf-ac8d-8f71de24ac4a"}},{"extension":[{"url":"http://hl7.org/fhir/StructureDefinition/implementationguide-page","valueUri":"Composition-565b1e7e-01c1-4379-a3d6-6e21cdea43e9.html"}],"example":true,"sourceReference":{"reference":"Composition/565b1e7e-01c1-4379-a3d6-6e21cdea43e9"}},{"extension":[{"url":"http://hl7.org/fhir/StructureDefinition/implementationguide-page","valueUri":"Composition-2384da13-ff91-4e05-930f-2d7a034ea713.html"}],"example":true,"sourceReference":{"reference":"Composition/2384da13-ff91-4e05-930f-2d7a034ea713"}},{"extension":[{"url":"http://hl7.org/fhir/StructureDefinition/implementationguide-page","valueUri":"Composition-672a9ba7-0773-4a7f-ad80-e6ef50950a8d.html"}],"example":true,"sourceReference":{"reference":"Composition/672a9ba7-0773-4a7f-ad80-e6ef50950a8d"}},{"extension":[{"url":"http://hl7.org/fhir/StructureDefinition/implementationguide-page","valueUri":"Patient-e6e84607-a0da-4ead-9ed6-5e064fea9fc4.html"}],"example":true,"sourceReference":{"reference":"Patient/e6e84607-a0da-4ead-9ed6-5e064fea9fc4"}},{"extension":[{"url":"http://hl7.org/fhir/StructureDefinition/implementationguide-page","valueUri":"Patient-792b4811-2ce7-4531-8893-af827175bcfe.html"}],"example":true,"sourceReference":{"reference":"Patient/792b4811-2ce7-4531-8893-af827175bcfe"}},{"extension":[{"url":"http://hl7.org/fhir/StructureDefinition/implementationguide-page","valueUri":"Patient-3a72f2d2-c9ed-40a4-beac-01c14dcf244a.html"}],"example":true,"sourceReference":{"reference":"Patient/3a72f2d2-c9ed-40a4-beac-01c14dcf244a"}},{"extension":[{"url":"http://hl7.org/fhir/StructureDefinition/implementationguide-page","valueUri":"Patient-d422d1da-6280-4335-8795-b101a61134e4.html"}],"example":true,"sourceReference":{"reference":"Patient/d422d1da-6280-4335-8795-b101a61134e4"}},{"extension":[{"url":"http://hl7.org/fhir/StructureDefinition/implementationguide-page","valueUri":"Organization-021fff67-c5ec-438f-9520-ce9bafee1306.html"}],"example":true,"sourceReference":{"reference":"Organization/021fff67-c5ec-438f-9520-ce9bafee1306"}},{"extension":[{"url":"http://hl7.org/fhir/StructureDefinition/implementationguide-page","valueUri":"Organization-d93e5527-afd9-4c54-ab09-ada4fdd8ff13.html"}],"example":true,"sourceReference":{"reference":"Organization/d93e5527-afd9-4c54-ab09-ada4fdd8ff13"}},{"extension":[{"url":"http://hl7.org/fhir/StructureDefinition/implementationguide-page","valueUri":"Organization-0903c2ea-252f-4b03-85f4-2ddcf046fbc3.html"}],"example":true,"sourceReference":{"reference":"Organization/0903c2ea-252f-4b03-85f4-2ddcf046fbc3"}},{"extension":[{"url":"http://hl7.org/fhir/StructureDefinition/implementationguide-page","valueUri":"MedicationStatement-32def593-e104-4cee-b8f5-d1f923efd94b.html"}],"example":true,"sourceReference":{"reference":"MedicationStatement/32def593-e104-4cee-b8f5-d1f923efd94b"}},{"extension":[{"url":"http://hl7.org/fhir/StructureDefinition/implementationguide-page","valueUri":"MedicationStatement-9db8a050-0c25-4192-834d-bca1da8ff250.html"}],"example":true,"sourceReference":{"reference":"MedicationStatement/9db8a050-0c25-4192-834d-bca1da8ff250"}},{"extension":[{"url":"http://hl7.org/fhir/StructureDefinition/implementationguide-page","valueUri":"MedicationStatement-fc257fb0-8325-4f85-b29f-4c100346f527.html"}],"example":true,"sourceReference":{"reference":"MedicationStatement/fc257fb0-8325-4f85-b29f-4c100346f527"}},{"extension":[{"url":"http://hl7.org/fhir/StructureDefinition/implementationguide-page","valueUri":"MedicationStatement-df0af202-6da0-4e67-9c22-ebc21ee34309.html"}],"example":true,"sourceReference":{"reference":"MedicationStatement/df0af202-6da0-4e67-9c22-ebc21ee34309"}},{"extension":[{"url":"http://hl7.org/fhir/StructureDefinition/implementationguide-page","valueUri":"MedicationStatement-c20c510b-fd91-45eb-bacc-171a9a0261e5.html"}],"example":true,"sourceReference":{"reference":"MedicationStatement/c20c510b-fd91-45eb-bacc-171a9a0261e5"}},{"extension":[{"url":"http://hl7.org/fhir/StructureDefinition/implementationguide-page","valueUri":"MedicationStatement-bed6ee24-3789-4cdd-83f0-a3a3a8ccba7a.html"}],"example":true,"sourceReference":{"reference":"MedicationStatement/bed6ee24-3789-4cdd-83f0-a3a3a8ccba7a"}},{"extension":[{"url":"http://hl7.org/fhir/StructureDefinition/implementationguide-page","valueUri":"List-fa11a4f8-9ecc-4a65-9643-74c3c84880f4.html"}],"example":true,"sourceReference":{"reference":"List/fa11a4f8-9ecc-4a65-9643-74c3c84880f4"}},{"extension":[{"url":"http://hl7.org/fhir/StructureDefinition/implementationguide-page","valueUri":"List-6eeee721-3485-4e1f-81b8-450a2143f441.html"}],"example":true,"sourceReference":{"reference":"List/6eeee721-3485-4e1f-81b8-450a2143f441"}},{"extension":[{"url":"http://hl7.org/fhir/StructureDefinition/implementationguide-page","valueUri":"List-e6e32a80-a307-4833-b997-1e6e7b3abbb3.html"}],"example":true,"sourceReference":{"reference":"List/e6e32a80-a307-4833-b997-1e6e7b3abbb3"}},{"extension":[{"url":"http://hl7.org/fhir/StructureDefinition/implementationguide-page","valueUri":"Encounter-98900f15-67f8-48a1-9345-6d5968f2c23e.html"}],"example":true,"sourceReference":{"reference":"Encounter/98900f15-67f8-48a1-9345-6d5968f2c23e"}},{"extension":[{"url":"http://hl7.org/fhir/StructureDefinition/implementationguide-page","valueUri":"Encounter-6c39fd65-2a5f-42d0-b3db-20b6416e2b9a.html"}],"example":true,"sourceReference":{"reference":"Encounter/6c39fd65-2a5f-42d0-b3db-20b6416e2b9a"}},{"extension":[{"url":"http://hl7.org/fhir/StructureDefinition/implementationguide-page","valueUri":"Encounter-cead9124-f6d8-47ac-b785-8e0fcab3dc13.html"}],"example":true,"sourceReference":{"reference":"Encounter/cead9124-f6d8-47ac-b785-8e0fcab3dc13"}},{"extension":[{"url":"http://hl7.org/fhir/StructureDefinition/implementationguide-page","valueUri":"AllergyIntolerance-a5e03840-1be4-43e0-acd2-c9e288adc4f9.html"}],"example":true,"sourceReference":{"reference":"AllergyIntolerance/a5e03840-1be4-43e0-acd2-c9e288adc4f9"}},{"extension":[{"url":"http://hl7.org/fhir/StructureDefinition/implementationguide-page","valueUri":"AllergyIntolerance-b21f4cad-024a-4101-a6dd-80d50e29e295.html"}],"example":true,"sourceReference":{"reference":"AllergyIntolerance/b21f4cad-024a-4101-a6dd-80d50e29e295"}},{"extension":[{"url":"http://hl7.org/fhir/StructureDefinition/implementationguide-page","valueUri":"AllergyIntolerance-c7dfc1e4-e2e0-4542-b93a-be297efb0f95.html"}],"example":true,"sourceReference":{"reference":"AllergyIntolerance/c7dfc1e4-e2e0-4542-b93a-be297efb0f95"}},{"extension":[{"url":"http://hl7.org/fhir/StructureDefinition/implementationguide-page","valueUri":"Practitioner-40a94071-8373-4d53-a788-63b79c75a3c1.html"}],"example":true,"sourceReference":{"reference":"Practitioner/40a94071-8373-4d53-a788-63b79c75a3c1"}},{"extension":[{"url":"http://hl7.org/fhir/StructureDefinition/implementationguide-page","valueUri":"Practitioner-6c9f40e7-6f00-4d75-9f39-d57bd620d855.html"}],"example":true,"sourceReference":{"reference":"Practitioner/6c9f40e7-6f00-4d75-9f39-d57bd620d855"}},{"extension":[{"url":"http://hl7.org/fhir/StructureDefinition/implementationguide-page","valueUri":"Practitioner-20f15728-f3ac-4877-b55a-107f94dbd00c.html"}],"example":true,"sourceReference":{"reference":"Practitioner/20f15728-f3ac-4877-b55a-107f94dbd00c"}},{"extension":[{"url":"http://hl7.org/fhir/StructureDefinition/implementationguide-page","valueUri":"Practitioner-7bfbb28b-e57b-4961-b5f9-4bfc5391b44a.html"}],"example":true,"sourceReference":{"reference":"Practitioner/7bfbb28b-e57b-4961-b5f9-4bfc5391b44a"}},{"extension":[{"url":"http://hl7.org/fhir/StructureDefinition/implementationguide-page","valueUri":"PractitionerRole-e99357bd-b6ad-4ae7-9d99-27cb929e48af.html"}],"example":true,"sourceReference":{"reference":"PractitionerRole/e99357bd-b6ad-4ae7-9d99-27cb929e48af"}},{"extension":[{"url":"http://hl7.org/fhir/StructureDefinition/implementationguide-page","valueUri":"PractitionerRole-45cad6ac-e9a3-418a-8480-4e64132849f2.html"}],"example":true,"sourceReference":{"reference":"PractitionerRole/45cad6ac-e9a3-418a-8480-4e64132849f2"}},{"extension":[{"url":"http://hl7.org/fhir/StructureDefinition/implementationguide-page","valueUri":"Condition-ed5e2c34-2d28-4d21-a6aa-be7baad865b8.html"}],"example":true,"sourceReference":{"reference":"Condition/ed5e2c34-2d28-4d21-a6aa-be7baad865b8"}},{"extension":[{"url":"http://hl7.org/fhir/StructureDefinition/implementationguide-page","valueUri":"Condition-e11fd841-5200-4657-9260-3a041a98ae31.html"}],"example":true,"sourceReference":{"reference":"Condition/e11fd841-5200-4657-9260-3a041a98ae31"}},{"extension":[{"url":"http://hl7.org/fhir/StructureDefinition/implementationguide-page","valueUri":"Immunization-d2b71673-d1a5-4e1d-9b25-bba47aa26036.html"}],"example":true,"sourceReference":{"reference":"Immunization/d2b71673-d1a5-4e1d-9b25-bba47aa26036"}},{"extension":[{"url":"http://hl7.org/fhir/StructureDefinition/implementationguide-page","valueUri":"Procedure-fed6e796-ac88-459c-af61-de718a48423d.html"}],"example":true,"sourceReference":{"reference":"Procedure/fed6e796-ac88-459c-af61-de718a48423d"}}]}],"page":{"source":"index.html","title":"IG Templage Homepage","kind":"page"}}