<?xml version="1.0" encoding="UTF-8"?>

<AllergyIntolerance xmlns="http://hl7.org/fhir">
  <id value="96c1bf8a-8321-11e9-bc42-526af7764f64"/>
  <meta>
    <profile value="http://ns.electronichealth.net.au/ci/fhir/3.0/StructureDefinition/allergyintolerance-summary-1"/>
  </meta>
  <text>
    <status value="generated"/><div xmlns="http://www.w3.org/1999/xhtml"><p><b>Generated Narrative with Details</b></p><p><b>id</b>: 96c1bf8a-8321-11e9-bc42-526af7764f64</p><p><b>meta</b>: </p><p><b>clinicalStatus</b>: active</p><p><b>verificationStatus</b>: unconfirmed</p><p><b>type</b>: allergy</p><p><b>code</b>: Ibuprofen <span style="background: LightGoldenRodYellow">(Details )</span></p><p><b>patient</b>: <a href="Patient-55a2e4fc-8321-11e9-bc42-526af7764f64.html">Generated Summary: id: 55a2e4fc-8321-11e9-bc42-526af7764f64; National unique individual identifier = 8003608666701594; Frank Goodpatient ; gender: male; birthDate: 24 Mar. 1981</a></p><p><b>onset</b>: 1 Oct. 2016</p><h3>Reactions</h3><table class="grid"><tr><td>-</td><td><b>Substance</b></td><td><b>Manifestation</b></td></tr><tr><td>*</td><td>Ibuprofen <span style="background: LightGoldenRodYellow">(Details )</span></td><td>Anaphylaxis <span style="background: LightGoldenRodYellow">(Details )</span></td></tr></table></div>
  </text>
  <clinicalStatus value="active"/>
  <verificationStatus value="unconfirmed"/>
  <type value="allergy"/>
  <code>
    <text value="Ibuprofen"/>
  </code>
  <patient>
    <reference value="Patient/55a2e4fc-8321-11e9-bc42-526af7764f64"/>
  </patient>
  <onsetDateTime value="2016-10"/>
  <reaction>
    <substance>
      <text value="Ibuprofen"/>
    </substance>
    <manifestation>
      <text value="Anaphylaxis"/>
    </manifestation>
  </reaction>
</AllergyIntolerance>