[
  {
    "id": "implementationguide-sharedmedicineslist-1",
    "type": "ImplementationGuide",
    "url": "http://ns.electronichealth.net.au/ci/fhir/3.0/ImplementationGuide/implementationguide-sharedmedicineslist-1",
    "version": "1.2.0",
    "name": "Shared Medicines List"
  },
  {
    "id": "allergyintolerance-summary-1",
    "type": "StructureDefinition",
    "url": "http://ns.electronichealth.net.au/ci/fhir/3.0/StructureDefinition/allergyintolerance-summary-1",
    "version": "1.0.0",
    "name": "AllergyIntoleranceSummary"
  },
  {
    "id": "composition-sml-prac-1",
    "type": "StructureDefinition",
    "url": "http://ns.electronichealth.net.au/ci/fhir/3.0/StructureDefinition/composition-sml-prac-1",
    "version": "1.2.0",
    "name": "CompositionSML"
  },
  {
    "id": "encounter-es-1",
    "type": "StructureDefinition",
    "url": "http://ns.electronichealth.net.au/ci/fhir/3.0/StructureDefinition/encounter-es-1",
    "version": "1.0.0",
    "name": "EncounterEventSummary"
  },
  {
    "id": "humanname-dh-base-1",
    "type": "StructureDefinition",
    "url": "http://ns.electronichealth.net.au/ci/fhir/3.0/StructureDefinition/humanname-dh-base-1",
    "version": "1.0.0",
    "name": "HumanNameBase"
  },
  {
    "id": "list-sml-pracchanges-1",
    "type": "StructureDefinition",
    "url": "http://ns.electronichealth.net.au/ci/fhir/3.0/StructureDefinition/list-sml-pracchanges-1",
    "version": "1.2.0",
    "name": "ListMedicineItemsChanges"
  },
  {
    "id": "medication-dh-base-1",
    "type": "StructureDefinition",
    "url": "http://ns.electronichealth.net.au/ci/fhir/3.0/StructureDefinition/medication-dh-base-1",
    "version": "1.0.0",
    "name": "MedicationBase"
  },
  {
    "id": "medicationstatement-detailed-1",
    "type": "StructureDefinition",
    "url": "http://ns.electronichealth.net.au/ci/fhir/3.0/StructureDefinition/medicationstatement-detailed-1",
    "version": "1.1.0",
    "name": "MedicationStatementDetailed"
  },
  {
    "id": "observation-norelevantfinding-1",
    "type": "StructureDefinition",
    "url": "http://ns.electronichealth.net.au/ci/fhir/3.0/StructureDefinition/observation-norelevantfinding-1",
    "version": "1.0.0",
    "name": "ObservationNoRelevantFinding"
  },
  {
    "id": "organization-dh-base-1",
    "type": "StructureDefinition",
    "url": "http://ns.electronichealth.net.au/ci/fhir/3.0/StructureDefinition/organization-dh-base-1",
    "version": "1.0.0",
    "name": "OrganizationBase"
  },
  {
    "id": "organization-ident-1",
    "type": "StructureDefinition",
    "url": "http://ns.electronichealth.net.au/ci/fhir/3.0/StructureDefinition/organization-ident-1",
    "version": "1.0.0",
    "name": "OrganizationIdent"
  },
  {
    "id": "patient-dh-base-1",
    "type": "StructureDefinition",
    "url": "http://ns.electronichealth.net.au/ci/fhir/3.0/StructureDefinition/patient-dh-base-1",
    "version": "1.0.0",
    "name": "PatientBase"
  },
  {
    "id": "patient-ident-1",
    "type": "StructureDefinition",
    "url": "http://ns.electronichealth.net.au/ci/fhir/3.0/StructureDefinition/patient-ident-1",
    "version": "1.0.0",
    "name": "PatientIdent"
  },
  {
    "id": "patient-mhr-1",
    "type": "StructureDefinition",
    "url": "http://ns.electronichealth.net.au/ci/fhir/3.0/StructureDefinition/patient-mhr-1",
    "version": "1.0.0",
    "name": "PatientMHR"
  },
  {
    "id": "practitioner-dh-base-1",
    "type": "StructureDefinition",
    "url": "http://ns.electronichealth.net.au/ci/fhir/3.0/StructureDefinition/practitioner-dh-base-1",
    "version": "1.0.0",
    "name": "PractitionerBase"
  },
  {
    "id": "practitioner-ident-1",
    "type": "StructureDefinition",
    "url": "http://ns.electronichealth.net.au/ci/fhir/3.0/StructureDefinition/practitioner-ident-1",
    "version": "1.0.0",
    "name": "PractitionerIdent"
  },
  {
    "id": "practitionerrole-dh-base-1",
    "type": "StructureDefinition",
    "url": "http://ns.electronichealth.net.au/ci/fhir/3.0/StructureDefinition/practitionerrole-dh-base-1",
    "version": "1.0.0",
    "name": "PractitionerRoleBase"
  },
  {
    "id": "practitionerrole-withpractitionerident-1",
    "type": "StructureDefinition",
    "url": "http://ns.electronichealth.net.au/ci/fhir/3.0/StructureDefinition/practitionerrole-withpractitionerident-1",
    "version": "1.0.0",
    "name": "PractitionerRoleWithPractitionerIdent"
  },
  {
    "id": "relatedperson-dh-base-1",
    "type": "StructureDefinition",
    "url": "http://ns.electronichealth.net.au/ci/fhir/3.0/StructureDefinition/relatedperson-dh-base-1",
    "version": "1.0.0",
    "name": "RelatedPersonBase"
  },
  {
    "id": "substance-dh-base-1",
    "type": "StructureDefinition",
    "url": "http://ns.electronichealth.net.au/ci/fhir/3.0/StructureDefinition/substance-dh-base-1",
    "version": "1.0.0",
    "name": "SubstanceBase"
  },
  {
    "id": "packed-in-daa-1",
    "type": "StructureDefinition",
    "url": "http://ns.electronichealth.net.au/ci/fhir/StructureDefinition/packed-in-daa-1",
    "version": "1.0.0",
    "name": "DoseAdministrationAidMedicinesIndicator"
  }
]