{
  "resourceType": "Composition",
  "id": "98e4b64a-d493-45c1-8102-b3b689da1c15",
  "meta": {
    "versionId": "20190205",
    "profile": [
      "http://ns.electronichealth.net.au/ci/fhir/3.0/StructureDefinition/composition-sml-prac-1"
    ]
  },
  "language": "en-AU",
  "text": {
    "status": "additional",
    "div": "<div xmlns=\"http://www.w3.org/1999/xhtml\" lang=\"en-AU\">\n            <h2>Home Medicines Review Report for Mr. Lenny Matterson</h2>\n            <p><b>Name:</b> Mr. Lenny MATTERSON</p>\n            <p><b>Identifiers:</b> IHI: 8003608166895854 and Medicare Number: 5950890021 (expiry May 2019)</p>\n            <p><b>Gender:</b> male</p>\n            <p><b>Birthdate:</b> 6 Feb 1955 6:17AM</p>\n            <p><b>Indigenous status:</b> Aboriginal but not Torres Strait Islander origin</p>\n            <p><b>Languages spoken:</b> Pitjantjatjara</p>\n\n            <h3>Author</h3>\n            <p><b>Name:</b> Mr. Ned DEACON (Retail Pharmacist)</p>\n            <p><b>Identifiers:</b> HPI-I: 8003616566708106 and Medicare Provider Number: 5544887B</p>\n            <p><b>Contact:</b> 0370102020 (work fax)</p>\n            <p><b>Address:</b> 50034 Queen St, Coburg, VIC 3058 (work)</p>\n\n            <h3>Medicine summary</h3>\n            <p><b>Date:</b> 5 Feb 2019 10:00AM - 5 Feb 2019 11:15AM</p>\n            <p><b>Attested by:</b> Mr. Ned DEACON (on 5 Feb 2019)</p>\n            <p><b>Document custodian:</b> Big Pharmacy (HPI-O: 8003626566699734)</p>\n\n            <h3>Current Medicines</h3>\n            <table border=\"1\">\n                <caption>Home Medicines Review</caption>\n                <thead>\n                    <tr>\n                        <th>Date of Interview</th>\n                        <th/>\n                        <th>General Assessment</th>\n                    </tr>\n                </thead>\n                <tbody>\n                    <tr>\n                        <td>5 Feb 2019 10:00AM - 5 Feb 2019 11:15AM</td>\n                        <td>Home medicines review</td>\n                        <td>Patient has his medications packed into blister packs via ABC pharmacy. He finds them easy to use and they promote good adherence to his regime. His Bluecare nurse, Nurse B, was present for the interview. Of the medication listed on the referral, he is not currently taking Aldara 5% cream and Chloramphenicol ointment. In addition to the medication listed on the referral, he is also taking coQ10 150mg tab - 1 nocte.He reports occasional dizziness if he changes position quickly, and does report falling outside in the garden; he wears a falls alarm buzzer. He reports that he generally only experiences chest pain when he becomes stressed (doesn’t like paperwork). His blood pressure at the time of the interview was 158 /76.</td>\n                    </tr>                    \n                </tbody>\n            </table>\n            \n            <table border=\"1\">\n                <caption>Current medicines</caption>\n                <thead>\n                    <tr>\n                        <th>Medicine</th>\n                        <th>Directions</th>\n                        <th>Medicine purpose</th>\n                        <th>Medicine status</th>\n                        <th>Status Reason/Comment</th>\n                    </tr>\n                </thead>\n                <tbody>\n                    <tr>\n                        <td>Amiodarone 200mg tab</td>\n                        <td>1 in the morning</td>\n                        <td/>\n                        <td>Unchanged</td>\n                        <td/>\n                    </tr>\n                    <tr>\n                        <td>Bisoprolol 2.5mg tab</td>\n                        <td>1/2 tablet in the morning</td>\n                        <td/>\n                        <td>Unchanged</td>\n                        <td/>\n                    </tr>\n                    <tr>\n                        <td>CoQ10 150mg tab</td>\n                        <td>1 at night</td>\n                        <td/>\n                        <td>New</td>\n                        <td>In pack – history of Atrial fibrillation</td>\n                    </tr>\n                </tbody>\n            </table>\n            <paragraph>Packed medicines: Yes</paragraph>\n            \n            <h3>Ceased Medicines</h3>\n            <table border=\"1\">\n                <caption>Ceased medicines</caption>\n                <thead>\n                    <tr>\n                        <th>Ceased medicine</th>\n                        <th>Reason for ceasing</th>\n                    </tr>\n                </thead>\n                <tbody>\n                    <tr>\n                        <td>Aldara 5% cream (apply as required)</td>\n                        <td>Completed 8-week course</td>\n                    </tr>\n                    <tr>\n                        <td>Chloramphenicol 1% eye ointment (apply as required)</td>\n                        <td>Stopped due to burning sensation in the eye.</td>\n                    </tr>\n                </tbody>\n            </table>\n        </div>"
  },
  "contained": [
    {
      "resourceType": "Patient",
      "id": "1fbd9663-b4cd-4a33-9657-650eca3a6b3f",
      "extension": [
        {
          "url": "http://hl7.org.au/fhir/StructureDefinition/indigenous-status",
          "valueCoding": {
            "system": "https://healthterminologies.gov.au/fhir/CodeSystem/australian-indigenous-status-1",
            "code": "1",
            "display": "Aboriginal but not Torres Strait Islander origin"
          }
        }
      ],
      "identifier": [
        {
          "type": {
            "coding": [
              {
                "system": "http://hl7.org/fhir/v2/0203",
                "code": "NI",
                "display": "National unique individual identifier"
              }
            ],
            "text": "IHI"
          },
          "system": "http://ns.electronichealth.net.au/id/hi/ihi/1.0",
          "value": "8003608166895854"
        },
        {
          "type": {
            "coding": [
              {
                "system": "http://hl7.org/fhir/v2/0203",
                "code": "MC",
                "display": "Patient's Medicare Number"
              }
            ],
            "text": "Medicare Number"
          },
          "system": "http://ns.electronichealth.net.au/id/medicare-number",
          "value": "5950890021",
          "period": {
            "end": "2019-05"
          }
        }
      ],
      "name": [
        {
          "family": "MATTERSON",
          "given": [
            "Lenny"
          ],
          "prefix": [
            "Mr."
          ]
        }
      ],
      "gender": "male",
      "birthDate": "1955-02-06",
      "_birthDate": {
        "extension": [
          {
            "url": "http://hl7.org/fhir/StructureDefinition/patient-birthTime",
            "valueDateTime": "1955-02-06T06:17:00+10:00"
          }
        ]
      },
      "communication": [
        {
          "language": {
            "coding": [
              {
                "system": "urn:ietf:bcp:47",
                "code": "pjt",
                "display": "Pitjantjatjara"
              }
            ]
          }
        }
      ]
    },
    {
      "resourceType": "PractitionerRole",
      "id": "91555386-d478-4e3d-bd3d-ac642ff603c4",
      "identifier": [
        {
          "type": {
            "coding": [
              {
                "system": "http://hl7.org/fhir/v2/0203",
                "code": "NPI",
                "display": "National provider identifier"
              }
            ],
            "text": "HPI-I"
          },
          "system": "http://ns.electronichealth.net.au/id/hi/hpii/1.0",
          "value": "8003616566708106"
        },
        {
          "type": {
            "coding": [
              {
                "system": "http://hl7.org.au/fhir/v2/0203",
                "code": "UPIN"
              }
            ],
            "text": "Medicare Provider Number"
          },
          "system": "http://ns.electronichealth.net.au/id/medicare-provider-number",
          "value": "5544887B"
        }
      ],
      "practitioner": {
        "reference": "#f9695b57-7502-4f50-bf36-b68a755e9956"
      },
      "code": [
        {
          "coding": [
            {
              "system": "http://www.abs.gov.au/ausstats/abs@.nsf/mf/1220.0",
              "code": "251513",
              "display": "Retail Pharmacist"
            }
          ]
        }
      ]
    },
    {
      "resourceType": "Practitioner",
      "id": "f9695b57-7502-4f50-bf36-b68a755e9956",
      "identifier": [
        {
          "type": {
            "coding": [
              {
                "system": "http://hl7.org/fhir/v2/0203",
                "code": "NPI",
                "display": "National provider identifier"
              }
            ],
            "text": "HPI-I"
          },
          "system": "http://ns.electronichealth.net.au/id/hi/hpii/1.0",
          "value": "8003616566708106"
        }
      ],
      "name": [
        {
          "use": "usual",
          "family": "DEACON",
          "given": [
            "Ned"
          ],
          "prefix": [
            "Mr."
          ]
        }
      ],
      "telecom": [
        {
          "system": "fax",
          "value": "0370102020",
          "use": "work"
        }
      ],
      "address": [
        {
          "use": "work",
          "text": "50034 Queen St, Coburg, VIC 3058"
        }
      ]
    },
    {
      "resourceType": "Organization",
      "id": "1a8a2450-f190-4511-a24c-a2825a5ae1ee",
      "identifier": [
        {
          "type": {
            "coding": [
              {
                "system": "http://hl7.org.au/fhir/v2/0203",
                "code": "NOI"
              }
            ],
            "text": "HPI-O"
          },
          "system": "http://ns.electronichealth.net.au/id/hi/hpio/1.0",
          "value": "8003626566699734"
        }
      ],
      "name": "Big Pharmacy"
    },
    {
      "resourceType": "Encounter",
      "id": "c97d9869-3d3b-4612-958d-7af2c1ffd1da",
      "extension": [
        {
          "url": "http://hl7.org.au/fhir/StructureDefinition/encounter-description",
          "valueString": "Patient has his medications packed into blister packs via ABC pharmacy. He finds them easy to use and they promote good adherence to his regime. His Bluecare nurse, Nurse B, was present for the interview. Of the medication listed on the referral, he is not currently taking Aldara 5% cream and Chloramphenicol ointment. In addition to the medication listed on the referral, he is also taking coQ10 150mg tab - 1 nocte.He reports occasional dizziness if he changes position quickly, and does report falling outside in the garden; he wears a falls alarm buzzer. He reports that he generally only experiences chest pain when he becomes stressed (doesn’t like paperwork). His blood pressure at the time of the interview was 158 /76."
        }
      ],
      "status": "finished",
      "class": {
        "system": "http://hl7.org/fhir/v3/ActCode",
        "code": "HH",
        "display": "home health"
      },
      "type": [
        {
          "coding": [
            {
              "system": "http://snomed.info/sct",
              "code": "1348931000168107",
              "display": "Home medicines review"
            }
          ],
          "text": "Home medicines review"
        }
      ],
      "subject": {
        "reference": "#1fbd9663-b4cd-4a33-9657-650eca3a6b3f"
      },
      "period": {
        "start": "2019-02-05T10:00:00+10:00",
        "end": "2019-02-05T11:15:00+10:00"
      }
    },
    {
      "resourceType": "List",
      "id": "05ed5a63-70ab-4dfb-820c-4be0d79bb0d3",
      "language": "en-AU",
      "extension": [
        {
          "url": "http://hl7.org.au/fhir/StructureDefinition/author-role",
          "valueReference": {
            "reference": "#91555386-d478-4e3d-bd3d-ac642ff603c4"
          }
        }
      ],
      "status": "current",
      "mode": "snapshot",
      "code": {
        "coding": [
          {
            "system": "https://healthterminologies.gov.au/fhir/CodeSystem/nctis-data-components-1",
            "code": "101.32009",
            "display": "Current Medicines"
          }
        ]
      },
      "subject": {
        "reference": "#1fbd9663-b4cd-4a33-9657-650eca3a6b3f"
      },
      "encounter": {
        "reference": "#c97d9869-3d3b-4612-958d-7af2c1ffd1da"
      },
      "date": "2019-02-05",
      "source": {
        "reference": "#f9695b57-7502-4f50-bf36-b68a755e9956"
      },
      "note": [
        {
          "text": "Packed medicines: Yes"
        }
      ],
      "entry": [
        {
          "flag": {
            "coding": [
              {
                "system": "http://hl7.org.au/fhir/CodeSystem/medicine-item-change",
                "code": "nochange",
                "display": "Unchanged"
              }
            ]
          },
          "item": {
            "reference": "#b8353097-2f90-4397-95e0-b7c6f809b0eb"
          }
        },
        {
          "flag": {
            "coding": [
              {
                "system": "http://hl7.org.au/fhir/CodeSystem/medicine-item-change",
                "code": "nochange",
                "display": "Unchanged"
              }
            ]
          },
          "item": {
            "reference": "#5cde18e4-2b6b-4081-9382-e37abdec5890"
          }
        },
        {
          "extension": [
            {
              "url": "http://hl7.org.au/fhir/StructureDefinition/change-description",
              "valueString": "New finding of Atrial fibrillation"
            }
          ],
          "flag": {
            "coding": [
              {
                "system": "http://hl7.org.au/fhir/CodeSystem/medicine-item-change",
                "code": "new",
                "display": "New"
              }
            ]
          },
          "item": {
            "reference": "#466c4379-3133-4498-ba33-94610ef35845"
          }
        }
      ]
    },
    {
      "resourceType": "MedicationStatement",
      "id": "b8353097-2f90-4397-95e0-b7c6f809b0eb",
      "status": "active",
      "medicationReference": {
        "reference": "#c75149aa-8bdd-401b-a234-3e533991cd92"
      },
      "subject": {
        "reference": "#1fbd9663-b4cd-4a33-9657-650eca3a6b3f"
      },
      "taken": "y",
      "dosage": [
        {
          "text": "1 in the morning"
        }
      ]
    },
    {
      "resourceType": "Medication",
      "id": "c75149aa-8bdd-401b-a234-3e533991cd92",
      "code": {
        "text": "Amiodarone 200mg tab"
      }
    },
    {
      "resourceType": "MedicationStatement",
      "id": "5cde18e4-2b6b-4081-9382-e37abdec5890",
      "status": "active",
      "medicationReference": {
        "reference": "#8a484362-afb0-4c28-b40b-d1a2ae677de3"
      },
      "subject": {
        "reference": "#1fbd9663-b4cd-4a33-9657-650eca3a6b3f"
      },
      "taken": "y",
      "dosage": [
        {
          "text": "1/2 tablet in the morning"
        }
      ]
    },
    {
      "resourceType": "Medication",
      "id": "8a484362-afb0-4c28-b40b-d1a2ae677de3",
      "code": {
        "coding": [
          {
            "system": "http://snomed.info/sct",
            "code": "23281011000036106",
            "display": "bisoprolol fumarate 2.5 mg tablet"
          }
        ],
        "text": "Bisoprolol 2.5mg tab"
      }
    },
    {
      "resourceType": "MedicationStatement",
      "id": "466c4379-3133-4498-ba33-94610ef35845",
      "status": "intended",
      "medicationReference": {
        "reference": "#cd5a6cac-f6e5-4aa8-b497-6b0e903442cd"
      },
      "subject": {
        "reference": "#1fbd9663-b4cd-4a33-9657-650eca3a6b3f"
      },
      "taken": "y",
      "dosage": [
        {
          "text": "1 at night"
        }
      ]
    },
    {
      "resourceType": "Medication",
      "id": "cd5a6cac-f6e5-4aa8-b497-6b0e903442cd",
      "code": {
        "coding": [
          {
            "system": "http://snomed.info/sct",
            "code": "920941011000036100",
            "display": "CoQ10 (Blackmores)"
          }
        ],
        "text": "CoQ10 150mg tab"
      }
    },
    {
      "resourceType": "List",
      "id": "c0c68add-8f8f-472e-98f3-ffcb0b6e016b",
      "meta": {
        "profile": [
          "http://ns.electronichealth.net.au/ci/fhir/3.0/StructureDefinition/list-sml-pracchanges-1"
        ]
      },
      "language": "en-AU",
      "extension": [
        {
          "url": "http://hl7.org.au/fhir/StructureDefinition/author-role",
          "valueReference": {
            "reference": "#91555386-d478-4e3d-bd3d-ac642ff603c4"
          }
        }
      ],
      "status": "current",
      "mode": "snapshot",
      "code": {
        "coding": [
          {
            "system": "https://healthterminologies.gov.au/fhir/CodeSystem/nctis-data-components-1",
            "code": "101.32027",
            "display": "Ceased Medicines"
          }
        ]
      },
      "subject": {
        "reference": "#1fbd9663-b4cd-4a33-9657-650eca3a6b3f"
      },
      "date": "2019-02-05",
      "source": {
        "reference": "#f9695b57-7502-4f50-bf36-b68a755e9956"
      },
      "entry": [
        {
          "extension": [
            {
              "url": "http://hl7.org.au/fhir/StructureDefinition/change-description",
              "valueString": "Completed 8-week course"
            }
          ],
          "flag": {
            "coding": [
              {
                "system": "http://hl7.org.au/fhir/CodeSystem/medicine-item-change",
                "code": "ceased",
                "display": "Ceased"
              }
            ]
          },
          "item": {
            "reference": "#99d5fa08-35cd-47cc-9728-896476791b15"
          }
        },
        {
          "extension": [
            {
              "url": "http://hl7.org.au/fhir/StructureDefinition/change-description",
              "valueString": "Stopped due to burning sensation in the eye."
            }
          ],
          "flag": {
            "coding": [
              {
                "system": "http://hl7.org.au/fhir/CodeSystem/medicine-item-change",
                "code": "ceased",
                "display": "Ceased"
              }
            ]
          },
          "item": {
            "reference": "#c753dc46-f390-47c5-8760-241a3242279f"
          }
        }
      ]
    },
    {
      "resourceType": "MedicationStatement",
      "id": "99d5fa08-35cd-47cc-9728-896476791b15",
      "status": "completed",
      "medicationReference": {
        "reference": "#84d6b33a-ffe3-42e1-8a97-2f32c611d1ed"
      },
      "subject": {
        "reference": "#1fbd9663-b4cd-4a33-9657-650eca3a6b3f"
      },
      "taken": "y",
      "dosage": [
        {
          "text": "apply as required"
        }
      ]
    },
    {
      "resourceType": "Medication",
      "id": "84d6b33a-ffe3-42e1-8a97-2f32c611d1ed",
      "code": {
        "coding": [
          {
            "system": "http://snomed.info/sct",
            "code": "119411000036106",
            "display": "Aldara 5% cream"
          }
        ],
        "text": "Aldara 5% cream"
      }
    },
    {
      "resourceType": "MedicationStatement",
      "id": "c753dc46-f390-47c5-8760-241a3242279f",
      "status": "completed",
      "medicationReference": {
        "reference": "#f33a47d5-bc8f-4013-ae1e-53b0cf5e26ed"
      },
      "subject": {
        "reference": "#1fbd9663-b4cd-4a33-9657-650eca3a6b3f"
      },
      "taken": "y",
      "dosage": [
        {
          "text": "apply as required"
        }
      ]
    },
    {
      "resourceType": "Medication",
      "id": "f33a47d5-bc8f-4013-ae1e-53b0cf5e26ed",
      "code": {
        "coding": [
          {
            "system": "http://snomed.info/sct",
            "code": "22717011000036101",
            "display": "chloramphenicol 1% eye ointment"
          }
        ],
        "text": "Chloramphenicol 1% eye ointment"
      }
    }
  ],
  "extension": [
    {
      "url": "http://hl7.org.au/fhir/StructureDefinition/composition-author-role",
      "valueReference": {
        "reference": "#91555386-d478-4e3d-bd3d-ac642ff603c4"
      }
    }
  ],
  "status": "final",
  "type": {
    "coding": [
      {
        "system": "http://loinc.org",
        "code": "56445-0",
        "display": "Medication summary Document"
      }
    ],
    "text": "Medication summary"
  },
  "subject": {
    "reference": "#1fbd9663-b4cd-4a33-9657-650eca3a6b3f"
  },
  "encounter": {
    "reference": "#c97d9869-3d3b-4612-958d-7af2c1ffd1da"
  },
  "date": "2019-02-05",
  "author": [
    {
      "reference": "#f9695b57-7502-4f50-bf36-b68a755e9956"
    }
  ],
  "title": "Home Medicines Review Report for Mr. Lenny Matterson",
  "attester": [
    {
      "mode": [
        "legal"
      ],
      "time": "2019-02-05",
      "party": {
        "reference": "#f9695b57-7502-4f50-bf36-b68a755e9956"
      }
    }
  ],
  "custodian": {
    "reference": "#1a8a2450-f190-4511-a24c-a2825a5ae1ee"
  },
  "section": [
    {
      "title": "Current Medicines",
      "code": {
        "coding": [
          {
            "system": "https://healthterminologies.gov.au/fhir/CodeSystem/nctis-data-components-1",
            "code": "101.32009",
            "display": "Current Medicines"
          }
        ]
      },
      "text": {
        "status": "extensions",
        "div": "<div xmlns=\"http://www.w3.org/1999/xhtml\" lang=\"en-AU\">\n                <table border=\"1\">\n                    <caption>Home Medicines Review</caption>\n                    <thead>\n                        <tr>\n                            <th>Date of Interview</th>\n                            <th/>\n                            <th>General Assessment</th>\n                        </tr>\n                    </thead>\n                    <tbody>\n                        <tr>\n                            <td>5 Feb 2019 10:00AM - 5 Feb 2019 11:15AM</td>\n                            <td>Home medicines review</td>\n                            <td>Patient has his medications packed into blister packs via ABC pharmacy. He finds them easy to use and they promote good adherence to his regime. His Bluecare nurse, Nurse B, was present for the interview. Of the medication listed on the referral, he is not currently taking Aldara 5% cream and Chloramphenicol ointment. In addition to the medication listed on the referral, he is also taking coQ10 150mg tab - 1 nocte.He reports occasional dizziness if he changes position quickly, and does report falling outside in the garden; he wears a falls alarm buzzer. He reports that he generally only experiences chest pain when he becomes stressed (doesn’t like paperwork). His blood pressure at the time of the interview was 158 /76.</td>\n                        </tr>\n                    </tbody>\n                </table>\n                <table border=\"1\">\n                    <caption>Current Medicines</caption>\n                    <thead>\n                        <tr>\n                            <th>Medicine</th>\n                            <th>Directions</th>\n                            <th>Medicine purpose</th>\n                            <th>Medicine status</th>\n                            <th>Status Reason/Comment</th>\n                        </tr>\n                    </thead>\n                    <tbody>\n                        <tr>\n                            <td>Amiodarone 200mg tab</td>\n                            <td>1 in the morning</td>\n                            <td/>\n                            <td>Unchanged</td>\n                            <td/>\n                        </tr>\n                        <tr>\n                            <td>Bisoprolol 2.5mg tab</td>\n                            <td>1/2 tablet in the morning</td>\n                            <td/>\n                            <td>Unchanged</td>\n                            <td/>\n                        </tr>\n                        <tr>\n                            <td>CoQ10 150mg tab</td>\n                            <td>1 at night</td>\n                            <td/>\n                            <td>New</td>\n                            <td>In pack – new finding of Atrial fibrillation</td>\n                        </tr>\n                    </tbody>\n                </table>\n                <p>Packed medicines: Yes</p>\n            </div>"
      },
      "entry": [
        {
          "reference": "#05ed5a63-70ab-4dfb-820c-4be0d79bb0d3"
        }
      ]
    },
    {
      "title": "Ceased medicines",
      "code": {
        "coding": [
          {
            "system": "https://healthterminologies.gov.au/fhir/CodeSystem/nctis-data-components-1",
            "code": "101.32027",
            "display": "Ceased Medicines"
          }
        ]
      },
      "text": {
        "status": "extensions",
        "div": "<div xmlns=\"http://www.w3.org/1999/xhtml\" lang=\"en-AU\">\n                <table border=\"1\">\n                    <caption>Ceased medicines</caption>\n                    <thead>\n                        <tr>\n                            <th>Ceased medicine</th>\n                            <th>Reason for ceasing</th>\n                        </tr>\n                    </thead>\n                    <tbody>\n                        <tr>\n                            <td>Aldara 5% cream (apply as required)</td>\n                            <td>Completed 8-week course</td>\n                        </tr>\n                        <tr>\n                            <td>Chloramphenicol 1% eye ointment (apply as required)</td>\n                            <td>Stopped due to burning sensation in the eye.</td>\n                        </tr>\n                    </tbody>\n                </table>\n            </div>"
      },
      "entry": [
        {
          "reference": "#c0c68add-8f8f-472e-98f3-ffcb0b6e016b"
        }
      ]
    }
  ]
}