<?xml version="1.0" encoding="UTF-8"?>

<!--  Conversion of the CDA example 'SML04_Example.xml' as Composition with contained resources  -->
<Composition xmlns="http://hl7.org/fhir">
  <id value="fd1583a5-bbdd-4d55-96f0-0c189e7c48b2"/>
  <meta>
    <versionId value="4"/>
    <profile value="http://ns.electronichealth.net.au/ci/fhir/3.0/StructureDefinition/composition-sml-prac-1"/>
  </meta>
  <language value="en-AU"/>
  <text>
    <status value="additional"/><div xmlns="http://www.w3.org/1999/xhtml">
            <h1 style="background-color:#0066cc;text-align:center;padding:5px;color:#F0FFFF;font-family:Verdana">Ceased Medicines List</h1>

            <h2 style="color:#0066cc;font-family:Verdana">for Bert GAINEY, 2 Sep 2019</h2>

            <table cellpadding="20" style="border-collapse:collapse;border-spacing:0;width:100%;border:1px solid #A9A9A9;margin-bottom:20px;">
                <col width="8%"/>
                <col width="20%"/>
                <col width="12%"/>
                <col width="25%"/>
                <col width="8%"/>
                <col width="27%"/>
                <tbody>
                    <tr>
                        <td style="padding:8px;vertical-align:top;font-family:Verdana">Name</td>
                        <td style="padding:8px;vertical-align:top;font-family:Verdana"><b>Bert Gainey</b></td>
                        <td style="padding:8px;vertical-align:top;font-family:Verdana">Record Number</td>
                        <td style="padding:8px;vertical-align:top;font-family:Verdana"><b>542181</b> (Croydon GP Centre)</td>
                        <td style="padding:8px;vertical-align:top;font-family:Verdana">Address</td>
                        <td style="padding:8px;vertical-align:top;font-family:Verdana"><b>1 Caboolture Street, Caboolture, QLD, 4510</b></td>
                    </tr>
                    <tr>
                        <td style="padding:8px;vertical-align:top;font-family:Verdana">Author</td>
                        <td style="padding:8px;vertical-align:top;font-family:Verdana"><b>North Black M.D. (General Practitioner)</b></td>
                        <td style="padding:8px;vertical-align:top;font-family:Verdana">ID</td>
                        <td style="padding:8px;vertical-align:top;font-family:Verdana"><b>north27</b> (Ascot Vale Family Medical Centre)</td>
                        <td style="padding:8px;vertical-align:top;font-family:Verdana">Clinic</td>
                        <td style="padding:8px;vertical-align:top;font-family:Verdana"><b>Ascot Vale Family Medical Centre</b></td>
                    </tr>
                    <tr>
                        <td style="padding:8px;vertical-align:top;font-family:Verdana">Date</td>
                        <td style="padding:8px;vertical-align:top;font-family:Verdana"><b>2 Sep 2019 10:00:15AM</b></td>
                        <td style="padding:8px;vertical-align:top;font-family:Verdana">Status</td>
                        <td style="padding:8px;vertical-align:top;font-family:Verdana"><b>preliminary</b></td>
                        <td style="padding:8px;vertical-align:top;font-family:Verdana">Version</td>
                        <td style="padding:8px;vertical-align:top;font-family:Verdana"><b>4</b></td>
                    </tr>
                </tbody>
            </table>

            <table cellpadding="20" style="border-collapse:collapse;border-spacing:1;width:100%;border:1px solid #A9A9A9;font-family:Verdana;margin-bottom:20px;">
                <tbody>
                    <tr>
                        <td colspan="6" style="background-color:#80bfff;color:#F0FFFF;padding:8px;font-size:20px;text-align:left;font-family:Verdana">Ceased Medicines</td>
                    </tr>
                    <tr style="background-color:#cce6ff;border:1px solid #A9A9A9;padding:8px;vertical-align:top;font-family:Verdana">
                        <th style="border:1px solid #A9A9A9;padding:8px;vertical-align:top;font-family:Verdana">Status</th>
                        <th style="border:1px solid #A9A9A9;padding:8px;vertical-align:top;font-family:Verdana">Medicine name</th>
                        <th style="border:1px solid #A9A9A9;padding:8px;vertical-align:top;font-family:Verdana">Other names</th>
                        <th style="border:1px solid #A9A9A9;padding:8px;vertical-align:top;font-family:Verdana">Number to take/Directions</th>
                        <th style="border:1px solid #A9A9A9;padding:8px;vertical-align:top;font-family:Verdana">Purpose</th>
                        <th style="border:1px solid #A9A9A9;padding:8px;vertical-align:top;font-family:Verdana">Special instructions</th>
                    </tr>
                    <tr style="border:1px solid #A9A9A9;padding:8px;font-family:Verdana">
                        <td style="border:1px solid #A9A9A9;padding:8px;vertical-align:top;font-family:Verdana">Unchanged</td>
                        <td style="border:1px solid #A9A9A9;padding:8px;vertical-align:top;font-family:Verdana">RAMIPRIL(TAB) 2.5 mg</td>
                        <td style="border:1px solid #A9A9A9;padding:8px;vertical-align:top;font-family:Verdana">Tritace</td>
                        <td style="border:1px solid #A9A9A9;padding:8px;vertical-align:top;font-family:Verdana">Take one in the morning</td>
                        <td style="border:1px solid #A9A9A9;padding:8px;vertical-align:top;font-family:Verdana">To reduce high blood pressure; treat heart failure after a heart attack; prevent progression of kidney failure; reduce the risk of heart attack; stroke and stenting</td>
                        <td style="border:1px solid #A9A9A9;padding:8px;vertical-align:top;font-family:Verdana">If you feel light-headed, dizzy or faint, get up slowly when getting our of bed. Make sure you drink enough water during excercise and hot weather when you are taking this medicine, especially if you sweat a lot. If you have excessive vomitting and or diarhoea while taking this medicine tell your doctor. May cause headache or unusal taste. Do not take potassium supplements while you are taking this medicine unless your doctor tells you to. If you develop signs of swelling of the lips or tongue, a dry cough or a rash see your doctor.</td>
                    </tr>
                    <tr style="border:1px solid #A9A9A9;padding:8px;vertical-align:top;font-family:Verdana">
                        <td style="border:1px solid #A9A9A9;padding:8px;vertical-align:top;font-family:Verdana">Ceased</td>
                        <td style="border:1px solid #A9A9A9;padding:8px;vertical-align:top;font-family:Verdana">ATORVASTATIN(TAB) 80 mg</td>
                        <td style="border:1px solid #A9A9A9;padding:8px;vertical-align:top;font-family:Verdana">Lipitor</td>
                        <td style="border:1px solid #A9A9A9;padding:8px;vertical-align:top;font-family:Verdana">Take 1 in the evening</td>
                        <td style="border:1px solid #A9A9A9;padding:8px;vertical-align:top;font-family:Verdana">To lower cholestrol levels in the blood</td>
                        <td style="border:1px solid #A9A9A9;padding:8px;vertical-align:top;font-family:Verdana">Seek medical advice promptly if your urine is dark (brown) or if you have any unexplained muscle pain, tenderness or weakness. Grapefruit juice should be avoided as it may increase the amount of this medicine in your bloodstream and could increase the chances of side effects occuring.</td>
                    </tr>
                    <tr style="border:1px solid #A9A9A9;padding:8px;vertical-align:top;font-family:Verdana">
                        <td style="border:1px solid #A9A9A9;padding:8px;vertical-align:top;font-family:Verdana">Ceased</td>
                        <td style="border:1px solid #A9A9A9;padding:8px;vertical-align:top;font-family:Verdana">DOCUSATE SENNA(TAB) 50 mg</td>
                        <td style="border:1px solid #A9A9A9;padding:8px;vertical-align:top;font-family:Verdana"/>
                        <td style="border:1px solid #A9A9A9;padding:8px;vertical-align:top;font-family:Verdana">Take two tablets in the morning and in the evening</td>
                        <td style="border:1px solid #A9A9A9;padding:8px;vertical-align:top;font-family:Verdana">Laxative for constipation, works by softening the stools and also assists by stimulating the gut to achieve bowel movements.</td>
                        <td style="border:1px solid #A9A9A9;padding:8px;vertical-align:top;font-family:Verdana">Take with a glass of fluid. May take 2-3 days for maximum effect. Do not take with laxatives containing liquid paraffin. Abdominal discomfort, nausea and rash may occur.</td>
                    </tr>
                </tbody>
            </table>

            <table cellpadding="20" style="border-collapse:collapse;border-spacing:0;width:100%;border:1px solid #A9A9A9;margin-bottom:20px;">
                <col width="8%"/>
                <col width="20%"/>
                <col width="12%"/>
                <col width="25%"/>
                <col width="8%"/>
                <col width="27%"/>
                <tbody>
                    <tr>
                        <td style="padding:8px;vertical-align:top;font-family:Verdana">Attested by</td>
                        <td style="padding:8px;vertical-align:top;font-family:Verdana"><b>North Black M.D. (General Practitioner)</b></td>
                        <td style="padding:8px;vertical-align:top;font-family:Verdana">Attested date</td>
                        <td style="padding:8px;vertical-align:top;font-family:Verdana"><b>2 Sep 2019 10:00:15AM</b></td>
                        <td style="padding:8px;vertical-align:top;font-family:Verdana">Custodian</td>
                        <td style="padding:8px;vertical-align:top;font-family:Verdana"><b>Ascot Vale Family Medical Centre</b></td>
                    </tr>
                </tbody>
            </table>

        </div>
  </text>
  <contained>
    <Patient>
      <id value="9d80809f-d287-4910-bc9a-adae62801052"/>
      <identifier>
        <type>
          <coding>
            <system value="http://hl7.org/fhir/v2/0203"/>
            <code value="MR"/>
          </coding>
        </type>
        <system value="http://www.croydongpcentre.example.com/patients"/>
        <value value="542181"/>
        <assigner>
          <display value="Croydon GP Centre"/>
        </assigner>
      </identifier>
      <name>
        <text value="Bert Gainey"/>
      </name>
      <address>
        <line value="1 Caboolture Street"/>
        <city value="Caboolture"/>
        <state value="QLD"/>
        <postalCode value="4510"/>
        <country value="AU"/>
      </address>
    </Patient>
  </contained>
  <contained>
    <Practitioner>
      <id value="ad5acaab-0e8b-41b6-b8fc-7be8dab96396"/>
      <identifier>
        <type>
          <coding>
            <system value="http://terminology.hl7.org/CodeSystem/v2-0203"/>
            <code value="EI"/>
          </coding>
        </type>
        <system value="http://ns.electronichealth.net.au/id/abn-scoped/service-provider-individual/1.0/51824994455"/>
        <value value="north27"/>
        <assigner>
          <display value="Ascot Vale Family Medical Centre"/>
        </assigner>
      </identifier>
      <name>
        <family value="Black"/>
        <given value="North"/>
        <suffix value="M.D."/>
      </name>
    </Practitioner>
  </contained>
  <contained>
    <PractitionerRole>
      <id value="7fd370a7-9b27-4cb6-af68-f86f2f702956"/>
      <practitioner>
      <!--  reference to contained Practitioner resource  -->
        <reference value="#ad5acaab-0e8b-41b6-b8fc-7be8dab96396"/>
      </practitioner>
      <code>
        <text value="General Practitioner"/>
      </code>
    </PractitionerRole>
  </contained>
  <contained>
    <Organization>
      <id value="ec676574-724d-4321-911d-54703015809e"/>
      <identifier>
        <type>
          <coding>
            <system value="http://terminology.hl7.org/CodeSystem/v2-0203"/>
            <code value="XX"/>
          </coding>
        </type>
        <system value="http://hl7.org.au/id/abn"/>
        <value value="51824994455"/>
      </identifier>
      <name value="Ascot Vale Family Medical Centre"/>
    </Organization>
  </contained>
  <contained>
    <List>
      <id value="4c060c69-ce9f-44af-aa6b-30e5e3d14de4"/>
      <meta>
        <profile value="http://ns.electronichealth.net.au/ci/fhir/3.0/StructureDefinition/list-sml-pracchanges-1"/>
      </meta>
      <language value="en-AU"/>
      <extension url="http://hl7.org.au/fhir/StructureDefinition/author-role">
        <valueReference>
          <reference value="#7fd370a7-9b27-4cb6-af68-f86f2f702956"/>
        </valueReference>
      </extension>
      <status value="current"/>
      <mode value="snapshot"/>
      <code>
        <coding>
          <system value="https://healthterminologies.gov.au/fhir/CodeSystem/nctis-data-components-1"/>
          <code value="101.32027"/>
          <display value="Ceased Medicines"/>
        </coding>
      </code>
      <subject>
      <!--  reference to contained Patient resource  -->
        <reference value="#9d80809f-d287-4910-bc9a-adae62801052"/>
      </subject>
      <date value="2019-09-02T10:00:15+10:00"/>
      <source>
      <!--  reference to contained Practitioner resource  -->
        <reference value="#ad5acaab-0e8b-41b6-b8fc-7be8dab96396"/>
      </source>
      <entry>
        <flag>
          <coding>
            <system value="http://hl7.org.au/fhir/CodeSystem/medicine-item-change"/>
            <code value="nochange"/>
            <display value="Unchanged"/>
          </coding>
        </flag>
        <item>
        <!--  reference to contained MedicationStatement resource  -->
          <reference value="#ff6d07a8-5b5f-4c9e-8e6f-ef069b2c7850"/>
        </item>
      </entry>
      <entry>
        <flag>
          <coding>
            <system value="http://hl7.org.au/fhir/CodeSystem/medicine-item-change"/>
            <code value="ceased"/>
            <display value="Ceased"/>
          </coding>
        </flag>
        <item>
        <!--  reference to contained MedicationStatement resource  -->
          <reference value="#2be6504a-160a-4cb0-ac4c-4b5aa503085d"/>
        </item>
      </entry>
      <entry>
        <extension url="http://hl7.org.au/fhir/StructureDefinition/change-description">
          <valueString value="Infection"/>
        </extension>
        <flag>
          <coding>
            <system value="http://hl7.org.au/fhir/CodeSystem/medicine-item-change"/>
            <code value="ceased"/>
            <display value="Ceased"/>
          </coding>
        </flag>
        <item>
        <!--  reference to contained MedicationStatement resource  -->
          <reference value="#686ba017-b502-4441-a327-b2bb33ef6add"/>
        </item>
      </entry>
    </List>
  </contained>
  <contained>
    <MedicationStatement>
      <id value="ff6d07a8-5b5f-4c9e-8e6f-ef069b2c7850"/>
      <status value="completed"/>
      <medicationReference>
      <!--  reference to contained Medication resource  -->
        <reference value="#0b69ee72-808b-4575-bfe6-fd4e86e53622"/>
      </medicationReference>
      <subject>
      <!--  reference to contained Patient resource  -->
        <reference value="#9d80809f-d287-4910-bc9a-adae62801052"/>
      </subject>
      <taken value="y"/>
      <reasonCode>
        <text value="To reduce elevated blood pressure; for                     the prevention of angina; to treat or prevent                     heart attack; for the treatment of heart failure;                     to prevent migranes"/>
      </reasonCode>
      <note>
        <text value="If you feel light-headed, dizzy or faint, get up                     slowly when getting our of bed. Make sure you drink                     enough water during excercise and hot weather when                     you are taking this medicine, especially if you                     sweat a lot. If you have excessive vomitting and or                     diarhoea while taking this medicine tell your                     doctor. May cause headache or unusal taste. Do not                     take potassium supplements while you are taking this                     medicine unless your doctor tells you to. If you                     develop signs of swelling of the lips or tongue, a                     dry cough or a rash see your doctor."/>
      </note>
      <dosage>
        <text value="Take one in the morning"/>
      </dosage>
    </MedicationStatement>
  </contained>
  <contained>
    <Medication>
      <id value="0b69ee72-808b-4575-bfe6-fd4e86e53622"/>
      <code>
        <text value="RAMIPRIL(TAB) 2.5 mg, Tritace"/>
      </code>
    </Medication>
  </contained>
  <contained>
    <MedicationStatement>
      <id value="2be6504a-160a-4cb0-ac4c-4b5aa503085d"/>
      <status value="completed"/>
      <medicationReference>
      <!--  reference to contained Medication resource  -->
        <reference value="#d3410b43-69a3-4126-8f68-ebf9fadb4aac"/>
      </medicationReference>
      <subject>
      <!--  reference to contained Patient resource  -->
        <reference value="#9d80809f-d287-4910-bc9a-adae62801052"/>
      </subject>
      <taken value="y"/>
      <reasonCode>
        <text value="To lower cholestrol levels in the blood"/>
      </reasonCode>
      <note>
        <text value="Seek medical advice promptly if your urine is dark                     (brown) or if you have any unexplained muscle pain,                     tenderness or weakness. Grapefruit juice should be                     avoided as it may increase the amount of this                     medicine in your bloodstream and could increase the                     chances of side effects occuring."/>
      </note>
      <dosage>
        <text value="Take 1 in the evening"/>
      </dosage>
    </MedicationStatement>
  </contained>
  <contained>
    <Medication>
      <id value="d3410b43-69a3-4126-8f68-ebf9fadb4aac"/>
      <code>
        <text value="ATORVASTATIN(TAB) 80 mg, Lipitor"/>
      </code>
    </Medication>
  </contained>
  <contained>
    <MedicationStatement>
      <id value="686ba017-b502-4441-a327-b2bb33ef6add"/>
      <status value="completed"/>
      <medicationReference>
      <!--  reference to contained Medication resource  -->
        <reference value="#398263a2-1aa2-49c3-8888-0ca5a826e120"/>
      </medicationReference>
      <subject>
      <!--  reference to contained Patient resource  -->
        <reference value="#9d80809f-d287-4910-bc9a-adae62801052"/>
      </subject>
      <taken value="y"/>
      <reasonCode>
        <text value="Laxative for constipation, works by                     softening the stools and also assists by                     stimulating the gut to achieve bowel                     movements."/>
      </reasonCode>
      <note>
        <text value="Take with a glass of fluid. May take 2-3 days for                     maximum effect. Do not take with laxatives                     containing liquid paraffin. Abdominal discomfort,                     nausea and rash may."/>
      </note>
      <dosage>
        <text value="Take two tablets in the morning and in the evening"/>
      </dosage>
    </MedicationStatement>
  </contained>
  <contained>
    <Medication>
      <id value="398263a2-1aa2-49c3-8888-0ca5a826e120"/>
      <code>
        <text value="DOCUSATE SENNA(TAB) 50 mg"/>
      </code>
    </Medication>
  </contained>
  <extension url="http://hl7.org.au/fhir/StructureDefinition/composition-author-role">
    <valueReference>
    <!--  reference to contained PractitionerRole resource  -->
      <reference value="#7fd370a7-9b27-4cb6-af68-f86f2f702956"/>
    </valueReference>
  </extension>
  <status value="preliminary"/>
  <type>
    <coding>
      <system value="http://loinc.org"/>
      <code value="56445-0"/>
      <display value="Medication summary"/>
    </coding>
  </type>
  <subject>
  <!--  reference to contained Patient resource  -->
    <reference value="#9d80809f-d287-4910-bc9a-adae62801052"/>
  </subject>
  <date value="2019-09-02T10:00:15+10:00"/>
  <author>
  <!--  reference to contained Practitioner resource  -->
    <reference value="#ad5acaab-0e8b-41b6-b8fc-7be8dab96396"/>
  </author>
  <title value="Ceased medicines list"/>
  <attester>
    <mode value="legal"/>
    <time value="2019-09-02T10:00:15+10:00"/>
    <party>
    <!--  reference to contained Practitioner resource  -->
      <reference value="#ad5acaab-0e8b-41b6-b8fc-7be8dab96396"/>
    </party>
  </attester>
  <custodian>
  <!--  reference to contained Organization resource  -->
    <reference value="#ec676574-724d-4321-911d-54703015809e"/>
  </custodian>
  <section>
    <title value="Ceased Medicines"/>
    <code>
      <coding>
        <system value="https://healthterminologies.gov.au/fhir/CodeSystem/nctis-data-components-1"/>
        <code value="101.32027"/>
        <display value="Ceased Medicines"/>
      </coding>
    </code>
    <text>
      <status value="additional"/><div xmlns="http://www.w3.org/1999/xhtml">
                <table cellpadding="20" style="border-collapse:collapse;border-spacing:1;width:100%;border:1px solid #A9A9A9;font-family:Verdana;margin-bottom:20px;">
                    <tbody>
                        <tr>
                            <td colspan="6" style="background-color:#80bfff;color:#F0FFFF;padding:8px;font-size:20px;text-align:left;font-family:Verdana">Ceased Medicines</td>
                        </tr>
                        <tr style="background-color:#cce6ff;border:1px solid #A9A9A9;padding:8px;vertical-align:top;font-family:Verdana">
                            <th style="border:1px solid #A9A9A9;padding:8px;vertical-align:top;font-family:Verdana">Status</th>
                            <th style="border:1px solid #A9A9A9;padding:8px;vertical-align:top;font-family:Verdana">Medicine name</th>
                            <th style="border:1px solid #A9A9A9;padding:8px;vertical-align:top;font-family:Verdana">Other names</th>
                            <th style="border:1px solid #A9A9A9;padding:8px;vertical-align:top;font-family:Verdana">Number to take/Directions</th>
                            <th style="border:1px solid #A9A9A9;padding:8px;vertical-align:top;font-family:Verdana">Purpose</th>
                            <th style="border:1px solid #A9A9A9;padding:8px;vertical-align:top;font-family:Verdana">Special instructions</th>
                        </tr>
                        <tr style="border:1px solid #A9A9A9;padding:8px;font-family:Verdana">
                            <td style="border:1px solid #A9A9A9;padding:8px;vertical-align:top;font-family:Verdana">Unchanged</td>
                            <td style="border:1px solid #A9A9A9;padding:8px;vertical-align:top;font-family:Verdana">RAMIPRIL(TAB) 2.5 mg</td>
                            <td style="border:1px solid #A9A9A9;padding:8px;vertical-align:top;font-family:Verdana">Tritace</td>
                            <td style="border:1px solid #A9A9A9;padding:8px;vertical-align:top;font-family:Verdana">Take one in the morning</td>
                            <td style="border:1px solid #A9A9A9;padding:8px;vertical-align:top;font-family:Verdana">To reduce high blood pressure; treat heart failure after a heart attack; prevent progression of kidney failure; reduce the risk of heart attack; stroke and stenting</td>
                            <td style="border:1px solid #A9A9A9;padding:8px;vertical-align:top;font-family:Verdana">If you feel light-headed, dizzy or faint, get up slowly when getting our of bed. Make sure you drink enough water during excercise and hot weather when you are taking this medicine, especially if you sweat a lot. If you have excessive vomitting and or diarhoea while taking this medicine tell your doctor. May cause headache or unusal taste. Do not take potassium supplements while you are taking this medicine unless your doctor tells you to. If you develop signs of swelling of the lips or tongue, a dry cough or a rash see your doctor.</td>
                        </tr>
                        <tr style="border:1px solid #A9A9A9;padding:8px;vertical-align:top;font-family:Verdana">
                            <td style="border:1px solid #A9A9A9;padding:8px;vertical-align:top;font-family:Verdana">Ceased</td>
                            <td style="border:1px solid #A9A9A9;padding:8px;vertical-align:top;font-family:Verdana">ATORVASTATIN(TAB) 80 mg</td>
                            <td style="border:1px solid #A9A9A9;padding:8px;vertical-align:top;font-family:Verdana">Lipitor</td>
                            <td style="border:1px solid #A9A9A9;padding:8px;vertical-align:top;font-family:Verdana">Take 1 in the evening</td>
                            <td style="border:1px solid #A9A9A9;padding:8px;vertical-align:top;font-family:Verdana">To lower cholestrol levels in the blood</td>
                            <td style="border:1px solid #A9A9A9;padding:8px;vertical-align:top;font-family:Verdana">Seek medical advice promptly if your urine is dark (brown) or if you have any unexplained muscle pain, tenderness or weakness. Grapefruit juice should be avoided as it may increase the amount of this medicine in your bloodstream and could increase the chances of side effects occuring.</td>
                        </tr>
                        <tr style="border:1px solid #A9A9A9;padding:8px;vertical-align:top;font-family:Verdana">
                            <td style="border:1px solid #A9A9A9;padding:8px;vertical-align:top;font-family:Verdana">Ceased</td>
                            <td style="border:1px solid #A9A9A9;padding:8px;vertical-align:top;font-family:Verdana">DOCUSATE SENNA(TAB) 50 mg</td>
                            <td style="border:1px solid #A9A9A9;padding:8px;vertical-align:top;font-family:Verdana"/>
                            <td style="border:1px solid #A9A9A9;padding:8px;vertical-align:top;font-family:Verdana">Take two tablets in the morning and in the evening</td>
                            <td style="border:1px solid #A9A9A9;padding:8px;vertical-align:top;font-family:Verdana">Laxative for constipation, works by softening the stools and also assists by stimulating the gut to achieve bowel movements.</td>
                            <td style="border:1px solid #A9A9A9;padding:8px;vertical-align:top;font-family:Verdana">Take with a glass of fluid. May take 2-3 days for maximum effect. Do not take with laxatives containing liquid paraffin. Abdominal discomfort, nausea and rash may occur.</td>
                        </tr>
                    </tbody>
                </table>
            </div>
    </text>
    <entry>
    <!--  reference to contained List resource  -->
      <reference value="#4c060c69-ce9f-44af-aa6b-30e5e3d14de4"/>
    </entry>
  </section>
</Composition>