"Path","Slice Name","Alias(s)","Label","Min","Max","Must Support?","Is Modifier?","Is Summary?","Type(s)","Short","Definition","Comments","Requirements","Default Value","Meaning When Missing","Fixed Value","Pattern","Example","Minimum Value","Maximum Value","Maximum Length","Binding Strength","Binding Description","Binding Value Set","Code","Slicing Discriminator","Slicing Description","Slicing Ordered","Slicing Rules","Base Path","Base Min","Base Max","Condition(s)","Constraint(s)","Mapping: RIM Mapping","Mapping: CDA (R2)","Mapping: W5 Mapping"
"Composition","","","",0,*,"","","","","Shared Medicines List","A list of medicines authored by a practitioner at a point in time that describes the medicines an individual is taking.","While the focus of this specification is on patient-specific clinical statements, this resource can also apply to other healthcare-related statements such as study protocol designs, healthcare invoices and other activities that are not necessarily patient-specific or clinical.","","","","","","","","",,,,,"",,,,"Composition",0,*,"","dom-2:If the resource is contained in another resource, it SHALL NOT contain nested Resources {contained.contained.empty()}
dom-1:If the resource is contained in another resource, it SHALL NOT contain any narrative {contained.text.empty()}dom-4:If a resource is contained in another resource, it SHALL NOT have a meta.versionId or a meta.lastUpdated {contained.meta.versionId.empty() and contained.meta.lastUpdated.empty()}dom-3:If the resource is contained in another resource, it SHALL be referred to from elsewhere in the resource {contained.where(('#'+id in %resource.descendants().reference).not()).empty()}inv-dh-cmp-01:The author role shall at least have a reference or an identifier with at least a system and a value {extension('http://hl7.org.au/fhir/StructureDefinition/composition-author-role').valueReference.reference.exists() or extension('http://hl7.org.au/fhir/StructureDefinition/composition-author-role').valueReference.identifier.where(system.count() + value.count() > 1).exists()}inv-dh-cmp-18:If present, an information recipient shall at least have a reference, an identifier or a display {informationRecipient.exists() implies informationRecipient.all($this.reference.exists() or $this.identifier.exists() or $this.display.exists())}inv-dh-cmp-02:The subject shall at least have a reference or an identifier with at least a system and a value {subject.reference.exists() or subject.identifier.where(system.count() + value.count() > 1).exists()}inv-dh-cmp-03:The author shall at least have a reference or an identifier with at least a system and a value {author.reference.exists() or author.identifier.where(system.count() + value.count() > 1).exists()}inv-dh-cmp-04:The custodian shall at least have a reference or an identifier with at least a system and a value {custodian.reference.exists() or custodian.identifier.where(system.count() + value.count() > 1).exists()}","Entity. Role, or Act","Document[classCode=""DOC"" and moodCode=""EVN"" and isNormalAct()]","ClinicalDocument","infrastructure.documents"
"Composition.id","","","",0,1,"","","Y","id {[]} {[]}
","Logical id of this artifact","The logical id of the resource, as used in the URL for the resource. Once assigned, this value never changes.","The only time that a resource does not have an id is when it is being submitted to the server using a create operation.","","","","","","","","",,,,,"",,,,"Resource.id",0,1,"",""
"Composition.meta","","","",1,1,"","","Y","Meta {[]} {[]}
","Metadata about the resource","The metadata about the resource. This is content that is maintained by the infrastructure. Changes to the content may not always be associated with version changes to the resource.","","","","","","","","","",,,,,"",,,,"Resource.meta",0,1,"","inv-dh-cmp-05:One profile shall be 'http://ns.electronichealth.net.au/ci/fhir/3.0/StructureDefinition/composition-sml-prac-1' {profile.where($this='http://ns.electronichealth.net.au/ci/fhir/3.0/StructureDefinition/composition-sml-prac-1').exists()}
"
"Composition.meta.id","","","",0,1,"","","","string {[]} {[]}
","xml:id (or equivalent in JSON)","unique id for the element within a resource (for internal references). This may be any string value that does not contain spaces.","","","","","","","","","",,,,,"",,,,"Element.id",0,1,"","","n/a"
"Composition.meta.extension","","extensions
user content","",0,*,"","","","Extension {[]} {[]}
","Additional Content defined by implementations","May be used to represent additional information that is not part of the basic definition of the element. In order to make the use of extensions safe and manageable, there is a strict set of governance  applied to the definition and use of extensions. Though any implementer is allowed to define an extension, there is a set of requirements that SHALL be met as part of the definition of the extension.","There can be no stigma associated with the use of extensions by any application, project, or standard - regardless of the institution or jurisdiction that uses or defines the extensions.  The use of extensions is what allows the FHIR specification to retain a core level of simplicity for everyone.","","","","","","","","",,,,,"","value:url}
","Extensions are always sliced by (at least) url",,"open","Element.extension",0,*,"","","n/a"
"Composition.meta.versionId","","","",0,1,"","","Y","id {[]} {[]}
","Version specific identifier","The version specific identifier, as it appears in the version portion of the URL. This values changes when the resource is created, updated, or deleted.","The server assigns this value, and ignores what the client specifies, except in the case that the server is imposing version integrity on updates/deletes.","","","","","","","","",,,,,"",,,,"Meta.versionId",0,1,"",""
"Composition.meta.lastUpdated","","","",0,1,"","","Y","instant {[]} {[]}
","When the resource version last changed","When the resource last changed - e.g. when the version changed.","This value is always populated except when the resource is first being created. The server / resource manager sets this value; what a client provides is irrelevant.","","","","","","","","",,,,,"",,,,"Meta.lastUpdated",0,1,"",""
"Composition.meta.profile","","","",1,*,"","","Y","uri {[]} {[]}
","Profiles this resource claims to conform to","A list of profiles (references to [StructureDefinition](http://hl7.org/fhir/STU3/structuredefinition.html#) resources) that this resource claims to conform to. The URL is a reference to [StructureDefinition.url](http://hl7.org/fhir/STU3/).","It is up to the server and/or other infrastructure of policy to determine whether/how these claims are verified and/or updated over time.  The list of profile URLs is a set.","","","","","","","","",,,,,"",,,,"Meta.profile",0,*,"",""
"Composition.meta.security","","","",0,*,"","","Y","Coding {[]} {[]}
","Security Labels applied to this resource","Security labels applied to this resource. These tags connect specific resources to the overall security policy and infrastructure.","The security labels can be updated without changing the stated version of the resource  The list of security labels is a set. Uniqueness is based the system/code, and version and display are ignored.","","","","","","","","",,"extensible","Security Labels from the Healthcare Privacy and Security Classification System.","http://hl7.org/fhir/ValueSet/security-labels","",,,,"Meta.security",0,*,"",""
"Composition.meta.tag","","","",0,*,"","","Y","Coding {[]} {[]}
","Tags applied to this resource","Tags applied to this resource. Tags are intended to be used to identify and relate resources to process and workflow, and applications are not required to consider the tags when interpreting the meaning of a resource.","The tags can be updated without changing the stated version of the resource.  The list of tags is a set. Uniqueness is based the system/code, and version and display are ignored.","","","","","","","","",,"example","Codes that represent various types of tags, commonly workflow-related; e.g. ""Needs review by Dr. Jones""","http://hl7.org/fhir/ValueSet/common-tags","",,,,"Meta.tag",0,*,"",""
"Composition.implicitRules","","","",0,1,"","Y","Y","uri {[]} {[]}
","A set of rules under which this content was created","A reference to a set of rules that were followed when the resource was constructed, and which must be understood when processing the content.","Asserting this rule set restricts the content to be only understood by a limited set of trading partners. This inherently limits the usefulness of the data in the long term. However, the existing health eco-system is highly fractured, and not yet ready to define, collect, and exchange data in a generally computable sense. Wherever possible, implementers and/or specification writers should avoid using this element. 

This element is labelled as a modifier because the implicit rules may provide additional knowledge about the resource that modifies it's meaning or interpretation.","","","","","","","","",,,,,"",,,,"Resource.implicitRules",0,1,"",""
"Composition.language","","","",1,1,"","","","code {[]} {[]}
","Language of the resource content","The base language in which the resource is written.","Language is provided to support indexing and accessibility (typically, services such as text to speech use the language tag). The html language tag in the narrative applies  to the narrative. The language tag on the resource may be used to specify the language of other presentations generated from the data in the resource  Not all the content has to be in the base language. The Resource.language should not be assumed to apply to the narrative automatically. If a language is specified, it should it also be specified on the div element in the html (see rules in HTML5 for information about the relationship between xml:lang and the html lang attribute).","","","","<valueCode xmlns=""http://hl7.org/fhir"" value=""en-AU""/>","","","","",,"extensible","A human language.","http://hl7.org/fhir/ValueSet/languages","",,,,"Resource.language",0,1,"",""
"Composition.text","","narrative
htmlxhtmldisplay","",0,1,"","","","Narrative {[]} {[]}
","Text summary of the resource, for human interpretation","A human-readable narrative that contains a summary of the resource, and may be used to represent the content of the resource to a human. The narrative need not encode all the structured data, but is required to contain sufficient detail to make it ""clinically safe"" for a human to just read the narrative. Resource definitions may define what content should be represented in the narrative to ensure clinical safety.","Contained resources do not have narrative. Resources that are not contained SHOULD have a narrative. In some cases, a resource may only have text with little or no additional discrete data (as long as all minOccurs=1 elements are satisfied).  This may be necessary for data from legacy systems where information is captured as a ""text blob"" or where text is additionally entered raw or narrated and encoded in formation is added later.","","","","","","","","",,,,,"",,,,"DomainResource.text",0,1,"dom-1
","","Act.text?"
"Composition.contained","","inline resources
anonymous resourcescontained resources","",0,*,"","","","Resource {[]} {[]}
","Contained, inline Resources","These resources do not have an independent existence apart from the resource that contains them - they cannot be identified independently, and nor can they have their own independent transaction scope.","This should never be done when the content can be identified properly, as once identification is lost, it is extremely difficult (and context dependent) to restore it again.","","","","","","","","",,,,,"",,,,"DomainResource.contained",0,*,"","","N/A"
"Composition.extension","","","",0,*,"","","","Extension {[]} {[]}
","Extension","An Extension","","","","","","","","","",,,,,"","value:url}
","",,"open","DomainResource.extension",0,*,"",""
"Composition.extension","compositionAuthorRole","","",1,1,"Y","","","Extension {[CanonicalType[http://hl7.org.au/fhir/StructureDefinition/composition-author-role]]} {[]}
","Authoring practitioner role","A practitioner role that authored this composition. This is not to be confused with who typed in the information.","","","","","","","","","",,,,,"",,,,"DomainResource.extension",0,*,"ele-1
","ele-1:All FHIR elements must have a @value or children {hasValue() | (children().count() > id.count())}
ext-1:Must have either extensions or value[x], not both {extension.exists() != value.exists()}inv-dh-cmp-06:A practitioner role shall conform to PractitionerRole with Practitioner with Mandatory Identifier {valueReference.reference.resolve().conformsTo('http://ns.electronichealth.net.au/ci/fhir/3.0/StructureDefinition/practitionerrole-withpractitionerident-1')}"
"Composition.extension","informationRecipient","","",0,*,"Y","","","Extension {[CanonicalType[http://hl7.org.au/fhir/StructureDefinition/information-recipient]]} {[]}
","Who should receive a copy of the composition","A recipient who should receive a copy of the composition. A recipient is an entity to whom a copy of the composition is directed at the time of authoring of the composition.","","","","","","","","","",,,,,"",,,,"DomainResource.extension",0,*,"ele-1
","ele-1:All FHIR elements must have a @value or children {hasValue() | (children().count() > id.count())}
ext-1:Must have either extensions or value[x], not both {extension.exists() != value.exists()}inv-dh-cmp-07:A practitioner shall conform to Base Practitioner {all($this.reference.exists() implies resolve().where($this is Practitioner).conformsTo('http://ns.electronichealth.net.au/ci/fhir/3.0/StructureDefinition/practitioner-dh-base-1'))}inv-dh-cmp-08:A patient shall conform to Base Patient {all($this.reference.exists() implies resolve().where($this is Patient).conformsTo('http://ns.electronichealth.net.au/ci/fhir/3.0/StructureDefinition/patient-dh-base-1'))}inv-dh-cmp-09:A related person shall conform to Base RelatedPerson {all($this.reference.exists() implies resolve().where($this is RelatedPerson).conformsTo('http://ns.electronichealth.net.au/ci/fhir/3.0/StructureDefinition/relatedperson-dh-base-1'))}inv-dh-cmp-10:A practitioner role shall conform to Base PractitionerRole {all($this.reference.exists() implies resolve().where($this is PractitionerRole).conformsTo('http://ns.electronichealth.net.au/ci/fhir/3.0/StructureDefinition/practitionerrole-dh-base-1'))}inv-dh-cmp-11:An organisation shall conform to Base Organization {all($this.reference.exists() implies resolve().where($this is Organization).conformsTo('http://ns.electronichealth.net.au/ci/fhir/3.0/StructureDefinition/organization-dh-base-1'))}inv-dh-cmp-12:An information recipient shall not be a device {resolve().where($this is Device).exists().not()}"
"Composition.modifierExtension","","extensions
user content","",0,*,"","Y","","Extension {[]} {[]}
","Extensions that cannot be ignored","May be used to represent additional information that is not part of the basic definition of the resource, and that modifies the understanding of the element that contains it. Usually modifier elements provide negation or qualification. In order to make the use of extensions safe and manageable, there is a strict set of governance applied to the definition and use of extensions. Though any implementer is allowed to define an extension, there is a set of requirements that SHALL be met as part of the definition of the extension. Applications processing a resource are required to check for modifier extensions.","There can be no stigma associated with the use of extensions by any application, project, or standard - regardless of the institution or jurisdiction that uses or defines the extensions.  The use of extensions is what allows the FHIR specification to retain a core level of simplicity for everyone.","","","","","","","","",,,,,"",,,,"DomainResource.modifierExtension",0,*,"","","N/A"
"Composition.identifier","","","",0,1,"Y","","Y","Identifier {[]} {[]}
","Logical identifier of composition (version-independent)","Logical identifier for the composition, assigned when created. This identifier stays constant as the composition is changed over time.","See discussion in resource definition for how these relate.","","","","","","","","",,,,,"",,,,"Composition.identifier",0,1,"","","Document.id / Document.setId",".setId","id"
"Composition.status","","","",1,1,"Y","Y","Y","code {[]} {[]}
","preliminary | final | amended | entered-in-error","The workflow/clinical status of this composition. The status is a marker for the clinical standing of the document.","If a composition is marked as withdrawn, the compositions/documents in the series, or data from the composition or document series, should never be displayed to a user without being clearly marked as untrustworthy. The flag ""entered-in-error"" is why this element is labeled as a modifier of other elements. 

Some reporting work flows require that the original narrative of a final document never be altered; instead, only new narrative can be added. The composition resource has no explicit status for explicitly noting whether this business rule is in effect. This would be handled by an extension if required.","Need to be able to mark interim, amended, or withdrawn compositions or documents.","","","","","","","",,"required","The workflow/clinical status of the composition.","http://hl7.org/fhir/ValueSet/composition-status","",,,,"Composition.status",1,1,"","","interim: .completionCode=""IN"" & ./statusCode[isNormalDatatype()]=""active"";  final: .completionCode=""AU"" &&  ./statusCode[isNormalDatatype()]=""complete"" and not(./inboundRelationship[typeCode=""SUBJ"" and isNormalActRelationship()]/source[subsumesCode(""ActClass#CACT"") and moodCode=""EVN"" and domainMember(""ReviseComposition"", code) and isNormalAct()]);  amended: .completionCode=""AU"" &&  ./statusCode[isNormalDatatype()]=""complete"" and ./inboundRelationship[typeCode=""SUBJ"" and isNormalActRelationship()]/source[subsumesCode(""ActClass#CACT"") and moodCode=""EVN"" and domainMember(""ReviseComposition"", code) and isNormalAct() and statusCode=""completed""];  withdrawn : .completionCode=NI &&  ./statusCode[isNormalDatatype()]=""obsolete""","n/a","status"
"Composition.type","","","",1,1,"Y","","Y","CodeableConcept {[]} {[]}
","Kind of composition (LOINC if possible)","Specifies the particular kind of composition (e.g. History and Physical, Discharge Summary, Progress Note). This usually equates to the purpose of making the composition.","For Composition type, LOINC is ubiquitous and strongly endorsed by HL7. Most implementation guides will require a specific LOINC code, or use LOINC as an extensible binding.","Key metadata element describing the composition, used in searching/filtering.","","","<valueCodeableConcept xmlns=""http://hl7.org/fhir"">
  <coding>
    <system value=""http://loinc.org""/>
    <code value=""56445-0""/>
  </coding>
</valueCodeableConcept>","","","","",,"preferred","Type of a composition.","http://hl7.org/fhir/ValueSet/doc-typecodes","",,,,"Composition.type",1,1,"","","./code",".code","class"
"Composition.class","","","",0,1,"","","Y","CodeableConcept {[]} {[]}
","Categorization of Composition","A categorization for the type of the composition - helps for indexing and searching. This may be implied by or derived from the code specified in the Composition Type.","This is a metadata field from [XDS/MHD](http://wiki.ihe.net/index.php?title=Mobile_access_to_Health_Documents_(MHD)).","Helps humans to assess whether the composition is of interest when viewing an index of compositions or documents.","","","","","","","",,"example","High-level kind of a clinical document at a macro level.","http://hl7.org/fhir/ValueSet/doc-classcodes","",,,,"Composition.class",0,1,"","",".outboundRelationship[typeCode=""COMP].target[classCode=""LIST"", moodCode=""EVN""].code","n/a","class"
"Composition.subject","","","",1,1,"Y","","Y","Reference {[]} {[CanonicalType[http://ns.electronichealth.net.au/ci/fhir/3.0/StructureDefinition/patient-ident-1], CanonicalType[http://ns.electronichealth.net.au/ci/fhir/3.0/StructureDefinition/patient-mhr-1]]}
","Who and/or what the composition is about","Who or what the composition is about. The composition can be about a person, (patient or healthcare practitioner), a device (e.g. a machine) or even a group of subjects (such as a document about a herd of livestock, or a set of patients that share a common exposure).","For clinical documents, this is usually the patient.","Essential metadata for searching for the composition. Identifies who and/or what the composition/document is about.","","","","","","","",,,,,"",,,,"Composition.subject",1,1,"","",".participation[typeCode=""SBJ""].role[typeCode=""PAT""]",".recordTarget","who.focus"
"Composition.encounter","","","",0,1,"Y","","Y","Reference {[]} {[CanonicalType[http://ns.electronichealth.net.au/ci/fhir/3.0/StructureDefinition/encounter-es-1]]}
","Context of the Composition","Describes the clinical encounter or type of care this documentation is associated with.","","Provides context for the composition and supports searching.","","","","","","","",,,,,"",,,,"Composition.encounter",0,1,"","","unique(highest(./outboundRelationship[typeCode=""SUBJ"" and isNormalActRelationship()], priorityNumber)/target[moodCode=""EVN"" and classCode=(""ENC"", ""PCPR"") and isNormalAct])",".componentOf.encompassingEncounter","context"
"Composition.encounter.id","","","",0,1,"","","","string {[]} {[]}
","xml:id (or equivalent in JSON)","unique id for the element within a resource (for internal references). This may be any string value that does not contain spaces.","","","","","","","","","",,,,,"",,,,"Element.id",0,1,"","","n/a"
"Composition.encounter.extension","","extensions
user content","",0,*,"","","","Extension {[]} {[]}
","Additional Content defined by implementations","May be used to represent additional information that is not part of the basic definition of the element. In order to make the use of extensions safe and manageable, there is a strict set of governance  applied to the definition and use of extensions. Though any implementer is allowed to define an extension, there is a set of requirements that SHALL be met as part of the definition of the extension.","There can be no stigma associated with the use of extensions by any application, project, or standard - regardless of the institution or jurisdiction that uses or defines the extensions.  The use of extensions is what allows the FHIR specification to retain a core level of simplicity for everyone.","","","","","","","","",,,,,"","value:url}
","Extensions are always sliced by (at least) url",,"open","Element.extension",0,*,"","","n/a"
"Composition.encounter.reference","","","",1,1,"","","Y","string {[]} {[]}
","Literal reference, Relative, internal or absolute URL","A reference to a location at which the other resource is found. The reference may be a relative reference, in which case it is relative to the service base URL, or an absolute URL that resolves to the location where the resource is found. The reference may be version specific or not. If the reference is not to a FHIR RESTful server, then it should be assumed to be version specific. Internal fragment references (start with '#') refer to contained resources.","Using absolute URLs provides a stable scalable approach suitable for a cloud/web context, while using relative/logical references provides a flexible approach suitable for use when trading across closed eco-system boundaries.   Absolute URLs do not need to point to a FHIR RESTful server, though this is the preferred approach. If the URL conforms to the structure ""/[type]/[id]"" then it should be assumed that the reference is to a FHIR RESTful server.","","","","","","","","",,,,,"",,,,"Reference.reference",0,1,"ref-1
","","N/A"
"Composition.encounter.identifier","","","",0,1,"","","Y","Identifier {[]} {[]}
","Logical reference, when literal reference is not known","An identifier for the other resource. This is used when there is no way to reference the other resource directly, either because the entity is not available through a FHIR server, or because there is no way for the author of the resource to convert a known identifier to an actual location. There is no requirement that a Reference.identifier point to something that is actually exposed as a FHIR instance, but it SHALL point to a business concept that would be expected to be exposed as a FHIR instance, and that instance would need to be of a FHIR resource type allowed by the reference.","When an identifier is provided in place of a reference, any system processing the reference will only be able to resolve the identifier to a reference if it understands the business context in which the identifier is used. Sometimes this is global (e.g. a national identifier) but often it is not. For this reason, none of the useful mechanisms described for working with references (e.g. chaining, includes) are possible, nor should servers be expected to be able resolve the reference. Servers may accept an identifier based reference untouched, resolve it, and/or reject it - see CapabilityStatement.rest.resource.referencePolicy. 

When both an identifier and a literal reference are provided, the literal reference is preferred. Applications processing the resource are allowed - but not required - to check that the identifier matches the literal reference

Applications converting a logical reference to a literal reference may choose to leave the logical reference present, or remove it.","","","","","","","","",,,,,"",,,,"Reference.identifier",0,1,"","",".identifier"
"Composition.encounter.display","","","",0,1,"","","Y","string {[]} {[]}
","Text alternative for the resource","Plain text narrative that identifies the resource in addition to the resource reference.","This is generally not the same as the Resource.text of the referenced resource.  The purpose is to identify what's being referenced, not to fully describe it.","","","","","","","","",,,,,"",,,,"Reference.display",0,1,"","","N/A"
"Composition.date","","","",1,1,"Y","","Y","dateTime {[]} {[]}
","Composition editing time","The composition editing time, when the composition was last logically changed by the author.","The Last Modified Date on the composition may be after the date of the document was attested without being changed.","dateTime is used for tracking, organizing versions and searching.","","","","","","","",,,,,"",,,,"Composition.date",1,1,"","",".effectiveTime[type=""TS""]",".effectiveTime","when.done"
"Composition.author","","","",1,1,"Y","","Y","Reference {[]} {[CanonicalType[http://ns.electronichealth.net.au/ci/fhir/3.0/StructureDefinition/practitioner-ident-1]]}
","Practitioner referenced by composition author role","Identifies who is responsible for the information in the composition, not necessarily who typed it in.","","Identifies who is responsible for the content.","","","","","","","",,,,,"",,,,"Composition.author",1,*,"","",".participation[typeCode=""AUT""].role[classCode=""ASSIGNED""]",".author.assignedAuthor","who.author"
"Composition.title","","","",1,1,"Y","","Y","string {[]} {[]}
","Human Readable name/title","Official human-readable label for the composition.","For many compositions, the title is the same as the text or a display name of Composition.type (e.g. a ""consultation"" or ""progress note""). Note that CDA does not make title mandatory, but there are no known cases where it is useful for title to be omitted, so it is mandatory here. Feedback on this requirement is welcome during the trial use period.","","","","","","","","",,,,,"",,,,"Composition.title",1,1,"","","./title",".title"
"Composition.confidentiality","","","",0,0,"","Y","Y","code {[]} {[]}
","As defined by affinity domain","The code specifying the level of confidentiality of the Composition.","The exact use of this element, and enforcement and issues related to highly sensitive documents are out of scope for the base specification, and delegated to implementation profiles (see security section).

This element is labeled as a modifier because highly confidential documents must not be treated as if they are not.","","","","","","","","",,"required","Codes specifying the level of confidentiality of the composition.","http://hl7.org/fhir/ValueSet/v3-ConfidentialityClassification","",,,,"Composition.confidentiality",0,1,"","",".confidentialityCode",".confidentialityCode"
"Composition.attester","","","",1,*,"","","Y","BackboneElement {[]} {[]}
","Attests to accuracy of composition","A participant who has attested to the accuracy of the composition/document.","Only list each attester once.","Identifies responsibility for the accuracy of the composition content.","","","","","","","",,,,,"","value:mode}
","",,"open","Composition.attester",0,*,"","ele-1:All FHIR elements must have a @value or children {hasValue() | (children().count() > id.count())}
inv-com-0:Related party and party shall not coexist {(attester.extension('http://hl7.org.au/fhir/StructureDefinition/attester-related-party').exists() and attester.party.exists()).not()}",".participation[typeCode=""AUTHEN""].role[classCode=""ASSIGNED""]",".authenticator/.legalAuthenticator"
"Composition.attester.id","","","",0,1,"","","","string {[]} {[]}
","xml:id (or equivalent in JSON)","unique id for the element within a resource (for internal references). This may be any string value that does not contain spaces.","","","","","","","","","",,,,,"",,,,"Element.id",0,1,"","","n/a"
"Composition.attester.extension","","","",0,*,"","","","Extension {[]} {[]}
","Extension","An Extension","","","","","","","","","",,,,,"","value:url}
","",,"open","Element.extension",0,*,"",""
"Composition.attester.extension","attesterRelatedParty","","",0,1,"","","","Extension {[CanonicalType[http://hl7.org.au/fhir/StructureDefinition/attester-related-party]]} {[]}
","Related person that attested the composition","A related person that attested this composition.","","","","","","","","","",,,,,"",,,,"Element.extension",0,*,"ele-1
","ele-1:All FHIR elements must have a @value or children {hasValue() | (children().count() > id.count())}
ext-1:Must have either extensions or value[x], not both {extension.exists() != value.exists()}"
"Composition.attester.modifierExtension","","extensions
user contentmodifiers","",0,*,"","Y","Y","Extension {[]} {[]}
","Extensions that cannot be ignored","May be used to represent additional information that is not part of the basic definition of the element, and that modifies the understanding of the element that contains it. Usually modifier elements provide negation or qualification. In order to make the use of extensions safe and manageable, there is a strict set of governance applied to the definition and use of extensions. Though any implementer is allowed to define an extension, there is a set of requirements that SHALL be met as part of the definition of the extension. Applications processing a resource are required to check for modifier extensions.","There can be no stigma associated with the use of extensions by any application, project, or standard - regardless of the institution or jurisdiction that uses or defines the extensions.  The use of extensions is what allows the FHIR specification to retain a core level of simplicity for everyone.","","","","","","","","",,,,,"",,,,"BackboneElement.modifierExtension",0,*,"","","N/A"
"Composition.attester.mode","","","",1,*,"","","Y","code {[]} {[]}
","personal | professional | legal | official","The type of attestation the authenticator offers.","Use more than one code where a single attester has more than one mode (professional and legal are often paired).","Indicates the level of authority of the attestation.","","","","","","","",,"required","The way in which a person authenticated a composition.","http://hl7.org/fhir/ValueSet/composition-attestation-mode","",,,,"Composition.attester.mode",1,*,"","","unique(./modeCode)","implied by .authenticator/.legalAuthenticator"
"Composition.attester.time","","","",0,1,"","","Y","dateTime {[]} {[]}
","When the composition was attested","When the composition was attested by the party.","","Identifies when the information in the composition was deemed accurate.  (Things may have changed since then.).","","","","","","","",,,,,"",,,,"Composition.attester.time",0,1,"","","./time[type=""TS"" and isNormalDatatype()]",".authenticator.time"
"Composition.attester.party","","","",0,1,"","","Y","Reference {[]} {[CanonicalType[http://hl7.org/fhir/StructureDefinition/Patient], CanonicalType[http://hl7.org/fhir/StructureDefinition/Practitioner], CanonicalType[http://hl7.org/fhir/StructureDefinition/Organization]]}
","Who attested the composition","Who attested the composition in the specified way.","","Identifies who has taken on the responsibility for accuracy of the composition content.","","","","","","","",,,,,"",,,,"Composition.attester.party",0,1,"","","./role[classCode=""ASSIGNED"" and isNormalRole]/player[determinerCode=""INST"" and classCode=(""DEV"", ""PSN"") and isNormalEntity()] or ./role[classCode=""ASSIGNED"" and isNormalRole and not(player)]/scoper[determinerCode=""INST"" and classCode=""ORG"" and isNormalEntity()]",".authenticator.assignedEnttty","who.witness"
"Composition.attester","legalAttester","","",1,1,"Y","","Y","BackboneElement {[]} {[]}
","Legal Attester","A participant who has attested to the accuracy of the composition/document.","Only list each attester once.","Identifies responsibility for the accuracy of the composition content.","","","","","","","",,,,,"",,,,"Composition.attester",0,*,"","ele-1:All FHIR elements must have a @value or children {hasValue() | (children().count() > id.count())}
inv-com-0:Related party and party shall not coexist {(attester.extension('http://hl7.org.au/fhir/StructureDefinition/attester-related-party').exists() and attester.party.exists()).not()}inv-dh-cmp-13:The party shall at least have a reference or an identifier with at least a system and a value {party.reference.exists() or party.identifier.where(system.count() + value.count() > 1).exists()}",".participation[typeCode=""AUTHEN""].role[classCode=""ASSIGNED""]",".authenticator/.legalAuthenticator"
"Composition.attester.id","","","",0,1,"","","","string {[]} {[]}
","xml:id (or equivalent in JSON)","unique id for the element within a resource (for internal references). This may be any string value that does not contain spaces.","","","","","","","","","",,,,,"",,,,"Element.id",0,1,"","","n/a"
"Composition.attester.extension","","","",0,*,"","","","Extension {[]} {[]}
","Extension","An Extension","","","","","","","","","",,,,,"","value:url}
","",,"open","Element.extension",0,*,"",""
"Composition.attester.extension","attesterRelatedParty","","",0,1,"","","","Extension {[CanonicalType[http://hl7.org.au/fhir/StructureDefinition/attester-related-party]]} {[]}
","Related person that attested the composition","A related person that attested this composition.","","","","","","","","","",,,,,"",,,,"Element.extension",0,*,"ele-1
","ele-1:All FHIR elements must have a @value or children {hasValue() | (children().count() > id.count())}
ext-1:Must have either extensions or value[x], not both {extension.exists() != value.exists()}"
"Composition.attester.modifierExtension","","extensions
user contentmodifiers","",0,*,"","Y","Y","Extension {[]} {[]}
","Extensions that cannot be ignored","May be used to represent additional information that is not part of the basic definition of the element, and that modifies the understanding of the element that contains it. Usually modifier elements provide negation or qualification. In order to make the use of extensions safe and manageable, there is a strict set of governance applied to the definition and use of extensions. Though any implementer is allowed to define an extension, there is a set of requirements that SHALL be met as part of the definition of the extension. Applications processing a resource are required to check for modifier extensions.","There can be no stigma associated with the use of extensions by any application, project, or standard - regardless of the institution or jurisdiction that uses or defines the extensions.  The use of extensions is what allows the FHIR specification to retain a core level of simplicity for everyone.","","","","","","","","",,,,,"",,,,"BackboneElement.modifierExtension",0,*,"","","N/A"
"Composition.attester.mode","","","",1,1,"Y","","Y","code {[]} {[]}
","personal | professional | legal | official","The type of attestation the authenticator offers.","Use more than one code where a single attester has more than one mode (professional and legal are often paired).","Indicates the level of authority of the attestation.","","","<valueCode xmlns=""http://hl7.org/fhir"" value=""legal""/>","","","","",,"required","The way in which a person authenticated a composition.","http://hl7.org/fhir/ValueSet/composition-attestation-mode","",,,,"Composition.attester.mode",1,*,"","","unique(./modeCode)","implied by .authenticator/.legalAuthenticator"
"Composition.attester.time","","","",1,1,"Y","","Y","dateTime {[]} {[]}
","When the composition was attested","When the composition was attested by the party.","","Identifies when the information in the composition was deemed accurate.  (Things may have changed since then.).","","","","","","","",,,,,"",,,,"Composition.attester.time",0,1,"","","./time[type=""TS"" and isNormalDatatype()]",".authenticator.time"
"Composition.attester.party","","","",1,1,"Y","","Y","Reference {[]} {[CanonicalType[http://ns.electronichealth.net.au/ci/fhir/3.0/StructureDefinition/practitioner-ident-1]]}
","Who attested the composition","Who attested the composition in the specified way.","","Identifies who has taken on the responsibility for accuracy of the composition content.","","","","","","","",,,,,"",,,,"Composition.attester.party",0,1,"","","./role[classCode=""ASSIGNED"" and isNormalRole]/player[determinerCode=""INST"" and classCode=(""DEV"", ""PSN"") and isNormalEntity()] or ./role[classCode=""ASSIGNED"" and isNormalRole and not(player)]/scoper[determinerCode=""INST"" and classCode=""ORG"" and isNormalEntity()]",".authenticator.assignedEnttty","who.witness"
"Composition.custodian","","","",1,1,"Y","","Y","Reference {[]} {[CanonicalType[http://ns.electronichealth.net.au/ci/fhir/3.0/StructureDefinition/organization-ident-1]]}
","Organization which maintains the composition","Identifies the organization or group who is responsible for ongoing maintenance of and access to the composition/document information.","This is useful when documents are derived from a composition - provides guidance for how to get the latest version of the document. This is optional because this is sometimes not known by the authoring system, and can be inferred by context. However, it is important that this information be known when working with a derived document, so providing a custodian is encouraged.","Identifies where to go to find the current version, where to report issues, etc.","","","","","","","",,,,,"",,,,"Composition.custodian",0,1,"","",".participation[typeCode=""RCV""].role[classCode=""CUST""].scoper[classCode=""ORG"" and determinerCode=""INST""]",".custodian.assignedCustodian"
"Composition.relatesTo","","","",0,*,"","","Y","BackboneElement {[]} {[]}
","Relationships to other compositions/documents","Relationships that this composition has with other compositions or documents that already exist.","A document is a version specific composition.","","","","","","","","",,,,,"",,,,"Composition.relatesTo",0,*,"","ele-1:All FHIR elements must have a @value or children {hasValue() | (children().count() > id.count())}
",".outboundRelationship",".relatedDocument"
"Composition.relatesTo.id","","","",0,1,"","","","string {[]} {[]}
","xml:id (or equivalent in JSON)","unique id for the element within a resource (for internal references). This may be any string value that does not contain spaces.","","","","","","","","","",,,,,"",,,,"Element.id",0,1,"","","n/a"
"Composition.relatesTo.extension","","extensions
user content","",0,*,"","","","Extension {[]} {[]}
","Additional Content defined by implementations","May be used to represent additional information that is not part of the basic definition of the element. In order to make the use of extensions safe and manageable, there is a strict set of governance  applied to the definition and use of extensions. Though any implementer is allowed to define an extension, there is a set of requirements that SHALL be met as part of the definition of the extension.","There can be no stigma associated with the use of extensions by any application, project, or standard - regardless of the institution or jurisdiction that uses or defines the extensions.  The use of extensions is what allows the FHIR specification to retain a core level of simplicity for everyone.","","","","","","","","",,,,,"",,,,"Element.extension",0,*,"","","n/a"
"Composition.relatesTo.modifierExtension","","extensions
user contentmodifiers","",0,*,"","Y","Y","Extension {[]} {[]}
","Extensions that cannot be ignored","May be used to represent additional information that is not part of the basic definition of the element, and that modifies the understanding of the element that contains it. Usually modifier elements provide negation or qualification. In order to make the use of extensions safe and manageable, there is a strict set of governance applied to the definition and use of extensions. Though any implementer is allowed to define an extension, there is a set of requirements that SHALL be met as part of the definition of the extension. Applications processing a resource are required to check for modifier extensions.","There can be no stigma associated with the use of extensions by any application, project, or standard - regardless of the institution or jurisdiction that uses or defines the extensions.  The use of extensions is what allows the FHIR specification to retain a core level of simplicity for everyone.","","","","","","","","",,,,,"",,,,"BackboneElement.modifierExtension",0,*,"","","N/A"
"Composition.relatesTo.code","","","",1,1,"","","Y","code {[]} {[]}
","replaces | transforms | signs | appends","The type of relationship that this composition has with anther composition or document.","If this document appends another document, then the document cannot be fully understood without also accessing the referenced document.","","","","","","","","",,"required","The type of relationship between documents.","http://hl7.org/fhir/ValueSet/document-relationship-type","",,,,"Composition.relatesTo.code",1,1,"","",".outboundRelationship.typeCode",".relatedDocument.typeCode"
"Composition.relatesTo.target[x]","","","",1,1,"","","Y","Identifier {[]} {[]}
Reference {[]} {[CanonicalType[http://hl7.org/fhir/StructureDefinition/Composition]]}","Target of the relationship","The target composition/document of this relationship.","","","","","","","","","",,,,,"",,,,"Composition.relatesTo.target[x]",1,1,"","",".target[classCode=""DOC"", moodCode=""EVN""].id",".relatedDocument.id"
"Composition.event","","","",0,*,"","","Y","BackboneElement {[]} {[]}
","The clinical service(s) being documented","The clinical service, such as a colonoscopy or an appendectomy, being documented.","The event needs to be consistent with the type element, though can provide further information if desired.","Provides context for the composition and creates a linkage between a resource describing an event and the composition created describing the event.","","","","","","","",,,,,"",,,,"Composition.event",0,*,"","ele-1:All FHIR elements must have a @value or children {hasValue() | (children().count() > id.count())}
","outboundRelationship[typeCode=""SUBJ""].target[classCode<'ACT']",".documentationOf.serviceEvent"
"Composition.event.id","","","",0,1,"","","","string {[]} {[]}
","xml:id (or equivalent in JSON)","unique id for the element within a resource (for internal references). This may be any string value that does not contain spaces.","","","","","","","","","",,,,,"",,,,"Element.id",0,1,"","","n/a"
"Composition.event.extension","","extensions
user content","",0,*,"","","","Extension {[]} {[]}
","Additional Content defined by implementations","May be used to represent additional information that is not part of the basic definition of the element. In order to make the use of extensions safe and manageable, there is a strict set of governance  applied to the definition and use of extensions. Though any implementer is allowed to define an extension, there is a set of requirements that SHALL be met as part of the definition of the extension.","There can be no stigma associated with the use of extensions by any application, project, or standard - regardless of the institution or jurisdiction that uses or defines the extensions.  The use of extensions is what allows the FHIR specification to retain a core level of simplicity for everyone.","","","","","","","","",,,,,"",,,,"Element.extension",0,*,"","","n/a"
"Composition.event.modifierExtension","","extensions
user contentmodifiers","",0,*,"","Y","Y","Extension {[]} {[]}
","Extensions that cannot be ignored","May be used to represent additional information that is not part of the basic definition of the element, and that modifies the understanding of the element that contains it. Usually modifier elements provide negation or qualification. In order to make the use of extensions safe and manageable, there is a strict set of governance applied to the definition and use of extensions. Though any implementer is allowed to define an extension, there is a set of requirements that SHALL be met as part of the definition of the extension. Applications processing a resource are required to check for modifier extensions.","There can be no stigma associated with the use of extensions by any application, project, or standard - regardless of the institution or jurisdiction that uses or defines the extensions.  The use of extensions is what allows the FHIR specification to retain a core level of simplicity for everyone.","","","","","","","","",,,,,"",,,,"BackboneElement.modifierExtension",0,*,"","","N/A"
"Composition.event.code","","","",0,*,"","","Y","CodeableConcept {[]} {[]}
","Code(s) that apply to the event being documented","This list of codes represents the main clinical acts, such as a colonoscopy or an appendectomy, being documented. In some cases, the event is inherent in the typeCode, such as a ""History and Physical Report"" in which the procedure being documented is necessarily a ""History and Physical"" act.","An event can further specialize the act inherent in the typeCode, such as where it is simply ""Procedure Report"" and the procedure was a ""colonoscopy"". If one or more eventCodes are included, they SHALL NOT conflict with the values inherent in the classCode, practiceSettingCode or typeCode, as such a conflict would create an ambiguous situation. This short list of codes is provided to be used as key words for certain types of queries.","","","","","","","","",,"example","This list of codes represents the main clinical acts being documented.","http://hl7.org/fhir/ValueSet/v3-ActCode","",,,,"Composition.event.code",0,*,"","",".code",".code"
"Composition.event.period","","","",0,1,"","","Y","Period {[]} {[]}
","The period covered by the documentation","The period of time covered by the documentation. There is no assertion that the documentation is a complete representation for this period, only that it documents events during this time.","","","","","","","","","",,,,,"",,,,"Composition.event.period",0,1,"","",".effectiveTime",".effectiveTime"
"Composition.event.detail","","","",0,*,"","","Y","Reference {[]} {[CanonicalType[http://hl7.org/fhir/StructureDefinition/Resource]]}
","The event(s) being documented","The description and/or reference of the event(s) being documented. For example, this could be used to document such a colonoscopy or an appendectomy.","","","","","","","","","",,,,,"",,,,"Composition.event.detail",0,*,"","",".outboundRelationship[typeCode=""SUBJ""].target","n/a"
"Composition.section","","","",1,*,"","","","BackboneElement {[]} {[]}
","Composition is broken into sections","The root of the sections that make up the composition.","","","","","","","","","",,,,,"","value:code}
","",,"open","Composition.section",0,*,"","ele-1:All FHIR elements must have a @value or children {hasValue() | (children().count() > id.count())}
cmp-1:A section must at least one of text, entries, or sub-sections {text.exists() or entry.exists() or section.exists()}cmp-2:A section can only have an emptyReason if it is empty {emptyReason.empty() or entry.empty()}","./outboundRelationship[typeCode=""COMP"" and isNormalActRelationship()]/target[moodCode=""EVN"" and classCode=""DOCSECT"" and isNormalAct]",".component.structuredBody.component.section"
"Composition.section.id","","","",0,1,"","","","string {[]} {[]}
","xml:id (or equivalent in JSON)","unique id for the element within a resource (for internal references). This may be any string value that does not contain spaces.","","","","","","","","","",,,,,"",,,,"Element.id",0,1,"","","n/a"
"Composition.section.extension","","","",0,*,"","","","Extension {[]} {[]}
","Extension","An Extension","","","","","","","","","",,,,,"","value:url}
","",,"open","Element.extension",0,*,"",""
"Composition.section.extension","sectionAuthor","","",0,*,"","","","Extension {[CanonicalType[http://hl7.org.au/fhir/StructureDefinition/section-author]]} {[]}
","Who and/or what authored the section","Identifies who is responsible for the information in this section, not necessarily who typed it in.","","","","","","","","","",,,,,"",,,,"Element.extension",0,*,"ele-1
","ele-1:All FHIR elements must have a @value or children {hasValue() | (children().count() > id.count())}
ext-1:Must have either extensions or value[x], not both {extension.exists() != value.exists()}"
"Composition.section.modifierExtension","","extensions
user contentmodifiers","",0,*,"","Y","Y","Extension {[]} {[]}
","Extensions that cannot be ignored","May be used to represent additional information that is not part of the basic definition of the element, and that modifies the understanding of the element that contains it. Usually modifier elements provide negation or qualification. In order to make the use of extensions safe and manageable, there is a strict set of governance applied to the definition and use of extensions. Though any implementer is allowed to define an extension, there is a set of requirements that SHALL be met as part of the definition of the extension. Applications processing a resource are required to check for modifier extensions.","There can be no stigma associated with the use of extensions by any application, project, or standard - regardless of the institution or jurisdiction that uses or defines the extensions.  The use of extensions is what allows the FHIR specification to retain a core level of simplicity for everyone.","","","","","","","","",,,,,"",,,,"BackboneElement.modifierExtension",0,*,"","","N/A"
"Composition.section.title","","header
labelcaption","",0,1,"","","","string {[]} {[]}
","Label for section (e.g. for ToC)","The label for this particular section.  This will be part of the rendered content for the document, and is often used to build a table of contents.","The title identifies the section for a human reader. The title must be consistent with the narrative of the resource that is the target of the section.content reference. Generally, sections SHOULD have titles, but in some documents, it is unnecessary or inappropriate. Typically, this is where a section has subsections that have their own adequately distinguishing title,  or documents that only have a single section. Most Implementation Guides will make section title to be a required element.","Section headings are often standardized for different types of documents.  They give guidance to humans on how the document is organized.","","","","","","","",,,,,"",,,,"Composition.section.title",0,1,"","","./title",".title"
"Composition.section.code","","","",0,1,"","","","CodeableConcept {[]} {[]}
","Classification of section (recommended)","A code identifying the kind of content contained within the section. This must be consistent with the section title.","The code identifies the section for an automated processor of the document. This is particularly relevant when using profiles to control the structure of the document.   If the section has content (instead of sub-sections), the section.code does not change the meaning or interpretation of the resource that is the content of the section in the comments for the section.code.","Provides computable standardized labels to topics within the document.","","","","","","","",,"example","Classification of a section of a composition/document.","http://hl7.org/fhir/ValueSet/doc-section-codes","",,,,"Composition.section.code",0,1,"","","./code",".code"
"Composition.section.text","","","",0,1,"","","","Narrative {[]} {[]}
","Text summary of the section, for human interpretation","A human-readable narrative that contains the attested content of the section, used to represent the content of the resource to a human. The narrative need not encode all the structured data, but is required to contain sufficient detail to make it ""clinically safe"" for a human to just read the narrative.","Document profiles may define what content should be represented in the narrative to ensure clinical safety.","","","","","","","","",,,,,"",,,,"Composition.section.text",0,1,"cmp-1
","",".text",".text"
"Composition.section.mode","","","",0,1,"","Y","Y","code {[]} {[]}
","working | snapshot | changes","How the entry list was prepared - whether it is a working list that is suitable for being maintained on an ongoing basis, or if it represents a snapshot of a list of items from another source, or whether it is a prepared list where items may be marked as added, modified or deleted.","This element is labeled as a modifier because a change list must not be mis-understood as a complete list.","Sections are used in various ways, and it must be known in what way it is safe to use the entries in them.","","","","","","","",,"required","The processing mode that applies to this section.","http://hl7.org/fhir/ValueSet/list-mode","",,,,"Composition.section.mode",0,1,"","",".outBoundRelationship[typeCode=COMP].target[classCode=OBS""].value","n/a","class"
"Composition.section.orderedBy","","","",0,1,"","","","CodeableConcept {[]} {[]}
","Order of section entries","Specifies the order applied to the items in the section entries.","Applications SHOULD render ordered lists in the order provided, but MAY allow users to re-order based on their own preferences as well. If there is no order specified, the order is unknown, though there may still be some order.","Important for presentation and rendering.  Lists may be sorted to place more important information first or to group related entries.","","","","","","","",,"preferred","What order applies to the items in the entry.","http://hl7.org/fhir/ValueSet/list-order","",,,,"Composition.section.orderedBy",0,1,"","",".outboundRelationship[typeCode=COMP].sequenceNumber > 1","n/a"
"Composition.section.entry","","","",0,*,"","","","Reference {[]} {[CanonicalType[http://hl7.org/fhir/StructureDefinition/Resource]]}
","A reference to data that supports this section","A reference to the actual resource from which the narrative in the section is derived.","If there are no entries in the list, an emptyReason SHOULD be provided.","","","","","","","","",,,,,"",,,,"Composition.section.entry",0,*,"cmp-2
","",".outboundRelationship[typeCode=COMP] or  .participation[typeCode=SBJ]",".entry"
"Composition.section.emptyReason","","","",0,1,"","","","CodeableConcept {[]} {[]}
","Why the section is empty","If the section is empty, why the list is empty. An empty section typically has some text explaining the empty reason.","The various reasons for an empty section make a significant interpretation to its interpretation. Note that this code is for use when the entire section content has been suppressed, and not for when individual items are omitted - implementers may consider using a text note or a flag on an entry in these cases.","Allows capturing things like ""none exist"" or ""not asked"" which can be important for most lists.","","","","","","","",,"preferred","If a section is empty, why it is empty.","http://hl7.org/fhir/ValueSet/list-empty-reason","",,,,"Composition.section.emptyReason",0,1,"cmp-2
","",".inboundRelationship[typeCode=SUBJ,code<{ListEmptyReason}].value[type=CD]","n/a"
"Composition.section.section","","","",0,*,"","","","","Nested Section","A nested sub-section within this section.","Nested sections are primarily used to help human readers navigate to particular portions of the document.","","","","","","","","",,,,,"",,,,"Composition.section.section",0,*,"cmp-1
","","./outboundRelationship[typeCode=""COMP"" and isNormalActRelationship()]/target[moodCode=""EVN"" and classCode=""DOCSECT"" and isNormalAct]",".component.section"
"Composition.section","allergies","","",0,1,"Y","","","BackboneElement {[]} {[]}
","Allergies","Information about allergies or intolerances. Information may include allergies or intolerances that have been identified or reported, or may include statements that a patient is not known to have an allergy or category of allergies.","","","","","","","","","",,,,,"",,,,"Composition.section",0,*,"","ele-1:All FHIR elements must have a @value or children {hasValue() | (children().count() > id.count())}
cmp-1:A section must at least one of text, entries, or sub-sections {text.exists() or entry.exists() or section.exists()}cmp-2:A section can only have an emptyReason if it is empty {emptyReason.empty() or entry.empty()}inv-dh-cmp-14:The section shall at least have one entry or an empty reason, but not both {entry.exists() xor emptyReason.exists()}","./outboundRelationship[typeCode=""COMP"" and isNormalActRelationship()]/target[moodCode=""EVN"" and classCode=""DOCSECT"" and isNormalAct]",".component.structuredBody.component.section"
"Composition.section.id","","","",0,1,"","","","string {[]} {[]}
","xml:id (or equivalent in JSON)","unique id for the element within a resource (for internal references). This may be any string value that does not contain spaces.","","","","","","","","","",,,,,"",,,,"Element.id",0,1,"","","n/a"
"Composition.section.extension","","","",0,*,"","","","Extension {[]} {[]}
","Extension","An Extension","","","","","","","","","",,,,,"","value:url}
","",,"open","Element.extension",0,*,"",""
"Composition.section.extension","sectionAuthor","","",0,*,"","","","Extension {[CanonicalType[http://hl7.org.au/fhir/StructureDefinition/section-author]]} {[]}
","Who and/or what authored the section","Identifies who is responsible for the information in this section, not necessarily who typed it in.","","","","","","","","","",,,,,"",,,,"Element.extension",0,*,"ele-1
","ele-1:All FHIR elements must have a @value or children {hasValue() | (children().count() > id.count())}
ext-1:Must have either extensions or value[x], not both {extension.exists() != value.exists()}"
"Composition.section.modifierExtension","","extensions
user contentmodifiers","",0,*,"","Y","Y","Extension {[]} {[]}
","Extensions that cannot be ignored","May be used to represent additional information that is not part of the basic definition of the element, and that modifies the understanding of the element that contains it. Usually modifier elements provide negation or qualification. In order to make the use of extensions safe and manageable, there is a strict set of governance applied to the definition and use of extensions. Though any implementer is allowed to define an extension, there is a set of requirements that SHALL be met as part of the definition of the extension. Applications processing a resource are required to check for modifier extensions.","There can be no stigma associated with the use of extensions by any application, project, or standard - regardless of the institution or jurisdiction that uses or defines the extensions.  The use of extensions is what allows the FHIR specification to retain a core level of simplicity for everyone.","","","","","","","","",,,,,"",,,,"BackboneElement.modifierExtension",0,*,"","","N/A"
"Composition.section.title","","header
labelcaption","",1,1,"Y","","","string {[]} {[]}
","Label for section (e.g. for ToC)","The label for this particular section.  This will be part of the rendered content for the document, and is often used to build a table of contents.","The title identifies the section for a human reader. The title must be consistent with the narrative of the resource that is the target of the section.content reference. Generally, sections SHOULD have titles, but in some documents, it is unnecessary or inappropriate. Typically, this is where a section has subsections that have their own adequately distinguishing title,  or documents that only have a single section. Most Implementation Guides will make section title to be a required element.","Section headings are often standardized for different types of documents.  They give guidance to humans on how the document is organized.","","","","","","","",,,,,"",,,,"Composition.section.title",0,1,"","","./title",".title"
"Composition.section.code","","","",1,1,"Y","","","CodeableConcept {[]} {[]}
","Classification of section (recommended)","A code identifying the kind of content contained within the section. This must be consistent with the section title.","The code identifies the section for an automated processor of the document. This is particularly relevant when using profiles to control the structure of the document.   If the section has content (instead of sub-sections), the section.code does not change the meaning or interpretation of the resource that is the content of the section in the comments for the section.code.","Provides computable standardized labels to topics within the document.","","","<valueCodeableConcept xmlns=""http://hl7.org/fhir"">
  <coding>
    <system value=""http://loinc.org""/>
    <code value=""48765-2""/>
  </coding>
</valueCodeableConcept>","","","","",,"example","Classification of a section of a composition/document.","http://hl7.org/fhir/ValueSet/doc-section-codes","",,,,"Composition.section.code",0,1,"","","./code",".code"
"Composition.section.text","","","",1,1,"Y","","","Narrative {[]} {[]}
","Text summary of the section, for human interpretation","A human-readable narrative that contains the attested content of the section, used to represent the content of the resource to a human. The narrative need not encode all the structured data, but is required to contain sufficient detail to make it ""clinically safe"" for a human to just read the narrative.","Document profiles may define what content should be represented in the narrative to ensure clinical safety.","","","","","","","","",,,,,"",,,,"Composition.section.text",0,1,"cmp-1
","",".text",".text"
"Composition.section.mode","","","",0,1,"","Y","Y","code {[]} {[]}
","working | snapshot | changes","How the entry list was prepared - whether it is a working list that is suitable for being maintained on an ongoing basis, or if it represents a snapshot of a list of items from another source, or whether it is a prepared list where items may be marked as added, modified or deleted.","This element is labeled as a modifier because a change list must not be mis-understood as a complete list.","Sections are used in various ways, and it must be known in what way it is safe to use the entries in them.","","","<valueCode xmlns=""http://hl7.org/fhir"" value=""snapshot""/>","","","","",,"required","The processing mode that applies to this section.","http://hl7.org/fhir/ValueSet/list-mode","",,,,"Composition.section.mode",0,1,"","",".outBoundRelationship[typeCode=COMP].target[classCode=OBS""].value","n/a","class"
"Composition.section.orderedBy","","","",0,1,"","","","CodeableConcept {[]} {[]}
","Order of section entries","Specifies the order applied to the items in the section entries.","Applications SHOULD render ordered lists in the order provided, but MAY allow users to re-order based on their own preferences as well. If there is no order specified, the order is unknown, though there may still be some order.","Important for presentation and rendering.  Lists may be sorted to place more important information first or to group related entries.","","","","","","","",,"preferred","What order applies to the items in the entry.","http://hl7.org/fhir/ValueSet/list-order","",,,,"Composition.section.orderedBy",0,1,"","",".outboundRelationship[typeCode=COMP].sequenceNumber > 1","n/a"
"Composition.section.entry","","","",0,*,"Y","","","Reference {[]} {[CanonicalType[http://ns.electronichealth.net.au/ci/fhir/3.0/StructureDefinition/allergyintolerance-summary-1]]}
","Allergies and/or intolerances","A reference to the actual resource from which the narrative in the section is derived.","If there are no entries in the list, an emptyReason SHOULD be provided.","","","","","","","","",,,,,"",,,,"Composition.section.entry",0,*,"cmp-2
","",".outboundRelationship[typeCode=COMP] or  .participation[typeCode=SBJ]",".entry"
"Composition.section.entry.id","","","",0,1,"","","","string {[]} {[]}
","xml:id (or equivalent in JSON)","unique id for the element within a resource (for internal references). This may be any string value that does not contain spaces.","","","","","","","","","",,,,,"",,,,"Element.id",0,1,"","","n/a"
"Composition.section.entry.extension","","extensions
user content","",0,*,"","","","Extension {[]} {[]}
","Additional Content defined by implementations","May be used to represent additional information that is not part of the basic definition of the element. In order to make the use of extensions safe and manageable, there is a strict set of governance  applied to the definition and use of extensions. Though any implementer is allowed to define an extension, there is a set of requirements that SHALL be met as part of the definition of the extension.","There can be no stigma associated with the use of extensions by any application, project, or standard - regardless of the institution or jurisdiction that uses or defines the extensions.  The use of extensions is what allows the FHIR specification to retain a core level of simplicity for everyone.","","","","","","","","",,,,,"","value:url}
","Extensions are always sliced by (at least) url",,"open","Element.extension",0,*,"","","n/a"
"Composition.section.entry.reference","","","",1,1,"","","Y","string {[]} {[]}
","Literal reference, Relative, internal or absolute URL","A reference to a location at which the other resource is found. The reference may be a relative reference, in which case it is relative to the service base URL, or an absolute URL that resolves to the location where the resource is found. The reference may be version specific or not. If the reference is not to a FHIR RESTful server, then it should be assumed to be version specific. Internal fragment references (start with '#') refer to contained resources.","Using absolute URLs provides a stable scalable approach suitable for a cloud/web context, while using relative/logical references provides a flexible approach suitable for use when trading across closed eco-system boundaries.   Absolute URLs do not need to point to a FHIR RESTful server, though this is the preferred approach. If the URL conforms to the structure ""/[type]/[id]"" then it should be assumed that the reference is to a FHIR RESTful server.","","","","","","","","",,,,,"",,,,"Reference.reference",0,1,"ref-1
","","N/A"
"Composition.section.entry.identifier","","","",0,1,"","","Y","Identifier {[]} {[]}
","Logical reference, when literal reference is not known","An identifier for the other resource. This is used when there is no way to reference the other resource directly, either because the entity is not available through a FHIR server, or because there is no way for the author of the resource to convert a known identifier to an actual location. There is no requirement that a Reference.identifier point to something that is actually exposed as a FHIR instance, but it SHALL point to a business concept that would be expected to be exposed as a FHIR instance, and that instance would need to be of a FHIR resource type allowed by the reference.","When an identifier is provided in place of a reference, any system processing the reference will only be able to resolve the identifier to a reference if it understands the business context in which the identifier is used. Sometimes this is global (e.g. a national identifier) but often it is not. For this reason, none of the useful mechanisms described for working with references (e.g. chaining, includes) are possible, nor should servers be expected to be able resolve the reference. Servers may accept an identifier based reference untouched, resolve it, and/or reject it - see CapabilityStatement.rest.resource.referencePolicy. 

When both an identifier and a literal reference are provided, the literal reference is preferred. Applications processing the resource are allowed - but not required - to check that the identifier matches the literal reference

Applications converting a logical reference to a literal reference may choose to leave the logical reference present, or remove it.","","","","","","","","",,,,,"",,,,"Reference.identifier",0,1,"","",".identifier"
"Composition.section.entry.display","","","",0,1,"","","Y","string {[]} {[]}
","Text alternative for the resource","Plain text narrative that identifies the resource in addition to the resource reference.","This is generally not the same as the Resource.text of the referenced resource.  The purpose is to identify what's being referenced, not to fully describe it.","","","","","","","","",,,,,"",,,,"Reference.display",0,1,"","","N/A"
"Composition.section.emptyReason","","","",0,1,"Y","","","CodeableConcept {[]} {[]}
","Why the section is empty","If the section is empty, why the list is empty. An empty section typically has some text explaining the empty reason.","The various reasons for an empty section make a significant interpretation to its interpretation. Note that this code is for use when the entire section content has been suppressed, and not for when individual items are omitted - implementers may consider using a text note or a flag on an entry in these cases.","Allows capturing things like ""none exist"" or ""not asked"" which can be important for most lists.","","","","","","","",,"required","","https://healthterminologies.gov.au/fhir/ValueSet/non-clinical-empty-reason-1","",,,,"Composition.section.emptyReason",0,1,"cmp-2
","",".inboundRelationship[typeCode=SUBJ,code<{ListEmptyReason}].value[type=CD]","n/a"
"Composition.section.section","","","",0,*,"","","","","Nested Section","A nested sub-section within this section.","Nested sections are primarily used to help human readers navigate to particular portions of the document.","","","","","","","","",,,,,"",,,,"Composition.section.section",0,*,"cmp-1
","","./outboundRelationship[typeCode=""COMP"" and isNormalActRelationship()]/target[moodCode=""EVN"" and classCode=""DOCSECT"" and isNormalAct]",".component.section"
"Composition.section","medications","","",1,*,"Y","","","BackboneElement {[]} {[]}
","Medicines List","Information about medicines. This may include self-prescribed, clinician prescribed and nonprescription medicines, as well as all regular, intermittent and as required medicines pertinent to a patient. Information may also include changes to the therapy, including dose changes, new medicines and ceased medicines.","","","","","","","","","",,,,,"",,,,"Composition.section",0,*,"","ele-1:All FHIR elements must have a @value or children {hasValue() | (children().count() > id.count())}
cmp-1:A section must at least one of text, entries, or sub-sections {text.exists() or entry.exists() or section.exists()}cmp-2:A section can only have an emptyReason if it is empty {emptyReason.empty() or entry.empty()}inv-dh-cmp-15:The section shall at least have one entry or an empty reason, but not both {entry.exists() xor emptyReason.exists()}inv-dh-cmp-19:A Ceased Medicines section shall not have an assertion of no relevant finding entry {code.coding.where(code='101.32027').exists() implies entry.reference.resolve().where($this is Observation).exists().not()}inv-dh-cmp-16:If present, the assertion of no relevant finding entry shall assert no known current medications {entry.resolve().where($this is Observation ).exists() implies entry.resolve().where($this is value and value.coding.code = '1234391000168107').exists()}inv-dh-cmp-17:If present, a list shall have the same code as the section {entry.resolve().where($this is List).exists() implies ((entry.resolve().code.coding.code) = code.coding.code)}","./outboundRelationship[typeCode=""COMP"" and isNormalActRelationship()]/target[moodCode=""EVN"" and classCode=""DOCSECT"" and isNormalAct]",".component.structuredBody.component.section"
"Composition.section.id","","","",0,1,"","","","string {[]} {[]}
","xml:id (or equivalent in JSON)","unique id for the element within a resource (for internal references). This may be any string value that does not contain spaces.","","","","","","","","","",,,,,"",,,,"Element.id",0,1,"","","n/a"
"Composition.section.extension","","","",0,*,"","","","Extension {[]} {[]}
","Extension","An Extension","","","","","","","","","",,,,,"","value:url}
","",,"open","Element.extension",0,*,"",""
"Composition.section.extension","sectionAuthor","","",0,*,"","","","Extension {[CanonicalType[http://hl7.org.au/fhir/StructureDefinition/section-author]]} {[]}
","Who and/or what authored the section","Identifies who is responsible for the information in this section, not necessarily who typed it in.","","","","","","","","","",,,,,"",,,,"Element.extension",0,*,"ele-1
","ele-1:All FHIR elements must have a @value or children {hasValue() | (children().count() > id.count())}
ext-1:Must have either extensions or value[x], not both {extension.exists() != value.exists()}"
"Composition.section.modifierExtension","","extensions
user contentmodifiers","",0,*,"","Y","Y","Extension {[]} {[]}
","Extensions that cannot be ignored","May be used to represent additional information that is not part of the basic definition of the element, and that modifies the understanding of the element that contains it. Usually modifier elements provide negation or qualification. In order to make the use of extensions safe and manageable, there is a strict set of governance applied to the definition and use of extensions. Though any implementer is allowed to define an extension, there is a set of requirements that SHALL be met as part of the definition of the extension. Applications processing a resource are required to check for modifier extensions.","There can be no stigma associated with the use of extensions by any application, project, or standard - regardless of the institution or jurisdiction that uses or defines the extensions.  The use of extensions is what allows the FHIR specification to retain a core level of simplicity for everyone.","","","","","","","","",,,,,"",,,,"BackboneElement.modifierExtension",0,*,"","","N/A"
"Composition.section.title","","header
labelcaption","",1,1,"Y","","","string {[]} {[]}
","Label for section (e.g. for ToC)","The label for this particular section.  This will be part of the rendered content for the document, and is often used to build a table of contents.","The title identifies the section for a human reader. The title must be consistent with the narrative of the resource that is the target of the section.content reference. Generally, sections SHOULD have titles, but in some documents, it is unnecessary or inappropriate. Typically, this is where a section has subsections that have their own adequately distinguishing title,  or documents that only have a single section. Most Implementation Guides will make section title to be a required element.","Section headings are often standardized for different types of documents.  They give guidance to humans on how the document is organized.","","","","","","","",,,,,"",,,,"Composition.section.title",0,1,"","","./title",".title"
"Composition.section.code","","","",1,1,"Y","","","CodeableConcept {[]} {[]}
","Classification of section (recommended)","A code identifying the kind of content contained within the section. This must be consistent with the section title.","The code identifies the section for an automated processor of the document. This is particularly relevant when using profiles to control the structure of the document.   If the section has content (instead of sub-sections), the section.code does not change the meaning or interpretation of the resource that is the content of the section in the comments for the section.code.","Provides computable standardized labels to topics within the document.","","","","","","","",,"required","","https://healthterminologies.gov.au/fhir/ValueSet/history-of-medication-use-list-type-1","",,,,"Composition.section.code",0,1,"","","./code",".code"
"Composition.section.text","","","",1,1,"Y","","","Narrative {[]} {[]}
","Text summary of the section, for human interpretation","A human-readable narrative that contains the attested content of the section, used to represent the content of the resource to a human. The narrative need not encode all the structured data, but is required to contain sufficient detail to make it ""clinically safe"" for a human to just read the narrative.","Document profiles may define what content should be represented in the narrative to ensure clinical safety.","","","","","","","","",,,,,"",,,,"Composition.section.text",0,1,"cmp-1
","",".text",".text"
"Composition.section.mode","","","",0,1,"","Y","Y","code {[]} {[]}
","working | snapshot | changes","How the entry list was prepared - whether it is a working list that is suitable for being maintained on an ongoing basis, or if it represents a snapshot of a list of items from another source, or whether it is a prepared list where items may be marked as added, modified or deleted.","This element is labeled as a modifier because a change list must not be mis-understood as a complete list.","Sections are used in various ways, and it must be known in what way it is safe to use the entries in them.","","","<valueCode xmlns=""http://hl7.org/fhir"" value=""snapshot""/>","","","","",,"required","The processing mode that applies to this section.","http://hl7.org/fhir/ValueSet/list-mode","",,,,"Composition.section.mode",0,1,"","",".outBoundRelationship[typeCode=COMP].target[classCode=OBS""].value","n/a","class"
"Composition.section.orderedBy","","","",0,1,"","","","CodeableConcept {[]} {[]}
","Order of section entries","Specifies the order applied to the items in the section entries.","Applications SHOULD render ordered lists in the order provided, but MAY allow users to re-order based on their own preferences as well. If there is no order specified, the order is unknown, though there may still be some order.","Important for presentation and rendering.  Lists may be sorted to place more important information first or to group related entries.","","","","","","","",,"preferred","What order applies to the items in the entry.","http://hl7.org/fhir/ValueSet/list-order","",,,,"Composition.section.orderedBy",0,1,"","",".outboundRelationship[typeCode=COMP].sequenceNumber > 1","n/a"
"Composition.section.entry","","","",0,1,"Y","","","Reference {[]} {[CanonicalType[http://ns.electronichealth.net.au/ci/fhir/3.0/StructureDefinition/list-sml-pracchanges-1], CanonicalType[http://ns.electronichealth.net.au/ci/fhir/3.0/StructureDefinition/observation-norelevantfinding-1]]}
","Medicines list with change information","A reference to the actual resource from which the narrative in the section is derived.","If there are no entries in the list, an emptyReason SHOULD be provided.","","","","","","","","",,,,,"",,,,"Composition.section.entry",0,*,"cmp-2
","",".outboundRelationship[typeCode=COMP] or  .participation[typeCode=SBJ]",".entry"
"Composition.section.entry.id","","","",0,1,"","","","string {[]} {[]}
","xml:id (or equivalent in JSON)","unique id for the element within a resource (for internal references). This may be any string value that does not contain spaces.","","","","","","","","","",,,,,"",,,,"Element.id",0,1,"","","n/a"
"Composition.section.entry.extension","","extensions
user content","",0,*,"","","","Extension {[]} {[]}
","Additional Content defined by implementations","May be used to represent additional information that is not part of the basic definition of the element. In order to make the use of extensions safe and manageable, there is a strict set of governance  applied to the definition and use of extensions. Though any implementer is allowed to define an extension, there is a set of requirements that SHALL be met as part of the definition of the extension.","There can be no stigma associated with the use of extensions by any application, project, or standard - regardless of the institution or jurisdiction that uses or defines the extensions.  The use of extensions is what allows the FHIR specification to retain a core level of simplicity for everyone.","","","","","","","","",,,,,"","value:url}
","Extensions are always sliced by (at least) url",,"open","Element.extension",0,*,"","","n/a"
"Composition.section.entry.reference","","","",1,1,"","","Y","string {[]} {[]}
","Literal reference, Relative, internal or absolute URL","A reference to a location at which the other resource is found. The reference may be a relative reference, in which case it is relative to the service base URL, or an absolute URL that resolves to the location where the resource is found. The reference may be version specific or not. If the reference is not to a FHIR RESTful server, then it should be assumed to be version specific. Internal fragment references (start with '#') refer to contained resources.","Using absolute URLs provides a stable scalable approach suitable for a cloud/web context, while using relative/logical references provides a flexible approach suitable for use when trading across closed eco-system boundaries.   Absolute URLs do not need to point to a FHIR RESTful server, though this is the preferred approach. If the URL conforms to the structure ""/[type]/[id]"" then it should be assumed that the reference is to a FHIR RESTful server.","","","","","","","","",,,,,"",,,,"Reference.reference",0,1,"ref-1
","","N/A"
"Composition.section.entry.identifier","","","",0,1,"","","Y","Identifier {[]} {[]}
","Logical reference, when literal reference is not known","An identifier for the other resource. This is used when there is no way to reference the other resource directly, either because the entity is not available through a FHIR server, or because there is no way for the author of the resource to convert a known identifier to an actual location. There is no requirement that a Reference.identifier point to something that is actually exposed as a FHIR instance, but it SHALL point to a business concept that would be expected to be exposed as a FHIR instance, and that instance would need to be of a FHIR resource type allowed by the reference.","When an identifier is provided in place of a reference, any system processing the reference will only be able to resolve the identifier to a reference if it understands the business context in which the identifier is used. Sometimes this is global (e.g. a national identifier) but often it is not. For this reason, none of the useful mechanisms described for working with references (e.g. chaining, includes) are possible, nor should servers be expected to be able resolve the reference. Servers may accept an identifier based reference untouched, resolve it, and/or reject it - see CapabilityStatement.rest.resource.referencePolicy. 

When both an identifier and a literal reference are provided, the literal reference is preferred. Applications processing the resource are allowed - but not required - to check that the identifier matches the literal reference

Applications converting a logical reference to a literal reference may choose to leave the logical reference present, or remove it.","","","","","","","","",,,,,"",,,,"Reference.identifier",0,1,"","",".identifier"
"Composition.section.entry.display","","","",0,1,"","","Y","string {[]} {[]}
","Text alternative for the resource","Plain text narrative that identifies the resource in addition to the resource reference.","This is generally not the same as the Resource.text of the referenced resource.  The purpose is to identify what's being referenced, not to fully describe it.","","","","","","","","",,,,,"",,,,"Reference.display",0,1,"","","N/A"
"Composition.section.emptyReason","","","",0,1,"Y","","","CodeableConcept {[]} {[]}
","Why the section is empty","If the section is empty, why the list is empty. An empty section typically has some text explaining the empty reason.","The various reasons for an empty section make a significant interpretation to its interpretation. Note that this code is for use when the entire section content has been suppressed, and not for when individual items are omitted - implementers may consider using a text note or a flag on an entry in these cases.","Allows capturing things like ""none exist"" or ""not asked"" which can be important for most lists.","","","","","","","",,"required","","https://healthterminologies.gov.au/fhir/ValueSet/non-clinical-empty-reason-1","",,,,"Composition.section.emptyReason",0,1,"cmp-2
","",".inboundRelationship[typeCode=SUBJ,code<{ListEmptyReason}].value[type=CD]","n/a"
"Composition.section.section","","","",0,*,"","","","","Nested Section","A nested sub-section within this section.","Nested sections are primarily used to help human readers navigate to particular portions of the document.","","","","","","","","",,,,,"",,,,"Composition.section.section",0,*,"cmp-1
","","./outboundRelationship[typeCode=""COMP"" and isNormalActRelationship()]/target[moodCode=""EVN"" and classCode=""DOCSECT"" and isNormalAct]",".component.section"
