{
  "resourceType": "ImplementationGuide",
  "id": "implementationguide-sharedmedicineslist-1",
  "text": {
    "status": "generated",
    "div": "<div xmlns=\"http://www.w3.org/1999/xhtml\"><h2>Shared Medicines List</h2><p>The official URL for this implementation guide is: </p><pre>http://ns.electronichealth.net.au/ci/fhir/3.0/ImplementationGuide/implementationguide-sharedmedicineslist-1</pre><div><p>This implementation guide is an HL7™ FHIR® specification to represent a Shared Medicine List (SML).</p>\n<p>The primary aim of this implementation guide is to support implementing SML in FHIR, Release 3 (STU). The resulting FHIR can be used for the electronic exchange of SML information between healthcare providers.</p>\n<p>This implementation guide is not to be used as a guide to presentation (or rendering) of the data. It contains no information as to how the data described by it should be displayed and no such guidance should be inferred.</p>\n<p>This implementation guide does not describe transport or persistence mechanism of the resources described by it.</p>\n</div></div>"
  },
  "url": "http://ns.electronichealth.net.au/ci/fhir/3.0/ImplementationGuide/implementationguide-sharedmedicineslist-1",
  "version": "1.0.0",
  "name": "Shared Medicines List",
  "status": "draft",
  "experimental": true,
  "date": "2019-08-28T13:39:15+10:00",
  "publisher": "Australian Digital Health Agency",
  "contact": [
    {
      "telecom": [
        {
          "system": "email",
          "value": "help@digitalhealth.gov.au"
        }
      ]
    }
  ],
  "description": "This implementation guide is an HL7™ FHIR® specification to represent a Shared Medicine List (SML).\n \nThe primary aim of this implementation guide is to support implementing SML in FHIR, Release 3 (STU). The resulting FHIR can be used for the electronic exchange of SML information between healthcare providers.\n \nThis implementation guide is not to be used as a guide to presentation (or rendering) of the data. It contains no information as to how the data described by it should be displayed and no such guidance should be inferred.\n \nThis implementation guide does not describe transport or persistence mechanism of the resources described by it.",
  "copyright": "Copyright © 2019 Australian Digital Health Agency - All rights reserved. This content is licensed under a Creative Commons Attribution 4.0 International License. See https://creativecommons.org/licenses/by/4.0/.",
  "fhirVersion": "3.0.1",
  "package": [
    {
      "id": "p1",
      "name": "SML",
      "resource": [
        {
          "extension": [
            {
              "url": "http://hl7.org/fhir/tools/StructureDefinition/resource-information",
              "valueString": "StructureDefinition:resource"
            },
            {
              "url": "http://hl7.org/fhir/StructureDefinition/implementationguide-page",
              "valueUri": "StructureDefinition-composition-sml-prac-1.html"
            }
          ],
          "example": false,
          "name": "Shared Medicine List Authored by Practitioner",
          "sourceReference": {
            "reference": "StructureDefinition/composition-sml-prac-1"
          }
        },
        {
          "extension": [
            {
              "url": "http://hl7.org/fhir/tools/StructureDefinition/resource-information",
              "valueString": "StructureDefinition:resource"
            },
            {
              "url": "http://hl7.org/fhir/StructureDefinition/implementationguide-page",
              "valueUri": "StructureDefinition-patient-dh-base-1.html"
            }
          ],
          "example": false,
          "name": "patient-dh-base-1",
          "description": "The Agency Patient profile, as derived from the HL7 AU patient profile.",
          "sourceReference": {
            "reference": "StructureDefinition/patient-dh-base-1"
          }
        },
        {
          "extension": [
            {
              "url": "http://hl7.org/fhir/tools/StructureDefinition/resource-information",
              "valueString": "StructureDefinition:resource"
            },
            {
              "url": "http://hl7.org/fhir/StructureDefinition/implementationguide-page",
              "valueUri": "StructureDefinition-patient-ident-1.html"
            }
          ],
          "example": false,
          "name": "patient-ident-1",
          "sourceReference": {
            "reference": "StructureDefinition/patient-ident-1"
          }
        },
        {
          "extension": [
            {
              "url": "http://hl7.org/fhir/tools/StructureDefinition/resource-information",
              "valueString": "StructureDefinition:resource"
            },
            {
              "url": "http://hl7.org/fhir/StructureDefinition/implementationguide-page",
              "valueUri": "StructureDefinition-relatedperson-dh-base-1.html"
            }
          ],
          "example": false,
          "name": "relatedperson-dh-base-1",
          "description": "The Agency RelatedPerson profile, as derived from the STU3 RelatedPerson resource",
          "sourceReference": {
            "reference": "StructureDefinition/relatedperson-dh-base-1"
          }
        },
        {
          "extension": [
            {
              "url": "http://hl7.org/fhir/tools/StructureDefinition/resource-information",
              "valueString": "StructureDefinition:resource"
            },
            {
              "url": "http://hl7.org/fhir/StructureDefinition/implementationguide-page",
              "valueUri": "StructureDefinition-organization-dh-base-1.html"
            }
          ],
          "example": false,
          "name": "organization-dh-base-1",
          "description": "The Agency Organization profile, as derived from the HL7 AU Organization profile.",
          "sourceReference": {
            "reference": "StructureDefinition/organization-dh-base-1"
          }
        },
        {
          "extension": [
            {
              "url": "http://hl7.org/fhir/tools/StructureDefinition/resource-information",
              "valueString": "StructureDefinition:resource"
            },
            {
              "url": "http://hl7.org/fhir/StructureDefinition/implementationguide-page",
              "valueUri": "StructureDefinition-organization-ident-1.html"
            }
          ],
          "example": false,
          "name": "organization-ident-1",
          "description": "The Agency Organization profile, as derived from the HL7 AU Organization profile.",
          "sourceReference": {
            "reference": "StructureDefinition/organization-ident-1"
          }
        },
        {
          "extension": [
            {
              "url": "http://hl7.org/fhir/tools/StructureDefinition/resource-information",
              "valueString": "StructureDefinition:resource"
            },
            {
              "url": "http://hl7.org/fhir/StructureDefinition/implementationguide-page",
              "valueUri": "StructureDefinition-practitioner-dh-base-1.html"
            }
          ],
          "example": false,
          "sourceReference": {
            "reference": "StructureDefinition/practitioner-dh-base-1"
          }
        },
        {
          "extension": [
            {
              "url": "http://hl7.org/fhir/tools/StructureDefinition/resource-information",
              "valueString": "StructureDefinition:resource"
            },
            {
              "url": "http://hl7.org/fhir/StructureDefinition/implementationguide-page",
              "valueUri": "StructureDefinition-practitioner-ident-1.html"
            }
          ],
          "example": false,
          "name": "practitioner-ident-1",
          "description": "The Agency Practitioner profile, as derived from the HL7 AU practitioner profile with a mandatory identifier.",
          "sourceReference": {
            "reference": "StructureDefinition/practitioner-ident-1"
          }
        },
        {
          "extension": [
            {
              "url": "http://hl7.org/fhir/tools/StructureDefinition/resource-information",
              "valueString": "StructureDefinition:resource"
            },
            {
              "url": "http://hl7.org/fhir/StructureDefinition/implementationguide-page",
              "valueUri": "StructureDefinition-practitionerrole-dh-base-1.html"
            }
          ],
          "example": false,
          "sourceReference": {
            "reference": "StructureDefinition/practitionerrole-dh-base-1"
          }
        },
        {
          "extension": [
            {
              "url": "http://hl7.org/fhir/tools/StructureDefinition/resource-information",
              "valueString": "StructureDefinition:resource"
            },
            {
              "url": "http://hl7.org/fhir/StructureDefinition/implementationguide-page",
              "valueUri": "StructureDefinition-practitionerrole-withpractitionerident-1.html"
            }
          ],
          "example": false,
          "sourceReference": {
            "reference": "StructureDefinition/practitionerrole-withpractitionerident-1"
          }
        },
        {
          "extension": [
            {
              "url": "http://hl7.org/fhir/tools/StructureDefinition/resource-information",
              "valueString": "StructureDefinition:resource"
            },
            {
              "url": "http://hl7.org/fhir/StructureDefinition/implementationguide-page",
              "valueUri": "StructureDefinition-medicationstatement-detailed-1.html"
            }
          ],
          "example": false,
          "name": "medicationstatement-detailed-1",
          "sourceReference": {
            "reference": "StructureDefinition/medicationstatement-detailed-1"
          }
        },
        {
          "extension": [
            {
              "url": "http://hl7.org/fhir/tools/StructureDefinition/resource-information",
              "valueString": "StructureDefinition:resource"
            },
            {
              "url": "http://hl7.org/fhir/StructureDefinition/implementationguide-page",
              "valueUri": "StructureDefinition-allergyintolerance-summary-1.html"
            }
          ],
          "example": false,
          "name": "allergyintolerance-summary-1",
          "sourceReference": {
            "reference": "StructureDefinition/allergyintolerance-summary-1"
          }
        },
        {
          "extension": [
            {
              "url": "http://hl7.org/fhir/tools/StructureDefinition/resource-information",
              "valueString": "StructureDefinition:resource"
            },
            {
              "url": "http://hl7.org/fhir/StructureDefinition/implementationguide-page",
              "valueUri": "StructureDefinition-observation-norelevantfinding-1.html"
            }
          ],
          "example": false,
          "name": "observation-norelevantfinding-1",
          "sourceReference": {
            "reference": "StructureDefinition/observation-norelevantfinding-1"
          }
        },
        {
          "extension": [
            {
              "url": "http://hl7.org/fhir/tools/StructureDefinition/resource-information",
              "valueString": "StructureDefinition:resource"
            },
            {
              "url": "http://hl7.org/fhir/StructureDefinition/implementationguide-page",
              "valueUri": "StructureDefinition-encounter-es-1.html"
            }
          ],
          "example": false,
          "name": "encounter-es-1",
          "sourceReference": {
            "reference": "StructureDefinition/encounter-es-1"
          }
        },
        {
          "extension": [
            {
              "url": "http://hl7.org/fhir/tools/StructureDefinition/resource-information",
              "valueString": "StructureDefinition:resource"
            },
            {
              "url": "http://hl7.org/fhir/StructureDefinition/implementationguide-page",
              "valueUri": "StructureDefinition-list-sml-pracchanges-1.html"
            }
          ],
          "example": false,
          "name": "list-sml-pracchnages-1",
          "sourceReference": {
            "reference": "StructureDefinition/list-sml-pracchanges-1"
          }
        },
        {
          "extension": [
            {
              "url": "http://hl7.org/fhir/tools/StructureDefinition/resource-information",
              "valueString": "StructureDefinition:resource"
            },
            {
              "url": "http://hl7.org/fhir/StructureDefinition/implementationguide-page",
              "valueUri": "StructureDefinition-medication-dh-base-1.html"
            }
          ],
          "example": false,
          "name": "medication-dh-base-1",
          "sourceReference": {
            "reference": "StructureDefinition/medication-dh-base-1"
          }
        },
        {
          "extension": [
            {
              "url": "http://hl7.org/fhir/tools/StructureDefinition/resource-information",
              "valueString": "StructureDefinition:resource"
            },
            {
              "url": "http://hl7.org/fhir/StructureDefinition/implementationguide-page",
              "valueUri": "StructureDefinition-substance-dh-base-1.html"
            }
          ],
          "example": false,
          "name": "substance-dh-base-1",
          "sourceReference": {
            "reference": "StructureDefinition/substance-dh-base-1"
          }
        },
        {
          "extension": [
            {
              "url": "http://hl7.org/fhir/tools/StructureDefinition/resource-information",
              "valueString": "StructureDefinition:complex-type"
            },
            {
              "url": "http://hl7.org/fhir/StructureDefinition/implementationguide-page",
              "valueUri": "StructureDefinition-humanname-dh-base-1.html"
            }
          ],
          "example": false,
          "sourceReference": {
            "reference": "StructureDefinition/humanname-dh-base-1"
          }
        },
        {
          "extension": [
            {
              "url": "http://hl7.org/fhir/tools/StructureDefinition/resource-information",
              "valueString": "AllergyIntolerance"
            },
            {
              "url": "http://hl7.org/fhir/StructureDefinition/implementationguide-page",
              "valueUri": "AllergyIntolerance-7f834da9-63f5-4a66-a847-a32c366701ff.html"
            }
          ],
          "example": true,
          "name": "AllergyIntolerance example 1",
          "description": "AllergyIntolerance example Amoxicillin",
          "sourceReference": {
            "reference": "AllergyIntolerance/7f834da9-63f5-4a66-a847-a32c366701ff"
          }
        },
        {
          "extension": [
            {
              "url": "http://hl7.org/fhir/tools/StructureDefinition/resource-information",
              "valueString": "Patient"
            },
            {
              "url": "http://hl7.org/fhir/StructureDefinition/implementationguide-page",
              "valueUri": "Patient-43acc1fd-9f9d-4f2f-8649-c290ac7ff847.html"
            }
          ],
          "example": true,
          "name": "Patient example 1",
          "description": "Patient example Frank Harding",
          "sourceReference": {
            "reference": "Patient/43acc1fd-9f9d-4f2f-8649-c290ac7ff847"
          }
        },
        {
          "extension": [
            {
              "url": "http://hl7.org/fhir/tools/StructureDefinition/resource-information",
              "valueString": "Medication"
            },
            {
              "url": "http://hl7.org/fhir/StructureDefinition/implementationguide-page",
              "valueUri": "Medication-27046ef9-d808-46d4-a028-0ef182b7a8b2.html"
            }
          ],
          "example": true,
          "name": "Medication example 1",
          "description": "Medication example Ferro-Grad C",
          "sourceReference": {
            "reference": "Medication/27046ef9-d808-46d4-a028-0ef182b7a8b2"
          }
        },
        {
          "extension": [
            {
              "url": "http://hl7.org/fhir/tools/StructureDefinition/resource-information",
              "valueString": "MedicationStatement"
            },
            {
              "url": "http://hl7.org/fhir/StructureDefinition/implementationguide-page",
              "valueUri": "MedicationStatement-32def593-e104-4cee-b8f5-d1f923efd94b.html"
            }
          ],
          "example": true,
          "name": "MedicationStatement example 1",
          "description": "MedicationStatement example Ferro-Grad C",
          "sourceReference": {
            "reference": "MedicationStatement/32def593-e104-4cee-b8f5-d1f923efd94b"
          }
        },
        {
          "extension": [
            {
              "url": "http://hl7.org/fhir/tools/StructureDefinition/resource-information",
              "valueString": "Medication"
            },
            {
              "url": "http://hl7.org/fhir/StructureDefinition/implementationguide-page",
              "valueUri": "Medication-c09df0db-3050-4b62-bb27-7c9b743d59bd.html"
            }
          ],
          "example": true,
          "name": "Medication example 2",
          "description": "Medication example Amoxicillin/Augmentin Duo Forte",
          "sourceReference": {
            "reference": "Medication/c09df0db-3050-4b62-bb27-7c9b743d59bd"
          }
        },
        {
          "extension": [
            {
              "url": "http://hl7.org/fhir/tools/StructureDefinition/resource-information",
              "valueString": "MedicationStatement"
            },
            {
              "url": "http://hl7.org/fhir/StructureDefinition/implementationguide-page",
              "valueUri": "MedicationStatement-f02c54ad-3562-4f7b-8956-de16769a2a88.html"
            }
          ],
          "example": true,
          "name": "MedicationStatement example 2",
          "description": "MedicationStatement example Amoxicillin/Augmentin Duo Forte",
          "sourceReference": {
            "reference": "MedicationStatement/f02c54ad-3562-4f7b-8956-de16769a2a88"
          }
        },
        {
          "extension": [
            {
              "url": "http://hl7.org/fhir/tools/StructureDefinition/resource-information",
              "valueString": "Medication"
            },
            {
              "url": "http://hl7.org/fhir/StructureDefinition/implementationguide-page",
              "valueUri": "Medication-d45954e8-80ae-4610-b235-239e9d352799.html"
            }
          ],
          "example": true,
          "name": "Medication example 3",
          "description": "Medication example Metformin/Sandoz",
          "sourceReference": {
            "reference": "Medication/d45954e8-80ae-4610-b235-239e9d352799"
          }
        },
        {
          "extension": [
            {
              "url": "http://hl7.org/fhir/tools/StructureDefinition/resource-information",
              "valueString": "MedicationStatement"
            },
            {
              "url": "http://hl7.org/fhir/StructureDefinition/implementationguide-page",
              "valueUri": "MedicationStatement-f27faa7d-0433-484a-94ab-5a3f966bd7b1.html"
            }
          ],
          "example": true,
          "name": "MedicationStatement example 3",
          "description": "MedicationStatement example Metformin/Sandoz",
          "sourceReference": {
            "reference": "MedicationStatement/f27faa7d-0433-484a-94ab-5a3f966bd7b1"
          }
        },
        {
          "extension": [
            {
              "url": "http://hl7.org/fhir/tools/StructureDefinition/resource-information",
              "valueString": "Medication"
            },
            {
              "url": "http://hl7.org/fhir/StructureDefinition/implementationguide-page",
              "valueUri": "Medication-4418bed2-2ae9-4d0a-9acd-d70ab8284c50.html"
            }
          ],
          "example": true,
          "name": "Medication example 4",
          "description": "Medication example Multi-vitamins",
          "sourceReference": {
            "reference": "Medication/4418bed2-2ae9-4d0a-9acd-d70ab8284c50"
          }
        },
        {
          "extension": [
            {
              "url": "http://hl7.org/fhir/tools/StructureDefinition/resource-information",
              "valueString": "MedicationStatement"
            },
            {
              "url": "http://hl7.org/fhir/StructureDefinition/implementationguide-page",
              "valueUri": "MedicationStatement-006679bd-44a9-49df-82ba-a41db0cd6298.html"
            }
          ],
          "example": true,
          "name": "MedicationStatement example 4",
          "description": "MedicationStatement example Multi-vitamins",
          "sourceReference": {
            "reference": "MedicationStatement/006679bd-44a9-49df-82ba-a41db0cd6298"
          }
        },
        {
          "extension": [
            {
              "url": "http://hl7.org/fhir/tools/StructureDefinition/resource-information",
              "valueString": "Medication"
            },
            {
              "url": "http://hl7.org/fhir/StructureDefinition/implementationguide-page",
              "valueUri": "Medication-9574e2d4-863b-11e9-a159-526af7764f64.html"
            }
          ],
          "example": true,
          "name": "Medication example 5",
          "description": "Medication example Paracetamol 665mg caplet/ Panadol Osteo",
          "sourceReference": {
            "reference": "Medication/9574e2d4-863b-11e9-a159-526af7764f64"
          }
        },
        {
          "extension": [
            {
              "url": "http://hl7.org/fhir/tools/StructureDefinition/resource-information",
              "valueString": "MedicationStatement"
            },
            {
              "url": "http://hl7.org/fhir/StructureDefinition/implementationguide-page",
              "valueUri": "MedicationStatement-d14a5c15-87c9-4cf8-9047-657189898273.html"
            }
          ],
          "example": true,
          "name": "MedicationStatement example 5",
          "description": "MedicationStatement example Paracetamol 665mg caplet/Panadol Osteo",
          "sourceReference": {
            "reference": "MedicationStatement/d14a5c15-87c9-4cf8-9047-657189898273"
          }
        },
        {
          "extension": [
            {
              "url": "http://hl7.org/fhir/tools/StructureDefinition/resource-information",
              "valueString": "Medication"
            },
            {
              "url": "http://hl7.org/fhir/StructureDefinition/implementationguide-page",
              "valueUri": "Medication-19ae06e9-0242-41eb-b386-5c147b01e88f.html"
            }
          ],
          "example": true,
          "name": "Medication example 6",
          "description": "Medication example Warfarin/Coumadin",
          "sourceReference": {
            "reference": "Medication/19ae06e9-0242-41eb-b386-5c147b01e88f"
          }
        },
        {
          "extension": [
            {
              "url": "http://hl7.org/fhir/tools/StructureDefinition/resource-information",
              "valueString": "MedicationStatement"
            },
            {
              "url": "http://hl7.org/fhir/StructureDefinition/implementationguide-page",
              "valueUri": "MedicationStatement-ce9d0158-5f77-4c30-8aad-79500eb2c16f.html"
            }
          ],
          "example": true,
          "name": "MedicationStatement example 6",
          "description": "MedicationStatement example Warfarin/Coumadin",
          "sourceReference": {
            "reference": "MedicationStatement/ce9d0158-5f77-4c30-8aad-79500eb2c16f"
          }
        },
        {
          "extension": [
            {
              "url": "http://hl7.org/fhir/tools/StructureDefinition/resource-information",
              "valueString": "Medication"
            },
            {
              "url": "http://hl7.org/fhir/StructureDefinition/implementationguide-page",
              "valueUri": "Medication-37c3cb4d-37cd-4e4e-985f-d1b8fd44fbb7.html"
            }
          ],
          "example": true,
          "name": "Medication example 7",
          "description": "Medication example Paracetamol 500 mg tablet",
          "sourceReference": {
            "reference": "Medication/37c3cb4d-37cd-4e4e-985f-d1b8fd44fbb7"
          }
        },
        {
          "extension": [
            {
              "url": "http://hl7.org/fhir/tools/StructureDefinition/resource-information",
              "valueString": "MedicationStatement"
            },
            {
              "url": "http://hl7.org/fhir/StructureDefinition/implementationguide-page",
              "valueUri": "MedicationStatement-17affe2a-6496-437d-8d1a-22baae41a5ae.html"
            }
          ],
          "example": true,
          "name": "MedicationStatement example 7",
          "description": "MedicationStatement example Paracetamol 500 mg tablet",
          "sourceReference": {
            "reference": "MedicationStatement/17affe2a-6496-437d-8d1a-22baae41a5ae"
          }
        },
        {
          "extension": [
            {
              "url": "http://hl7.org/fhir/tools/StructureDefinition/resource-information",
              "valueString": "Medication"
            },
            {
              "url": "http://hl7.org/fhir/StructureDefinition/implementationguide-page",
              "valueUri": "Medication-2a506a7c-aab0-4af3-9ea3-3f47ebe16e3d.html"
            }
          ],
          "example": true,
          "name": "Medication example 8",
          "description": "Medication example Ibuprofen",
          "sourceReference": {
            "reference": "Medication/2a506a7c-aab0-4af3-9ea3-3f47ebe16e3d"
          }
        },
        {
          "extension": [
            {
              "url": "http://hl7.org/fhir/tools/StructureDefinition/resource-information",
              "valueString": "MedicationStatement"
            },
            {
              "url": "http://hl7.org/fhir/StructureDefinition/implementationguide-page",
              "valueUri": "MedicationStatement-3f99bc18-7edf-4e2a-9eae-86629b56d06e.html"
            }
          ],
          "example": true,
          "name": "MedicationStatement example 8",
          "description": "MedicationStatement example Ibuprofen",
          "sourceReference": {
            "reference": "MedicationStatement/3f99bc18-7edf-4e2a-9eae-86629b56d06e"
          }
        },
        {
          "extension": [
            {
              "url": "http://hl7.org/fhir/tools/StructureDefinition/resource-information",
              "valueString": "List"
            },
            {
              "url": "http://hl7.org/fhir/StructureDefinition/implementationguide-page",
              "valueUri": "List-e3677c50-8940-4793-bc43-72a33e5b6460.html"
            }
          ],
          "example": true,
          "name": "List example 1",
          "description": "List example Community pharmacy medicines review",
          "sourceReference": {
            "reference": "List/e3677c50-8940-4793-bc43-72a33e5b6460"
          }
        },
        {
          "extension": [
            {
              "url": "http://hl7.org/fhir/tools/StructureDefinition/resource-information",
              "valueString": "Encounter"
            },
            {
              "url": "http://hl7.org/fhir/StructureDefinition/implementationguide-page",
              "valueUri": "Encounter-038f9aaa-6c3d-4681-b9de-455de06a86d3.html"
            }
          ],
          "example": true,
          "name": "Encounter example 1",
          "description": "Encounter/Community pharmacy medicines review",
          "sourceReference": {
            "reference": "Encounter/038f9aaa-6c3d-4681-b9de-455de06a86d3"
          }
        },
        {
          "extension": [
            {
              "url": "http://hl7.org/fhir/tools/StructureDefinition/resource-information",
              "valueString": "Composition"
            },
            {
              "url": "http://hl7.org/fhir/StructureDefinition/implementationguide-page",
              "valueUri": "Composition-c6f90150-465c-4c16-8e99-c4efbda29036.html"
            }
          ],
          "example": true,
          "name": "Composition example 1",
          "description": "Composition/Community pharmacy medicines review",
          "sourceReference": {
            "reference": "Composition/c6f90150-465c-4c16-8e99-c4efbda29036"
          }
        },
        {
          "extension": [
            {
              "url": "http://hl7.org/fhir/tools/StructureDefinition/resource-information",
              "valueString": "PractitionerRole"
            },
            {
              "url": "http://hl7.org/fhir/StructureDefinition/implementationguide-page",
              "valueUri": "PractitionerRole-eebd7c94-e124-4c2b-95dc-a6aebbe7bb4d.html"
            }
          ],
          "example": true,
          "name": "PractitionerRole example 1",
          "description": "PractitionerRole with practitioner with mandatory identifier",
          "sourceReference": {
            "reference": "PractitionerRole/eebd7c94-e124-4c2b-95dc-a6aebbe7bb4d"
          }
        },
        {
          "extension": [
            {
              "url": "http://hl7.org/fhir/tools/StructureDefinition/resource-information",
              "valueString": "Organization"
            },
            {
              "url": "http://hl7.org/fhir/StructureDefinition/implementationguide-page",
              "valueUri": "Organization-24391534-dbe5-44f0-af74-07ca016e7446.html"
            }
          ],
          "example": true,
          "name": "Organization example 1",
          "description": "Organization",
          "sourceReference": {
            "reference": "Organization/24391534-dbe5-44f0-af74-07ca016e7446"
          }
        },
        {
          "extension": [
            {
              "url": "http://hl7.org/fhir/tools/StructureDefinition/resource-information",
              "valueString": "Organization"
            },
            {
              "url": "http://hl7.org/fhir/StructureDefinition/implementationguide-page",
              "valueUri": "Organization-f216ad4c-a1e3-11e9-a2a3-2a2ae2dbcce4.html"
            }
          ],
          "example": true,
          "name": "Organization example 2",
          "description": "Patient's managing organization",
          "sourceReference": {
            "reference": "Organization/f216ad4c-a1e3-11e9-a2a3-2a2ae2dbcce4"
          }
        },
        {
          "extension": [
            {
              "url": "http://hl7.org/fhir/tools/StructureDefinition/resource-information",
              "valueString": "Practitioner"
            },
            {
              "url": "http://hl7.org/fhir/StructureDefinition/implementationguide-page",
              "valueUri": "Practitioner-6312677b-2e4a-4841-a986-915905e01931.html"
            }
          ],
          "example": true,
          "name": "Practitioner example 1",
          "description": "Practitioner pharmacist",
          "sourceReference": {
            "reference": "Practitioner/6312677b-2e4a-4841-a986-915905e01931"
          }
        }
      ]
    }
  ],
  "page": {
    "source": "index.html",
    "title": "Australian Digital Health Agency Shared Medicines List FHIR Implementation Guide",
    "kind": "page"
  }
}