<?xml version="1.0" encoding="UTF-8"?>

<ImplementationGuide xmlns="http://hl7.org/fhir">
  <id value="implementationguide-sharedmedicineslist-1"/>
  <text>
    <status value="generated"/><div xmlns="http://www.w3.org/1999/xhtml"><h2>Shared Medicines List</h2><p>The official URL for this implementation guide is: </p><pre>http://ns.electronichealth.net.au/ci/fhir/3.0/ImplementationGuide/implementationguide-sharedmedicineslist-1</pre><div><p>This implementation guide is an HL7® FHIR® specification to represent a Shared Medicine List (SML).</p>
<p>The primary aim of this implementation guide is to support implementing SML in FHIR, Release 3 (STU). The resulting FHIR document can be used for the electronic exchange of SML information between healthcare providers.</p>
<p>This document is not to be used as a guide to presentation (or rendering) of the data. It contains no information as to how the data described by it should be displayed and no such guidance should be inferred from this document.</p>
<p>This document does not describe transport or persistence mechanism of the resources described by it.</p>
</div></div>
  </text>
  <url value="http://ns.electronichealth.net.au/ci/fhir/3.0/ImplementationGuide/implementationguide-sharedmedicineslist-1"/>
  <version value="1.0.0"/>
  <name value="Shared Medicines List"/>
  <status value="draft"/>
  <experimental value="true"/>
  <publisher value="Australian Digital Health Agency"/>
  <contact>
    <telecom>
      <system value="email"/>
      <value value="help@digitalhealth.gov.au"/>
    </telecom>
  </contact>
  <description value="This implementation guide is an HL7&#xAE; FHIR&#xAE; specification to represent a Shared Medicine List (SML).&#xA; &#xA;The primary aim of this implementation guide is to support implementing SML in FHIR, Release 3 (STU). The resulting FHIR document can be used for the electronic exchange of SML information between healthcare providers.&#xA; &#xA;This document is not to be used as a guide to presentation (or rendering) of the data. It contains no information as to how the data described by it should be displayed and no such guidance should be inferred from this document.&#xA; &#xA;This document does not describe transport or persistence mechanism of the resources described by it."/>
  <copyright value="Copyright &#xA9; 2019 Australian Digital Health Agency - All rights reserved. This content is licensed under a Creative Commons Attribution 4.0 International License. See https://creativecommons.org/licenses/by/4.0/."/>
  <fhirVersion value="3.0.1"/>
  <package id="p1">
    <name value="SML"/>
    <resource>
      <extension url="http://hl7.org/fhir/StructureDefinition/implementationguide-page">
        <valueUri value="StructureDefinition-composition-sml-prac-1.html"/>
      </extension>
      <example value="false"/>
      <name value="Shared Medicine List Authored by Practitioner"/>
      <sourceReference>
        <reference value="StructureDefinition/composition-sml-prac-1"/>
      </sourceReference>
    </resource>
    <resource>
      <extension url="http://hl7.org/fhir/StructureDefinition/implementationguide-page">
        <valueUri value="StructureDefinition-patient-dh-base-1.html"/>
      </extension>
      <example value="false"/>
      <name value="patient-dh-base-1"/>
      <description value="The Agency Patient profile, as derived from the HL7 AU patient profile."/>
      <sourceReference>
        <reference value="StructureDefinition/patient-dh-base-1"/>
      </sourceReference>
    </resource>
    <resource>
      <extension url="http://hl7.org/fhir/StructureDefinition/implementationguide-page">
        <valueUri value="StructureDefinition-patient-ident-1.html"/>
      </extension>
      <example value="false"/>
      <name value="patient-ident-1"/>
      <sourceReference>
        <reference value="StructureDefinition/patient-ident-1"/>
      </sourceReference>
    </resource>
    <resource>
      <extension url="http://hl7.org/fhir/StructureDefinition/implementationguide-page">
        <valueUri value="StructureDefinition-relatedperson-dh-base-1.html"/>
      </extension>
      <example value="false"/>
      <name value="relatedperson-dh-base-1"/>
      <description value="The Agency RelatedPerson profile, as derived from the STU3 RelatedPerson resource"/>
      <sourceReference>
        <reference value="StructureDefinition/relatedperson-dh-base-1"/>
      </sourceReference>
    </resource>
    <resource>
      <extension url="http://hl7.org/fhir/StructureDefinition/implementationguide-page">
        <valueUri value="StructureDefinition-organization-dh-base-1.html"/>
      </extension>
      <example value="false"/>
      <name value="organization-dh-base-1"/>
      <description value="The Agency Organization profile, as derived from the HL7 AU Organization profile."/>
      <sourceReference>
        <reference value="StructureDefinition/organization-dh-base-1"/>
      </sourceReference>
    </resource>
    <resource>
      <extension url="http://hl7.org/fhir/StructureDefinition/implementationguide-page">
        <valueUri value="StructureDefinition-organization-ident-1.html"/>
      </extension>
      <example value="false"/>
      <name value="organization-ident-1"/>
      <description value="The Agency Organization profile, as derived from the HL7 AU Organization profile."/>
      <sourceReference>
        <reference value="StructureDefinition/organization-ident-1"/>
      </sourceReference>
    </resource>
    <resource>
      <extension url="http://hl7.org/fhir/StructureDefinition/implementationguide-page">
        <valueUri value="StructureDefinition-practitioner-dh-base-1.html"/>
      </extension>
      <example value="false"/>
      <sourceReference>
        <reference value="StructureDefinition/practitioner-dh-base-1"/>
      </sourceReference>
    </resource>
    <resource>
      <extension url="http://hl7.org/fhir/StructureDefinition/implementationguide-page">
        <valueUri value="StructureDefinition-practitioner-ident-1.html"/>
      </extension>
      <example value="false"/>
      <name value="practitioner-ident-1"/>
      <description value="The Agency Practitioner profile, as derived from the HL7 AU practitioner profile with a mandatory identifier."/>
      <sourceReference>
        <reference value="StructureDefinition/practitioner-ident-1"/>
      </sourceReference>
    </resource>
    <resource>
      <extension url="http://hl7.org/fhir/StructureDefinition/implementationguide-page">
        <valueUri value="StructureDefinition-practitionerrole-dh-base-1.html"/>
      </extension>
      <example value="false"/>
      <sourceReference>
        <reference value="StructureDefinition/practitionerrole-dh-base-1"/>
      </sourceReference>
    </resource>
    <resource>
      <extension url="http://hl7.org/fhir/StructureDefinition/implementationguide-page">
        <valueUri value="StructureDefinition-practitionerrole-withpractitionerident-1.html"/>
      </extension>
      <example value="false"/>
      <sourceReference>
        <reference value="StructureDefinition/practitionerrole-withpractitionerident-1"/>
      </sourceReference>
    </resource>
    <resource>
      <extension url="http://hl7.org/fhir/StructureDefinition/implementationguide-page">
        <valueUri value="StructureDefinition-medicationstatement-detailed-1.html"/>
      </extension>
      <example value="false"/>
      <name value="medicationstatement-detailed-1"/>
      <sourceReference>
        <reference value="StructureDefinition/medicationstatement-detailed-1"/>
      </sourceReference>
    </resource>
    <resource>
      <extension url="http://hl7.org/fhir/StructureDefinition/implementationguide-page">
        <valueUri value="StructureDefinition-allergyintolerance-summary-1.html"/>
      </extension>
      <example value="false"/>
      <name value="allergyintolerance-summary-1"/>
      <sourceReference>
        <reference value="StructureDefinition/allergyintolerance-summary-1"/>
      </sourceReference>
    </resource>
    <resource>
      <extension url="http://hl7.org/fhir/StructureDefinition/implementationguide-page">
        <valueUri value="StructureDefinition-observation-norelevantfinding-1.html"/>
      </extension>
      <example value="false"/>
      <name value="observation-norelevantfinding-1"/>
      <sourceReference>
        <reference value="StructureDefinition/observation-norelevantfinding-1"/>
      </sourceReference>
    </resource>
    <resource>
      <extension url="http://hl7.org/fhir/StructureDefinition/implementationguide-page">
        <valueUri value="StructureDefinition-encounter-es-1.html"/>
      </extension>
      <example value="false"/>
      <name value="encounter-es-1"/>
      <sourceReference>
        <reference value="StructureDefinition/encounter-es-1"/>
      </sourceReference>
    </resource>
    <resource>
      <extension url="http://hl7.org/fhir/StructureDefinition/implementationguide-page">
        <valueUri value="StructureDefinition-list-sml-pracchanges-1.html"/>
      </extension>
      <example value="false"/>
      <name value="list-sml-pracchnages-1"/>
      <sourceReference>
        <reference value="StructureDefinition/list-sml-pracchanges-1"/>
      </sourceReference>
    </resource>
    <resource>
      <extension url="http://hl7.org/fhir/StructureDefinition/implementationguide-page">
        <valueUri value="StructureDefinition-medication-known-1.html"/>
      </extension>
      <example value="false"/>
      <name value="medication-known-1"/>
      <sourceReference>
        <reference value="StructureDefinition/medication-known-1"/>
      </sourceReference>
    </resource>
    <resource>
      <extension url="http://hl7.org/fhir/StructureDefinition/implementationguide-page">
        <valueUri value="StructureDefinition-humanname-dh-base-1.html"/>
      </extension>
      <example value="false"/>
      <sourceReference>
        <reference value="StructureDefinition/humanname-dh-base-1"/>
      </sourceReference>
    </resource>
    <resource>
      <extension url="http://hl7.org/fhir/StructureDefinition/implementationguide-page">
        <valueUri value="AllergyIntolerance-96c1bf8a-8321-11e9-bc42-526af7764f64.html"/>
      </extension>
      <example value="true"/>
      <name value="AllergyIntolerance example 1"/>
      <description value="AllergyIntolerance example Amoxicillin"/>
      <sourceReference>
        <reference value="AllergyIntolerance/96c1bf8a-8321-11e9-bc42-526af7764f64"/>
      </sourceReference>
    </resource>
    <resource>
      <extension url="http://hl7.org/fhir/StructureDefinition/implementationguide-page">
        <valueUri value="Patient-55a2e4fc-8321-11e9-bc42-526af7764f64.html"/>
      </extension>
      <example value="true"/>
      <name value="Patient example 1"/>
      <description value="Patient example Frank Harding"/>
      <sourceReference>
        <reference value="Patient/55a2e4fc-8321-11e9-bc42-526af7764f64"/>
      </sourceReference>
    </resource>
    <resource>
      <extension url="http://hl7.org/fhir/StructureDefinition/implementationguide-page">
        <valueUri value="Medication-2f70f312-8323-11e9-bc42-526af7764f64.html"/>
      </extension>
      <example value="true"/>
      <name value="Medication example 1"/>
      <description value="Medication example Ferro-Grad C"/>
      <sourceReference>
        <reference value="Medication/2f70f312-8323-11e9-bc42-526af7764f64"/>
      </sourceReference>
    </resource>
    <resource>
      <extension url="http://hl7.org/fhir/StructureDefinition/implementationguide-page">
        <valueUri value="MedicationStatement-32def593-e104-4cee-b8f5-d1f923efd94b.html"/>
      </extension>
      <example value="true"/>
      <name value="MedicationStatement example 1"/>
      <description value="MedicationStatement example Ferro-Grad C"/>
      <sourceReference>
        <reference value="MedicationStatement/32def593-e104-4cee-b8f5-d1f923efd94b"/>
      </sourceReference>
    </resource>
    <resource>
      <extension url="http://hl7.org/fhir/StructureDefinition/implementationguide-page">
        <valueUri value="Medication-9fd129a4-8596-11e9-bc42-526af7764f64.html"/>
      </extension>
      <example value="true"/>
      <name value="Medication example 2"/>
      <description value="Medication example Amoxicillin/Augmentin Duo Forte"/>
      <sourceReference>
        <reference value="Medication/9fd129a4-8596-11e9-bc42-526af7764f64"/>
      </sourceReference>
    </resource>
    <resource>
      <extension url="http://hl7.org/fhir/StructureDefinition/implementationguide-page">
        <valueUri value="MedicationStatement-7ad75182-859b-11e9-bc42-526af7764f64.html"/>
      </extension>
      <example value="true"/>
      <name value="MedicationStatement example 2"/>
      <description value="MedicationStatement example Amoxicillin/Augmentin Duo Forte"/>
      <sourceReference>
        <reference value="MedicationStatement/7ad75182-859b-11e9-bc42-526af7764f64"/>
      </sourceReference>
    </resource>
    <resource>
      <extension url="http://hl7.org/fhir/StructureDefinition/implementationguide-page">
        <valueUri value="Medication-a1f99f90-8631-11e9-bc42-526af7764f64.html"/>
      </extension>
      <example value="true"/>
      <name value="Medication example 3"/>
      <description value="Medication example Metformin/Sandoz"/>
      <sourceReference>
        <reference value="Medication/a1f99f90-8631-11e9-bc42-526af7764f64"/>
      </sourceReference>
    </resource>
    <resource>
      <extension url="http://hl7.org/fhir/StructureDefinition/implementationguide-page">
        <valueUri value="MedicationStatement-ef09cbec-8637-11e9-bc42-526af7764f64.html"/>
      </extension>
      <example value="true"/>
      <name value="MedicationStatement example 3"/>
      <description value="MedicationStatement example Metformin/Sandoz"/>
      <sourceReference>
        <reference value="MedicationStatement/ef09cbec-8637-11e9-bc42-526af7764f64"/>
      </sourceReference>
    </resource>
    <resource>
      <extension url="http://hl7.org/fhir/StructureDefinition/implementationguide-page">
        <valueUri value="Medication-1c9dee66-8639-11e9-bc42-526af7764f64.html"/>
      </extension>
      <example value="true"/>
      <name value="Medication example 4"/>
      <description value="Medication example Multi-vitamins"/>
      <sourceReference>
        <reference value="Medication/1c9dee66-8639-11e9-bc42-526af7764f64"/>
      </sourceReference>
    </resource>
    <resource>
      <extension url="http://hl7.org/fhir/StructureDefinition/implementationguide-page">
        <valueUri value="MedicationStatement-f5ac8802-8639-11e9-bc42-526af7764f64.html"/>
      </extension>
      <example value="true"/>
      <name value="MedicationStatement example 4"/>
      <description value="MedicationStatement example Multi-vitamins"/>
      <sourceReference>
        <reference value="MedicationStatement/f5ac8802-8639-11e9-bc42-526af7764f64"/>
      </sourceReference>
    </resource>
    <resource>
      <extension url="http://hl7.org/fhir/StructureDefinition/implementationguide-page">
        <valueUri value="Medication-9574e2d4-863b-11e9-a159-526af7764f64.html"/>
      </extension>
      <example value="true"/>
      <name value="Medication example 5"/>
      <description value="Medication example Paracetamol 665mg caplet/ Panadol Osteo"/>
      <sourceReference>
        <reference value="Medication/9574e2d4-863b-11e9-a159-526af7764f64"/>
      </sourceReference>
    </resource>
    <resource>
      <extension url="http://hl7.org/fhir/StructureDefinition/implementationguide-page">
        <valueUri value="MedicationStatement-e5b4616a-863c-11e9-bc42-526af7764f64.html"/>
      </extension>
      <example value="true"/>
      <name value="MedicationStatement example 5"/>
      <description value="MedicationStatement example Paracetamol 665mg caplet/Panadol Osteo"/>
      <sourceReference>
        <reference value="MedicationStatement/e5b4616a-863c-11e9-bc42-526af7764f64"/>
      </sourceReference>
    </resource>
    <resource>
      <extension url="http://hl7.org/fhir/StructureDefinition/implementationguide-page">
        <valueUri value="Medication-26b6b80a-8653-11e9-bc42-526af7764f64.html"/>
      </extension>
      <example value="true"/>
      <name value="Medication example 6"/>
      <description value="Medication example Warfarin/Coumadin"/>
      <sourceReference>
        <reference value="Medication/26b6b80a-8653-11e9-bc42-526af7764f64"/>
      </sourceReference>
    </resource>
    <resource>
      <extension url="http://hl7.org/fhir/StructureDefinition/implementationguide-page">
        <valueUri value="MedicationStatement-167902ee-8654-11e9-bc42-526af7764f64.html"/>
      </extension>
      <example value="true"/>
      <name value="MedicationStatement example 6"/>
      <description value="MedicationStatement example Warfarin/Coumadin"/>
      <sourceReference>
        <reference value="MedicationStatement/167902ee-8654-11e9-bc42-526af7764f64"/>
      </sourceReference>
    </resource>
    <resource>
      <extension url="http://hl7.org/fhir/StructureDefinition/implementationguide-page">
        <valueUri value="Medication-77dbc052-8655-11e9-bc42-526af7764f64.html"/>
      </extension>
      <example value="true"/>
      <name value="Medication example 7"/>
      <description value="Medication example Paracetamol 500 mg tablet"/>
      <sourceReference>
        <reference value="Medication/77dbc052-8655-11e9-bc42-526af7764f64"/>
      </sourceReference>
    </resource>
    <resource>
      <extension url="http://hl7.org/fhir/StructureDefinition/implementationguide-page">
        <valueUri value="MedicationStatement-1b1d78d2-8656-11e9-bc42-526af7764f64.html"/>
      </extension>
      <example value="true"/>
      <name value="MedicationStatement example 7"/>
      <description value="MedicationStatement example Paracetamol 500 mg tablet"/>
      <sourceReference>
        <reference value="MedicationStatement/1b1d78d2-8656-11e9-bc42-526af7764f64"/>
      </sourceReference>
    </resource>
    <resource>
      <extension url="http://hl7.org/fhir/StructureDefinition/implementationguide-page">
        <valueUri value="Medication-b2169d6e-8664-11e9-bc42-526af7764f64.html"/>
      </extension>
      <example value="true"/>
      <name value="Medication example 8"/>
      <description value="Medication example Ibuprofen"/>
      <sourceReference>
        <reference value="Medication/b2169d6e-8664-11e9-bc42-526af7764f64"/>
      </sourceReference>
    </resource>
    <resource>
      <extension url="http://hl7.org/fhir/StructureDefinition/implementationguide-page">
        <valueUri value="MedicationStatement-298ca924-8665-11e9-bc42-526af7764f64.html"/>
      </extension>
      <example value="true"/>
      <name value="MedicationStatement example 8"/>
      <description value="MedicationStatement example Ibuprofen"/>
      <sourceReference>
        <reference value="MedicationStatement/298ca924-8665-11e9-bc42-526af7764f64"/>
      </sourceReference>
    </resource>
    <resource>
      <extension url="http://hl7.org/fhir/StructureDefinition/implementationguide-page">
        <valueUri value="List-5044db7a-8595-11e9-bc42-526af7764f64.html"/>
      </extension>
      <example value="true"/>
      <name value="List example 1"/>
      <description value="List example Community pharmacy medicines review"/>
      <sourceReference>
        <reference value="List/5044db7a-8595-11e9-bc42-526af7764f64"/>
      </sourceReference>
    </resource>
    <resource>
      <extension url="http://hl7.org/fhir/StructureDefinition/implementationguide-page">
        <valueUri value="Encounter-1bcf0c88-8e4d-11e9-bc42-526af7764f64.html"/>
      </extension>
      <example value="true"/>
      <name value="Encounter example 1"/>
      <description value="Encounter/Community pharmacy medicines review"/>
      <sourceReference>
        <reference value="Encounter/1bcf0c88-8e4d-11e9-bc42-526af7764f64"/>
      </sourceReference>
    </resource>
    <resource>
      <extension url="http://hl7.org/fhir/StructureDefinition/implementationguide-page">
        <valueUri value="Composition-aa15201c-8e49-11e9-bc42-526af7764f64.html"/>
      </extension>
      <example value="true"/>
      <name value="Composition example 1"/>
      <description value="Composition/Community pharmacy medicines review"/>
      <sourceReference>
        <reference value="Composition/aa15201c-8e49-11e9-bc42-526af7764f64"/>
      </sourceReference>
    </resource>
    <resource>
      <extension url="http://hl7.org/fhir/StructureDefinition/implementationguide-page">
        <valueUri value="PractitionerRole-3283ca84-866b-11e9-bc42-526af7764f64.html"/>
      </extension>
      <example value="true"/>
      <name value="PractitionerRole example 1"/>
      <description value="PractitionerRole with practitioner with mandatory identifier"/>
      <sourceReference>
        <reference value="PractitionerRole/3283ca84-866b-11e9-bc42-526af7764f64"/>
      </sourceReference>
    </resource>
    <resource>
      <extension url="http://hl7.org/fhir/StructureDefinition/implementationguide-page">
        <valueUri value="Organization-084bafa0-866d-11e9-bc42-526af7764f64.html"/>
      </extension>
      <example value="true"/>
      <name value="Organization example 1"/>
      <description value="Organization"/>
      <sourceReference>
        <reference value="Organization/084bafa0-866d-11e9-bc42-526af7764f64"/>
      </sourceReference>
    </resource>
    <resource>
      <extension url="http://hl7.org/fhir/StructureDefinition/implementationguide-page">
        <valueUri value="Organization-f216ad4c-a1e3-11e9-a2a3-2a2ae2dbcce4.html"/>
      </extension>
      <example value="true"/>
      <name value="Organization example 2"/>
      <description value="Patient&#39;s managing organization"/>
      <sourceReference>
        <reference value="Organization/f216ad4c-a1e3-11e9-a2a3-2a2ae2dbcce4"/>
      </sourceReference>
    </resource>
    <resource>
      <extension url="http://hl7.org/fhir/StructureDefinition/implementationguide-page">
        <valueUri value="Practitioner-54a065dc-8666-11e9-bc42-526af7764f64.html"/>
      </extension>
      <example value="true"/>
      <name value="Practitioner example 1"/>
      <description value="Practitioner pharmacist"/>
      <sourceReference>
        <reference value="Practitioner/54a065dc-8666-11e9-bc42-526af7764f64"/>
      </sourceReference>
    </resource>
  </package>
  <page>
    <source value="index.html"/>
    <title value="Australian Digital Health Agency Shared Medicines List FHIR Implementation Guide"/>
    <kind value="page"/>
  </page>
</ImplementationGuide>