{
  "resourceType": "MedicationStatement",
  "id": "3f99bc18-7edf-4e2a-9eae-86629b56d06e",
  "meta": {
    "profile": [
      "http://ns.electronichealth.net.au/ci/fhir/3.0/StructureDefinition/medicationstatement-detailed-1"
    ]
  },
  "text": {
    "status": "generated",
    "div": "<div xmlns=\"http://www.w3.org/1999/xhtml\"><p><b>Generated Narrative with Details</b></p><p><b>id</b>: 3f99bc18-7edf-4e2a-9eae-86629b56d06e</p><p><b>meta</b>: </p><p><b>status</b>: stopped</p><p><b>medication</b>: <a href=\"Medication-2a506a7c-aab0-4af3-9ea3-3f47ebe16e3d.html\">Generated Summary: id: 2a506a7c-aab0-4af3-9ea3-3f47ebe16e3d; <span title=\"Codes: {http://snomed.info/sct 21885011000036105}\">Ibuprofen</span></a></p><p><b>dateAsserted</b>: 11/12/2018</p><p><b>subject</b>: <a href=\"Patient-43acc1fd-9f9d-4f2f-8649-c290ac7ff847.html\">Generated Summary: id: 43acc1fd-9f9d-4f2f-8649-c290ac7ff847; National unique individual identifier = 8003608833357361; Frank Goodpatient ; gender: male; birthDate: 24/03/1981</a></p><p><b>taken</b>: y</p><p><b>dosage</b>: </p></div>"
  },
  "status": "stopped",
  "medicationReference": {
    "reference": "Medication/2a506a7c-aab0-4af3-9ea3-3f47ebe16e3d"
  },
  "dateAsserted": "2018-12-11",
  "subject": {
    "reference": "Patient/43acc1fd-9f9d-4f2f-8649-c290ac7ff847"
  },
  "taken": "y",
  "dosage": [
    {
      "text": "When needed"
    }
  ]
}