<?xml version="1.0" encoding="UTF-8"?>

<MedicationStatement xmlns="http://hl7.org/fhir">
  <id value="1b1d78d2-8656-11e9-bc42-526af7764f64"/>
  <meta>
    <profile value="http://ns.electronichealth.net.au/ci/fhir/3.0/StructureDefinition/medicationstatement-detailed-1"/>
  </meta>
  <text>
    <status value="generated"/><div xmlns="http://www.w3.org/1999/xhtml"><p><b>Generated Narrative with Details</b></p><p><b>id</b>: 1b1d78d2-8656-11e9-bc42-526af7764f64</p><p><b>meta</b>: </p><p><b>status</b>: completed</p><p><b>medication</b>: <a href="Medication-77dbc052-8655-11e9-bc42-526af7764f64.html">Generated Summary: id: 77dbc052-8655-11e9-bc42-526af7764f64; <span title="Codes: {http://snomed.info/sct 22464011000036101}">Paracetamol 500 mg tablet</span></a></p><p><b>effective</b>: ?? --&gt; 1 Dec. 2018, 12:00:00 am</p><p><b>dateAsserted</b>: 11 Dec. 2018</p><p><b>subject</b>: <a href="Patient-55a2e4fc-8321-11e9-bc42-526af7764f64.html">Generated Summary: id: 55a2e4fc-8321-11e9-bc42-526af7764f64; National unique individual identifier = 8003608666701594; Frank Goodpatient ; gender: male; birthDate: 24 Mar. 1981</a></p><p><b>taken</b>: y</p><p><b>dosage</b>: </p></div>
  </text>
  <status value="completed"/>
  <medicationReference>
    <reference value="Medication/77dbc052-8655-11e9-bc42-526af7764f64"/>
  </medicationReference>
  <effectivePeriod>
    <end value="2018-12"/>
  </effectivePeriod>
  <dateAsserted value="2018-12-11"/>
  <subject>
    <reference value="Patient/55a2e4fc-8321-11e9-bc42-526af7764f64"/>
  </subject>
  <taken value="y"/>
  <dosage>
    <text value="Two tablets every 4-6 hours when required"/>
  </dosage>
</MedicationStatement>