<?xml version="1.0" encoding="UTF-8"?>

<MedicationStatement xmlns="http://hl7.org/fhir">
  <id value="e5b4616a-863c-11e9-bc42-526af7764f64"/>
  <meta>
    <profile value="http://ns.electronichealth.net.au/ci/fhir/3.0/StructureDefinition/medicationstatement-detailed-1"/>
  </meta>
  <text>
    <status value="generated"/><div xmlns="http://www.w3.org/1999/xhtml"><p><b>Generated Narrative with Details</b></p><p><b>id</b>: e5b4616a-863c-11e9-bc42-526af7764f64</p><p><b>meta</b>: </p><p><b>status</b>: active</p><p><b>medication</b>: <a href="Medication-9574e2d4-863b-11e9-a159-526af7764f64.html">Generated Summary: id: 9574e2d4-863b-11e9-a159-526af7764f64; <span title="Codes: ">Panadol Osteo</span></a></p><p><b>dateAsserted</b>: 11 Dec. 2018</p><p><b>subject</b>: <a href="Patient-55a2e4fc-8321-11e9-bc42-526af7764f64.html">Generated Summary: id: 55a2e4fc-8321-11e9-bc42-526af7764f64; National unique individual identifier = 8003608666701594; Frank Goodpatient ; gender: male; birthDate: 24 Mar. 1981</a></p><p><b>taken</b>: y</p><p><b>reasonCode</b>: Osteoarthritis, pain relief <span style="background: LightGoldenRodYellow">(Details )</span></p><p><b>dosage</b>: </p></div>
  </text>
  <status value="active"/>
  <medicationReference>
    <reference value="Medication/9574e2d4-863b-11e9-a159-526af7764f64"/>
  </medicationReference>
  <dateAsserted value="2018-12-11"/>
  <subject>
    <reference value="Patient/55a2e4fc-8321-11e9-bc42-526af7764f64"/>
  </subject>
  <taken value="y"/>
  <reasonCode>
    <text value="Osteoarthritis, pain relief"/>
  </reasonCode>
  <dosage>
    <text value="Take two caplets every 6 to 8 hours when required"/>
    <patientInstruction value="No more than 6 caplets in 24 hours"/>
  </dosage>
</MedicationStatement>