{
  "resourceType": "MedicationStatement",
  "id": "ce9d0158-5f77-4c30-8aad-79500eb2c16f",
  "meta": {
    "profile": [
      "http://ns.electronichealth.net.au/ci/fhir/3.0/StructureDefinition/medicationstatement-detailed-1"
    ]
  },
  "text": {
    "status": "generated",
    "div": "<div xmlns=\"http://www.w3.org/1999/xhtml\"><p><b>Generated Narrative with Details</b></p><p><b>id</b>: ce9d0158-5f77-4c30-8aad-79500eb2c16f</p><p><b>meta</b>: </p><p><b>status</b>: on-hold</p><p><b>medication</b>: <a href=\"Medication-19ae06e9-0242-41eb-b386-5c147b01e88f.html\">Generated Summary: id: 19ae06e9-0242-41eb-b386-5c147b01e88f; <span title=\"Codes: {http://snomed.info/sct 22464011000036101}\">warfarin sodium 5 mg tablet</span></a></p><p><b>dateAsserted</b>: 11 Dec. 2018</p><p><b>subject</b>: <a href=\"Patient-43acc1fd-9f9d-4f2f-8649-c290ac7ff847.html\">Generated Summary: id: 43acc1fd-9f9d-4f2f-8649-c290ac7ff847; National unique individual identifier = 8003608666701594; Frank Goodpatient ; gender: male; birthDate: 24 Mar. 1981</a></p><p><b>taken</b>: y</p><p><b>reasonCode</b>: Blood thining <span style=\"background: LightGoldenRodYellow\">(Details )</span></p><p><b>dosage</b>: </p></div>"
  },
  "status": "on-hold",
  "medicationReference": {
    "reference": "Medication/19ae06e9-0242-41eb-b386-5c147b01e88f"
  },
  "dateAsserted": "2018-12-11",
  "subject": {
    "reference": "Patient/43acc1fd-9f9d-4f2f-8649-c290ac7ff847"
  },
  "taken": "y",
  "reasonCode": [
    {
      "text": "Blood thining"
    }
  ],
  "dosage": [
    {
      "text": "Take as directed by your doctor at night"
    }
  ]
}