<?xml version="1.0" encoding="UTF-8"?>

<Observation xmlns="http://hl7.org/fhir">
  <id value="c2e83af7-d9a2-44a1-9f8b-ad32f4be3a39"/>
  <meta>
    <profile value="http://ns.electronichealth.net.au/ci/fhir/3.0/StructureDefinition/observation-norelevantfinding-1"/>
  </meta>
  <text>
    <status value="generated"/><div xmlns="http://www.w3.org/1999/xhtml"><p><b>Generated Narrative</b></p><p><b>id</b>: c2e83af7-d9a2-44a1-9f8b-ad32f4be3a39</p><p><b>meta</b>: </p><p></p><p><b>code</b>: <span title="Codes: {http://hl7.org/fhir/v3/ActCode ASSERTION}">Assertion</span></p><p><b>subject</b>: <a href="Patient-5bd1f29e-06b4-49c6-991e-c68219bbe13a.html">Generated Summary: id: 5bd1f29e-06b4-49c6-991e-c68219bbe13a; NI = 8003608000228437; Brady FRAZIER ; gender: male; birthDate: 1978-01-01</a></p><p><b>value</b>: <span title="Codes: {http://snomed.info/sct 1234391000168107}">Patient is not taking any medicines</span></p></div>
  </text>
  <status value="final"/>
  <code>
    <coding>
      <system value="http://hl7.org/fhir/v3/ActCode"/>
      <code value="ASSERTION"/>
    </coding>
  </code>
  <subject>
    <reference value="Patient/5bd1f29e-06b4-49c6-991e-c68219bbe13a"/>
  </subject>
  <valueCodeableConcept>
    <coding>
      <system value="http://snomed.info/sct"/>
      <code value="1234391000168107"/>
      <display value="No known current medications"/>
    </coding>
    <text value="Patient is not taking any medicines"/>
  </valueCodeableConcept>
</Observation>