{
  "resourceType": "Organization",
  "id": "084bafa0-866d-11e9-bc42-526af7764f64",
  "meta": {
    "profile": [
      "http://ns.electronichealth.net.au/ci/fhir/3.0/StructureDefinition/organization-ident-1",
      "http://ns.electronichealth.net.au/ci/fhir/3.0/StructureDefinition/organization-dh-base-1"
    ]
  },
  "text": {
    "status": "generated",
    "div": "<div xmlns=\"http://www.w3.org/1999/xhtml\"><p><b>Generated Narrative with Details</b></p><p><b>id</b>: 084bafa0-866d-11e9-bc42-526af7764f64</p><p><b>meta</b>: </p><p><b>identifier</b>: ABN = 51824754455</p><p><b>type</b>: Healthcare Provider <span style=\"background: LightGoldenRodYellow\">(Details : {http://hl7.org/fhir/organization-type code 'prov' = 'Healthcare Provider', given as 'Healthcare Provider'})</span></p><p><b>name</b>: Tes Health Service</p><p><b>telecom</b>: ph: 07 9804 6688(WORK)</p></div>"
  },
  "identifier": [
    {
      "type": {
        "text": "ABN"
      },
      "system": "http://hl7.org.au/id/abn",
      "value": "51824754455"
    }
  ],
  "type": [
    {
      "coding": [
        {
          "system": "http://hl7.org/fhir/organization-type",
          "code": "prov",
          "display": "Healthcare Provider"
        }
      ]
    }
  ],
  "name": "Tes Health Service",
  "telecom": [
    {
      "system": "phone",
      "value": "07 9804 6688",
      "use": "work"
    }
  ]
}