<?xml version="1.0" encoding="UTF-8"?>

<PractitionerRole xmlns="http://hl7.org/fhir">
  <id value="2be6504a-160a-4cb0-ac4c-4b5aa503085d"/>
  <meta>
    <profile value="http://ns.electronichealth.net.au/ci/fhir/3.0/StructureDefinition/practitionerrole-withpractitionerident-1"/>
  </meta>
  <text>
    <status value="generated"/><div xmlns="http://www.w3.org/1999/xhtml"><p><b>Generated Narrative with Details</b></p><p><b>id</b>: 2be6504a-160a-4cb0-ac4c-4b5aa503085d</p><p><b>meta</b>: </p><p><b>practitioner</b>: <a href="Practitioner-4e2ed22a-95c8-4403-87fa-9a6a171ddc8b.html">Generated Summary: id: 4e2ed22a-95c8-4403-87fa-9a6a171ddc8b; EI = north27; North Black </a></p><p><b>code</b>: General Practitioner <span style="background: LightGoldenRodYellow">(Details )</span></p></div>
  </text>
  <practitioner>
    <reference value="Practitioner/4e2ed22a-95c8-4403-87fa-9a6a171ddc8b"/>
  </practitioner>
  <code>
    <text value="General Practitioner"/>
  </code>
</PractitionerRole>