{
  "resourceType": "Practitioner",
  "id": "24bb6d57-392e-4ab1-baab-d184304a7448",
  "meta": {
    "profile": [
      "http://ns.electronichealth.net.au/ci/fhir/3.0/StructureDefinition/practitioner-ident-1"
    ]
  },
  "text": {
    "status": "generated",
    "div": "<div xmlns=\"http://www.w3.org/1999/xhtml\"><p><b>Generated Narrative</b></p><p><b>id</b>: 24bb6d57-392e-4ab1-baab-d184304a7448</p><p><b>meta</b>: </p><p><b>identifier</b>: HPI-I = 8003616566708106</p></div>"
  },
  "identifier": [
    {
      "type": {
        "coding": [
          {
            "system": "http://hl7.org/fhir/v2/0203",
            "code": "NPI",
            "display": "National provider identifier"
          }
        ],
        "text": "HPI-I"
      },
      "system": "http://ns.electronichealth.net.au/id/hi/hpii/1.0",
      "value": "8003616566708106"
    }
  ]
}