<?xml version="1.0" encoding="UTF-8"?>

<StructureDefinition xmlns="http://hl7.org/fhir">
  <id value="allergyintolerance-summary-1"/>
  <text>
    <status value="generated"/><div xmlns="http://www.w3.org/1999/xhtml"><table border="0" cellpadding="0" cellspacing="0" style="border: 0px #F0F0F0 solid; font-size: 11px; font-family: verdana; vertical-align: top;"><tr style="border: 1px #F0F0F0 solid; font-size: 11px; font-family: verdana; vertical-align: top;"><th style="vertical-align: top; text-align : left; background-color: white; border: 0px #F0F0F0 solid; padding:0px 4px 0px 4px" class="hierarchy"><a href="http://hl7.org/fhir/STU3/formats.html#table" title="The logical name of the element">Name</a></th><th style="vertical-align: top; text-align : left; background-color: white; border: 0px #F0F0F0 solid; padding:0px 4px 0px 4px" class="hierarchy"><a href="http://hl7.org/fhir/STU3/formats.html#table" title="Information about the use of the element">Flags</a></th><th style="vertical-align: top; text-align : left; background-color: white; border: 0px #F0F0F0 solid; padding:0px 4px 0px 4px" class="hierarchy"><a href="http://hl7.org/fhir/STU3/formats.html#table" title="Minimum and Maximum # of times the the element can appear in the instance">Card.</a></th><th style="width: 100px" class="hierarchy"><a href="http://hl7.org/fhir/STU3/formats.html#table" title="Reference to the type of the element">Type</a></th><th style="vertical-align: top; text-align : left; background-color: white; border: 0px #F0F0F0 solid; padding:0px 4px 0px 4px" class="hierarchy"><a href="http://hl7.org/fhir/STU3/formats.html#table" title="Additional information about the element">Description &amp; Constraints</a><span style="float: right"><a href="http://hl7.org/fhir/STU3/formats.html#table" title="Legend for this format"><img src="http://hl7.org/fhir/STU3/help16.png" alt="doco" style="background-color: inherit"/></a></span></th></tr><tr style="border: 0px #F0F0F0 solid; padding:0px; vertical-align: top; background-color: white;"><td style="vertical-align: top; text-align : left; background-color: white; border: 0px #F0F0F0 solid; padding:0px 4px 0px 4px; white-space: nowrap; background-image: url(tbl_bck1.png)" class="hierarchy"><img src="tbl_spacer.png" alt="." style="background-color: inherit" class="hierarchy"/><img src="icon_element.gif" alt="." style="background-color: white; background-color: inherit" title="Element" class="hierarchy"/> <a href="StructureDefinition-allergyintolerance-summary-1-definitions.html#AllergyIntolerance" title="null">AllergyIntolerance</a><a name="AllergyIntolerance"> </a></td><td style="vertical-align: top; text-align : left; background-color: white; border: 0px #F0F0F0 solid; padding:0px 4px 0px 4px" class="hierarchy"><span style="padding-left: 3px; padding-right: 3px; color: black; null" title="This element has or is affected by some invariants (inv-dh-ait-03, inv-dh-ait-01, inv-dh-ait-02)">I</span></td><td style="vertical-align: top; text-align : left; background-color: white; border: 0px #F0F0F0 solid; padding:0px 4px 0px 4px" class="hierarchy"><span style="opacity: 0.4">0</span><span style="opacity: 0.5">..</span><span style="opacity: 0.4">*</span></td><td style="vertical-align: top; text-align : left; background-color: white; border: 0px #F0F0F0 solid; padding:0px 4px 0px 4px" class="hierarchy"/><td style="vertical-align: top; text-align : left; background-color: white; border: 0px #F0F0F0 solid; padding:0px 4px 0px 4px" class="hierarchy"><span style="font-weight:bold">inv-dh-ait-03: </span>If present, a recorder related person shall at least have a reference, an identifier or a display<br/><span style="font-weight:bold">inv-dh-ait-01: </span>The patient shall at least have a reference or an identifier with at least a system and a value<br/><span style="font-weight:bold">inv-dh-ait-02: </span>If present, a recorder shall at least have a reference, an identifier or a display</td></tr>
<tr style="border: 0px #F0F0F0 solid; padding:0px; vertical-align: top; background-color: #F7F7F7;"><td style="vertical-align: top; text-align : left; background-color: #F7F7F7; border: 0px #F0F0F0 solid; padding:0px 4px 0px 4px; white-space: nowrap; background-image: url(tbl_bck14.png)" class="hierarchy"><img src="tbl_spacer.png" alt="." style="background-color: inherit" class="hierarchy"/><img src="tbl_vjoin.png" alt="." style="background-color: inherit" class="hierarchy"/><img src="icon_slice_item.png" alt="." style="background-color: #F7F7F7; background-color: inherit" title="Slice Item" class="hierarchy"/> <a href="StructureDefinition-allergyintolerance-summary-1-definitions.html#AllergyIntolerance.extension:authorRelatedPerson" title="Slice authorRelatedPerson: null">extension:authorRelatedPerson</a><a name="AllergyIntolerance.extension"> </a></td><td style="vertical-align: top; text-align : left; background-color: #F7F7F7; border: 0px #F0F0F0 solid; padding:0px 4px 0px 4px" class="hierarchy"><span style="padding-left: 3px; padding-right: 3px; color: white; background-color: red" title="This element must be supported">S</span><span style="padding-left: 3px; padding-right: 3px; color: black; null" title="This element has or is affected by some invariants (inv-dh-ait-04)">I</span></td><td style="vertical-align: top; text-align : left; background-color: #F7F7F7; border: 0px #F0F0F0 solid; padding:0px 4px 0px 4px" class="hierarchy"><span style="opacity: 0.4">0</span><span style="opacity: 0.5">..</span><span style="opacity: 0.4">1</span></td><td style="vertical-align: top; text-align : left; background-color: #F7F7F7; border: 0px #F0F0F0 solid; padding:0px 4px 0px 4px" class="hierarchy"><a style="opacity: 0.4" href="http://hl7.org.au/fhir/base/aubase1.1/StructureDefinition-author-related-person.html" title="Extension">AuthorRelatedPerson</a></td><td style="vertical-align: top; text-align : left; background-color: #F7F7F7; border: 0px #F0F0F0 solid; padding:0px 4px 0px 4px" class="hierarchy"><span style="font-weight:bold">inv-dh-ait-04: </span>A related person shall conform to Base RelatedPerson</td></tr>
<tr style="border: 0px #F0F0F0 solid; padding:0px; vertical-align: top; background-color: white;"><td style="vertical-align: top; text-align : left; background-color: white; border: 0px #F0F0F0 solid; padding:0px 4px 0px 4px; white-space: nowrap; background-image: url(tbl_bck10.png)" class="hierarchy"><img src="tbl_spacer.png" alt="." style="background-color: inherit" class="hierarchy"/><img src="tbl_vjoin.png" alt="." style="background-color: inherit" class="hierarchy"/><img src="icon_element.gif" alt="." style="background-color: white; background-color: inherit" title="Element" class="hierarchy"/> <a href="StructureDefinition-allergyintolerance-summary-1-definitions.html#AllergyIntolerance.clinicalStatus" title="null">clinicalStatus</a><a name="AllergyIntolerance.clinicalStatus"> </a></td><td style="vertical-align: top; text-align : left; background-color: white; border: 0px #F0F0F0 solid; padding:0px 4px 0px 4px" class="hierarchy"><span style="padding-left: 3px; padding-right: 3px; color: white; background-color: red" title="This element must be supported">S</span></td><td style="vertical-align: top; text-align : left; background-color: white; border: 0px #F0F0F0 solid; padding:0px 4px 0px 4px" class="hierarchy"><span style="opacity: 0.4">0</span><span style="opacity: 0.5">..</span><span style="opacity: 0.4">1</span></td><td style="vertical-align: top; text-align : left; background-color: white; border: 0px #F0F0F0 solid; padding:0px 4px 0px 4px" class="hierarchy"><a style="opacity: 0.4" href="http://hl7.org/fhir/STU3/datatypes.html#code">code</a></td><td style="vertical-align: top; text-align : left; background-color: white; border: 0px #F0F0F0 solid; padding:0px 4px 0px 4px" class="hierarchy"/></tr>
<tr style="border: 0px #F0F0F0 solid; padding:0px; vertical-align: top; background-color: #F7F7F7;"><td style="vertical-align: top; text-align : left; background-color: #F7F7F7; border: 0px #F0F0F0 solid; padding:0px 4px 0px 4px; white-space: nowrap; background-image: url(tbl_bck10.png)" class="hierarchy"><img src="tbl_spacer.png" alt="." style="background-color: inherit" class="hierarchy"/><img src="tbl_vjoin.png" alt="." style="background-color: inherit" class="hierarchy"/><img src="icon_element.gif" alt="." style="background-color: #F7F7F7; background-color: inherit" title="Element" class="hierarchy"/> <a href="StructureDefinition-allergyintolerance-summary-1-definitions.html#AllergyIntolerance.verificationStatus" title="null">verificationStatus</a><a name="AllergyIntolerance.verificationStatus"> </a></td><td style="vertical-align: top; text-align : left; background-color: #F7F7F7; border: 0px #F0F0F0 solid; padding:0px 4px 0px 4px" class="hierarchy"><span style="padding-left: 3px; padding-right: 3px; color: white; background-color: red" title="This element must be supported">S</span></td><td style="vertical-align: top; text-align : left; background-color: #F7F7F7; border: 0px #F0F0F0 solid; padding:0px 4px 0px 4px" class="hierarchy"><span style="opacity: 0.4">1</span><span style="opacity: 0.5">..</span><span style="opacity: 0.4">1</span></td><td style="vertical-align: top; text-align : left; background-color: #F7F7F7; border: 0px #F0F0F0 solid; padding:0px 4px 0px 4px" class="hierarchy"><a style="opacity: 0.4" href="http://hl7.org/fhir/STU3/datatypes.html#code">code</a></td><td style="vertical-align: top; text-align : left; background-color: #F7F7F7; border: 0px #F0F0F0 solid; padding:0px 4px 0px 4px" class="hierarchy"/></tr>
<tr style="border: 0px #F0F0F0 solid; padding:0px; vertical-align: top; background-color: white;"><td style="vertical-align: top; text-align : left; background-color: white; border: 0px #F0F0F0 solid; padding:0px 4px 0px 4px; white-space: nowrap; background-image: url(tbl_bck10.png)" class="hierarchy"><img src="tbl_spacer.png" alt="." style="background-color: inherit" class="hierarchy"/><img src="tbl_vjoin.png" alt="." style="background-color: inherit" class="hierarchy"/><img src="icon_element.gif" alt="." style="background-color: white; background-color: inherit" title="Element" class="hierarchy"/> <a href="StructureDefinition-allergyintolerance-summary-1-definitions.html#AllergyIntolerance.type" title="null">type</a><a name="AllergyIntolerance.type"> </a></td><td style="vertical-align: top; text-align : left; background-color: white; border: 0px #F0F0F0 solid; padding:0px 4px 0px 4px" class="hierarchy"><span style="padding-left: 3px; padding-right: 3px; color: white; background-color: red" title="This element must be supported">S</span></td><td style="vertical-align: top; text-align : left; background-color: white; border: 0px #F0F0F0 solid; padding:0px 4px 0px 4px" class="hierarchy"><span style="opacity: 0.4">0</span><span style="opacity: 0.5">..</span><span style="opacity: 0.4">1</span></td><td style="vertical-align: top; text-align : left; background-color: white; border: 0px #F0F0F0 solid; padding:0px 4px 0px 4px" class="hierarchy"><a style="opacity: 0.4" href="http://hl7.org/fhir/STU3/datatypes.html#code">code</a></td><td style="vertical-align: top; text-align : left; background-color: white; border: 0px #F0F0F0 solid; padding:0px 4px 0px 4px" class="hierarchy"/></tr>
<tr style="border: 0px #F0F0F0 solid; padding:0px; vertical-align: top; background-color: #F7F7F7;"><td style="vertical-align: top; text-align : left; background-color: #F7F7F7; border: 0px #F0F0F0 solid; padding:0px 4px 0px 4px; white-space: nowrap; background-image: url(tbl_bck10.png)" class="hierarchy"><img src="tbl_spacer.png" alt="." style="background-color: inherit" class="hierarchy"/><img src="tbl_vjoin.png" alt="." style="background-color: inherit" class="hierarchy"/><img src="icon_element.gif" alt="." style="background-color: #F7F7F7; background-color: inherit" title="Element" class="hierarchy"/> <a href="StructureDefinition-allergyintolerance-summary-1-definitions.html#AllergyIntolerance.code" title="null">code</a><a name="AllergyIntolerance.code"> </a></td><td style="vertical-align: top; text-align : left; background-color: #F7F7F7; border: 0px #F0F0F0 solid; padding:0px 4px 0px 4px" class="hierarchy"><span style="padding-left: 3px; padding-right: 3px; color: white; background-color: red" title="This element must be supported">S</span></td><td style="vertical-align: top; text-align : left; background-color: #F7F7F7; border: 0px #F0F0F0 solid; padding:0px 4px 0px 4px" class="hierarchy">1..1</td><td style="vertical-align: top; text-align : left; background-color: #F7F7F7; border: 0px #F0F0F0 solid; padding:0px 4px 0px 4px" class="hierarchy"><a style="opacity: 0.4" href="http://hl7.org/fhir/STU3/datatypes.html#CodeableConcept">CodeableConcept</a></td><td style="vertical-align: top; text-align : left; background-color: #F7F7F7; border: 0px #F0F0F0 solid; padding:0px 4px 0px 4px" class="hierarchy"/></tr>
<tr style="border: 0px #F0F0F0 solid; padding:0px; vertical-align: top; background-color: white;"><td style="vertical-align: top; text-align : left; background-color: white; border: 0px #F0F0F0 solid; padding:0px 4px 0px 4px; white-space: nowrap; background-image: url(tbl_bck10.png)" class="hierarchy"><img src="tbl_spacer.png" alt="." style="background-color: inherit" class="hierarchy"/><img src="tbl_vjoin.png" alt="." style="background-color: inherit" class="hierarchy"/><img src="icon_reference.png" alt="." style="background-color: white; background-color: inherit" title="Reference to another Resource" class="hierarchy"/> <a href="StructureDefinition-allergyintolerance-summary-1-definitions.html#AllergyIntolerance.patient" title="null">patient</a><a name="AllergyIntolerance.patient"> </a></td><td style="vertical-align: top; text-align : left; background-color: white; border: 0px #F0F0F0 solid; padding:0px 4px 0px 4px" class="hierarchy"><span style="padding-left: 3px; padding-right: 3px; color: white; background-color: red" title="This element must be supported">S</span></td><td style="vertical-align: top; text-align : left; background-color: white; border: 0px #F0F0F0 solid; padding:0px 4px 0px 4px" class="hierarchy"><span style="opacity: 0.4">1</span><span style="opacity: 0.5">..</span><span style="opacity: 0.4">1</span></td><td style="vertical-align: top; text-align : left; background-color: white; border: 0px #F0F0F0 solid; padding:0px 4px 0px 4px" class="hierarchy"><a href="http://hl7.org/fhir/STU3/references.html">Reference</a>(<a href="StructureDefinition-patient-ident-1.html">Patient with Mandatory Identifier</a>)</td><td style="vertical-align: top; text-align : left; background-color: white; border: 0px #F0F0F0 solid; padding:0px 4px 0px 4px" class="hierarchy"/></tr>
<tr style="border: 0px #F0F0F0 solid; padding:0px; vertical-align: top; background-color: #F7F7F7;"><td style="vertical-align: top; text-align : left; background-color: #F7F7F7; border: 0px #F0F0F0 solid; padding:0px 4px 0px 4px; white-space: nowrap; background-image: url(tbl_bck11.png)" class="hierarchy"><img src="tbl_spacer.png" alt="." style="background-color: inherit" class="hierarchy"/><img src="tbl_vjoin.png" alt="." style="background-color: inherit" class="hierarchy"/><img src="icon_choice.gif" alt="." style="background-color: #F7F7F7; background-color: inherit" title="Choice of Types" class="hierarchy"/> <a href="StructureDefinition-allergyintolerance-summary-1-definitions.html#AllergyIntolerance.onset[x]" title="null">onset[x]</a><a name="AllergyIntolerance.onset_x_"> </a></td><td style="vertical-align: top; text-align : left; background-color: #F7F7F7; border: 0px #F0F0F0 solid; padding:0px 4px 0px 4px" class="hierarchy"><span style="padding-left: 3px; padding-right: 3px; color: white; background-color: red" title="This element must be supported">S</span></td><td style="vertical-align: top; text-align : left; background-color: #F7F7F7; border: 0px #F0F0F0 solid; padding:0px 4px 0px 4px" class="hierarchy"><span style="opacity: 0.4">0</span><span style="opacity: 0.5">..</span><span style="opacity: 0.4">1</span></td><td style="vertical-align: top; text-align : left; background-color: #F7F7F7; border: 0px #F0F0F0 solid; padding:0px 4px 0px 4px" class="hierarchy"/><td style="vertical-align: top; text-align : left; background-color: #F7F7F7; border: 0px #F0F0F0 solid; padding:0px 4px 0px 4px" class="hierarchy"/></tr>
<tr style="border: 0px #F0F0F0 solid; padding:0px; vertical-align: top; background-color: white;"><td style="vertical-align: top; text-align : left; background-color: white; border: 0px #F0F0F0 solid; padding:0px 4px 0px 4px; white-space: nowrap; background-image: url(tbl_bck110.png)" class="hierarchy"><img src="tbl_spacer.png" alt="." style="background-color: inherit" class="hierarchy"/><img src="tbl_vline.png" alt="." style="background-color: inherit" class="hierarchy"/><img src="tbl_vjoin.png" alt="." style="background-color: inherit" class="hierarchy"/><img src="icon_primitive.png" alt="." style="background-color: white; background-color: inherit" title="Primitive Data Type" class="hierarchy"/> <span title="Base StructureDefinition for dateTime Type: A date, date-time or partial date (e.g. just year or year + month).  If hours and minutes are specified, a time zone SHALL be populated. The format is a union of the schema types gYear, gYearMonth, date and dateTime. Seconds must be provided due to schema type constraints but may be zero-filled and may be ignored.                 Dates SHALL be valid dates.">onsetDateTime</span></td><td style="vertical-align: top; text-align : left; background-color: white; border: 0px #F0F0F0 solid; padding:0px 4px 0px 4px" class="hierarchy"/><td style="vertical-align: top; text-align : left; background-color: white; border: 0px #F0F0F0 solid; padding:0px 4px 0px 4px" class="hierarchy"></td><td style="vertical-align: top; text-align : left; background-color: white; border: 0px #F0F0F0 solid; padding:0px 4px 0px 4px" class="hierarchy"><a href="http://hl7.org/fhir/STU3/datatypes.html#dateTime">dateTime</a></td><td style="vertical-align: top; text-align : left; background-color: white; border: 0px #F0F0F0 solid; padding:0px 4px 0px 4px" class="hierarchy"/></tr>
<tr style="border: 0px #F0F0F0 solid; padding:0px; vertical-align: top; background-color: #F7F7F7;"><td style="vertical-align: top; text-align : left; background-color: #F7F7F7; border: 0px #F0F0F0 solid; padding:0px 4px 0px 4px; white-space: nowrap; background-image: url(tbl_bck110.png)" class="hierarchy"><img src="tbl_spacer.png" alt="." style="background-color: inherit" class="hierarchy"/><img src="tbl_vline.png" alt="." style="background-color: inherit" class="hierarchy"/><img src="tbl_vjoin.png" alt="." style="background-color: inherit" class="hierarchy"/><img src="icon_datatype.gif" alt="." style="background-color: #F7F7F7; background-color: inherit" title="Data Type" class="hierarchy"/> <span title="Base StructureDefinition for Age Type">onsetAge</span></td><td style="vertical-align: top; text-align : left; background-color: #F7F7F7; border: 0px #F0F0F0 solid; padding:0px 4px 0px 4px" class="hierarchy"/><td style="vertical-align: top; text-align : left; background-color: #F7F7F7; border: 0px #F0F0F0 solid; padding:0px 4px 0px 4px" class="hierarchy"></td><td style="vertical-align: top; text-align : left; background-color: #F7F7F7; border: 0px #F0F0F0 solid; padding:0px 4px 0px 4px" class="hierarchy"><a href="http://hl7.org/fhir/STU3/datatypes.html#Age">Age</a></td><td style="vertical-align: top; text-align : left; background-color: #F7F7F7; border: 0px #F0F0F0 solid; padding:0px 4px 0px 4px" class="hierarchy"/></tr>
<tr style="border: 0px #F0F0F0 solid; padding:0px; vertical-align: top; background-color: white;"><td style="vertical-align: top; text-align : left; background-color: white; border: 0px #F0F0F0 solid; padding:0px 4px 0px 4px; white-space: nowrap; background-image: url(tbl_bck110.png)" class="hierarchy"><img src="tbl_spacer.png" alt="." style="background-color: inherit" class="hierarchy"/><img src="tbl_vline.png" alt="." style="background-color: inherit" class="hierarchy"/><img src="tbl_vjoin.png" alt="." style="background-color: inherit" class="hierarchy"/><img src="icon_datatype.gif" alt="." style="background-color: white; background-color: inherit" title="Data Type" class="hierarchy"/> <span title="Base StructureDefinition for Period Type">onsetPeriod</span></td><td style="vertical-align: top; text-align : left; background-color: white; border: 0px #F0F0F0 solid; padding:0px 4px 0px 4px" class="hierarchy"/><td style="vertical-align: top; text-align : left; background-color: white; border: 0px #F0F0F0 solid; padding:0px 4px 0px 4px" class="hierarchy"></td><td style="vertical-align: top; text-align : left; background-color: white; border: 0px #F0F0F0 solid; padding:0px 4px 0px 4px" class="hierarchy"><a href="http://hl7.org/fhir/STU3/datatypes.html#Period">Period</a></td><td style="vertical-align: top; text-align : left; background-color: white; border: 0px #F0F0F0 solid; padding:0px 4px 0px 4px" class="hierarchy"/></tr>
<tr style="border: 0px #F0F0F0 solid; padding:0px; vertical-align: top; background-color: #F7F7F7;"><td style="vertical-align: top; text-align : left; background-color: #F7F7F7; border: 0px #F0F0F0 solid; padding:0px 4px 0px 4px; white-space: nowrap; background-image: url(tbl_bck100.png)" class="hierarchy"><img src="tbl_spacer.png" alt="." style="background-color: inherit" class="hierarchy"/><img src="tbl_vline.png" alt="." style="background-color: inherit" class="hierarchy"/><img src="tbl_vjoin_end.png" alt="." style="background-color: inherit" class="hierarchy"/><img src="icon_datatype.gif" alt="." style="background-color: #F7F7F7; background-color: inherit" title="Data Type" class="hierarchy"/> <span title="Base StructureDefinition for Range Type">onsetRange</span></td><td style="vertical-align: top; text-align : left; background-color: #F7F7F7; border: 0px #F0F0F0 solid; padding:0px 4px 0px 4px" class="hierarchy"/><td style="vertical-align: top; text-align : left; background-color: #F7F7F7; border: 0px #F0F0F0 solid; padding:0px 4px 0px 4px" class="hierarchy"></td><td style="vertical-align: top; text-align : left; background-color: #F7F7F7; border: 0px #F0F0F0 solid; padding:0px 4px 0px 4px" class="hierarchy"><a href="http://hl7.org/fhir/STU3/datatypes.html#Range">Range</a></td><td style="vertical-align: top; text-align : left; background-color: #F7F7F7; border: 0px #F0F0F0 solid; padding:0px 4px 0px 4px" class="hierarchy"/></tr>
<tr style="border: 0px #F0F0F0 solid; padding:0px; vertical-align: top; background-color: white;"><td style="vertical-align: top; text-align : left; background-color: white; border: 0px #F0F0F0 solid; padding:0px 4px 0px 4px; white-space: nowrap; background-image: url(tbl_bck10.png)" class="hierarchy"><img src="tbl_spacer.png" alt="." style="background-color: inherit" class="hierarchy"/><img src="tbl_vjoin.png" alt="." style="background-color: inherit" class="hierarchy"/><img src="icon_reference.png" alt="." style="background-color: white; background-color: inherit" title="Reference to another Resource" class="hierarchy"/> <a href="StructureDefinition-allergyintolerance-summary-1-definitions.html#AllergyIntolerance.recorder" title="null">recorder</a><a name="AllergyIntolerance.recorder"> </a></td><td style="vertical-align: top; text-align : left; background-color: white; border: 0px #F0F0F0 solid; padding:0px 4px 0px 4px" class="hierarchy"><span style="padding-left: 3px; padding-right: 3px; color: white; background-color: red" title="This element must be supported">S</span></td><td style="vertical-align: top; text-align : left; background-color: white; border: 0px #F0F0F0 solid; padding:0px 4px 0px 4px" class="hierarchy"><span style="opacity: 0.4">0</span><span style="opacity: 0.5">..</span><span style="opacity: 0.4">1</span></td><td style="vertical-align: top; text-align : left; background-color: white; border: 0px #F0F0F0 solid; padding:0px 4px 0px 4px" class="hierarchy"><a href="http://hl7.org/fhir/STU3/references.html">Reference</a>(<a href="StructureDefinition-patient-dh-base-1.html">Base Patient</a> | <a href="StructureDefinition-practitioner-dh-base-1.html">Base Practitioner</a>)</td><td style="vertical-align: top; text-align : left; background-color: white; border: 0px #F0F0F0 solid; padding:0px 4px 0px 4px" class="hierarchy"/></tr>
<tr style="border: 0px #F0F0F0 solid; padding:0px; vertical-align: top; background-color: #F7F7F7;"><td style="vertical-align: top; text-align : left; background-color: #F7F7F7; border: 0px #F0F0F0 solid; padding:0px 4px 0px 4px; white-space: nowrap; background-image: url(tbl_bck10.png)" class="hierarchy"><img src="tbl_spacer.png" alt="." style="background-color: inherit" class="hierarchy"/><img src="tbl_vjoin.png" alt="." style="background-color: inherit" class="hierarchy"/><img src="icon_element.gif" alt="." style="background-color: #F7F7F7; background-color: inherit" title="Element" class="hierarchy"/> <a href="StructureDefinition-allergyintolerance-summary-1-definitions.html#AllergyIntolerance.note" title="null">note</a><a name="AllergyIntolerance.note"> </a></td><td style="vertical-align: top; text-align : left; background-color: #F7F7F7; border: 0px #F0F0F0 solid; padding:0px 4px 0px 4px" class="hierarchy"><span style="padding-left: 3px; padding-right: 3px; color: white; background-color: red" title="This element must be supported">S</span></td><td style="vertical-align: top; text-align : left; background-color: #F7F7F7; border: 0px #F0F0F0 solid; padding:0px 4px 0px 4px" class="hierarchy"><span style="opacity: 0.4">0</span><span style="opacity: 0.5">..</span><span style="opacity: 0.4">*</span></td><td style="vertical-align: top; text-align : left; background-color: #F7F7F7; border: 0px #F0F0F0 solid; padding:0px 4px 0px 4px" class="hierarchy"><a style="opacity: 0.4" href="http://hl7.org/fhir/STU3/datatypes.html#Annotation">Annotation</a></td><td style="vertical-align: top; text-align : left; background-color: #F7F7F7; border: 0px #F0F0F0 solid; padding:0px 4px 0px 4px" class="hierarchy"/></tr>
<tr style="border: 0px #F0F0F0 solid; padding:0px; vertical-align: top; background-color: white;"><td style="vertical-align: top; text-align : left; background-color: white; border: 0px #F0F0F0 solid; padding:0px 4px 0px 4px; white-space: nowrap; background-image: url(tbl_bck01.png)" class="hierarchy"><img src="tbl_spacer.png" alt="." style="background-color: inherit" class="hierarchy"/><img src="tbl_vjoin_end.png" alt="." style="background-color: inherit" class="hierarchy"/><img src="icon_element.gif" alt="." style="background-color: white; background-color: inherit" title="Element" class="hierarchy"/> <a href="StructureDefinition-allergyintolerance-summary-1-definitions.html#AllergyIntolerance.reaction" title="null">reaction</a><a name="AllergyIntolerance.reaction"> </a></td><td style="vertical-align: top; text-align : left; background-color: white; border: 0px #F0F0F0 solid; padding:0px 4px 0px 4px" class="hierarchy"><span style="padding-left: 3px; padding-right: 3px; color: white; background-color: red" title="This element must be supported">S</span></td><td style="vertical-align: top; text-align : left; background-color: white; border: 0px #F0F0F0 solid; padding:0px 4px 0px 4px" class="hierarchy"><span style="opacity: 0.4">0</span><span style="opacity: 0.5">..</span><span style="opacity: 0.4">*</span></td><td style="vertical-align: top; text-align : left; background-color: white; border: 0px #F0F0F0 solid; padding:0px 4px 0px 4px" class="hierarchy"><a style="opacity: 0.4" href="http://hl7.org/fhir/STU3/datatypes.html#BackboneElement">BackboneElement</a></td><td style="vertical-align: top; text-align : left; background-color: white; border: 0px #F0F0F0 solid; padding:0px 4px 0px 4px" class="hierarchy"/></tr>
<tr style="border: 0px #F0F0F0 solid; padding:0px; vertical-align: top; background-color: #F7F7F7;"><td style="vertical-align: top; text-align : left; background-color: #F7F7F7; border: 0px #F0F0F0 solid; padding:0px 4px 0px 4px; white-space: nowrap; background-image: url(tbl_bck010.png)" class="hierarchy"><img src="tbl_spacer.png" alt="." style="background-color: inherit" class="hierarchy"/><img src="tbl_blank.png" alt="." style="background-color: inherit" class="hierarchy"/><img src="tbl_vjoin.png" alt="." style="background-color: inherit" class="hierarchy"/><img src="icon_element.gif" alt="." style="background-color: #F7F7F7; background-color: inherit" title="Element" class="hierarchy"/> <a href="StructureDefinition-allergyintolerance-summary-1-definitions.html#AllergyIntolerance.reaction.substance" title="null">substance</a><a name="AllergyIntolerance.reaction.substance"> </a></td><td style="vertical-align: top; text-align : left; background-color: #F7F7F7; border: 0px #F0F0F0 solid; padding:0px 4px 0px 4px" class="hierarchy"><span style="padding-left: 3px; padding-right: 3px; color: white; background-color: red" title="This element must be supported">S</span></td><td style="vertical-align: top; text-align : left; background-color: #F7F7F7; border: 0px #F0F0F0 solid; padding:0px 4px 0px 4px" class="hierarchy"><span style="opacity: 0.4">0</span><span style="opacity: 0.5">..</span><span style="opacity: 0.4">1</span></td><td style="vertical-align: top; text-align : left; background-color: #F7F7F7; border: 0px #F0F0F0 solid; padding:0px 4px 0px 4px" class="hierarchy"><a style="opacity: 0.4" href="http://hl7.org/fhir/STU3/datatypes.html#CodeableConcept">CodeableConcept</a></td><td style="vertical-align: top; text-align : left; background-color: #F7F7F7; border: 0px #F0F0F0 solid; padding:0px 4px 0px 4px" class="hierarchy"/></tr>
<tr style="border: 0px #F0F0F0 solid; padding:0px; vertical-align: top; background-color: white;"><td style="vertical-align: top; text-align : left; background-color: white; border: 0px #F0F0F0 solid; padding:0px 4px 0px 4px; white-space: nowrap; background-image: url(tbl_bck000.png)" class="hierarchy"><img src="tbl_spacer.png" alt="." style="background-color: inherit" class="hierarchy"/><img src="tbl_blank.png" alt="." style="background-color: inherit" class="hierarchy"/><img src="tbl_vjoin_end.png" alt="." style="background-color: inherit" class="hierarchy"/><img src="icon_element.gif" alt="." style="background-color: white; background-color: inherit" title="Element" class="hierarchy"/> <a href="StructureDefinition-allergyintolerance-summary-1-definitions.html#AllergyIntolerance.reaction.manifestation" title="null">manifestation</a><a name="AllergyIntolerance.reaction.manifestation"> </a></td><td style="vertical-align: top; text-align : left; background-color: white; border: 0px #F0F0F0 solid; padding:0px 4px 0px 4px" class="hierarchy"><span style="padding-left: 3px; padding-right: 3px; color: white; background-color: red" title="This element must be supported">S</span></td><td style="vertical-align: top; text-align : left; background-color: white; border: 0px #F0F0F0 solid; padding:0px 4px 0px 4px" class="hierarchy"><span style="opacity: 0.4">1</span><span style="opacity: 0.5">..</span><span style="opacity: 0.4">*</span></td><td style="vertical-align: top; text-align : left; background-color: white; border: 0px #F0F0F0 solid; padding:0px 4px 0px 4px" class="hierarchy"><a style="opacity: 0.4" href="http://hl7.org/fhir/STU3/datatypes.html#CodeableConcept">CodeableConcept</a></td><td style="vertical-align: top; text-align : left; background-color: white; border: 0px #F0F0F0 solid; padding:0px 4px 0px 4px" class="hierarchy"/></tr>
<tr><td colspan="5" class="hierarchy"><br/><a href="http://hl7.org/fhir/STU3/formats.html#table" title="Legend for this format"><img src="http://hl7.org/fhir/STU3/help16.png" alt="doco" style="background-color: inherit"/> Documentation for this format</a></td></tr></table></div>
  </text>
  <url value="http://ns.electronichealth.net.au/ci/fhir/3.0/StructureDefinition/allergyintolerance-summary-1"/>
  <version value="1.0.0"/>
  <name value="AllergyIntoleranceSummary"/>
  <title value="Summary Statement of Allergy or Intolerance"/>
  <status value="draft"/>
  <experimental value="true"/>
  <date value="2019-11-08T12:41:44+10:00"/>
  <publisher value="Australian Digital Health Agency"/>
  <contact>
    <telecom>
      <system value="email"/>
      <value value="help@digitalhealth.gov.au"/>
    </telecom>
  </contact>
  <description value="The purpose of this profile is to provide a summary statement relating to an allergy or intolerance including asserting the negation for a specific allergy or intolerance, a category, or that a patient has no known allergies or intolerances.&#xA;&#xA;#### Must Support&#xA;&#xA;In the context of this profile [Must Support](http://hl7.org/fhir/STU3/conformance-rules.html#mustSupport) SHALL be interpreted as follows:&#xA;&#xA;* The system SHALL be able to include the element when authoring a resource where data is available&#xA;&#xA;* The system SHALL be able to store and retrieve the element&#xA;&#xA;* The system SHALL be able to process resources containing the element"/>
  <copyright value="Copyright &#xA9; 2019 Australian Digital Health Agency - All rights reserved. This content is licensed under a Creative Commons Attribution 4.0 International License. See https://creativecommons.org/licenses/by/4.0/."/>
  <fhirVersion value="3.0.2"/>
  <mapping>
    <identity value="rim"/>
    <uri value="http://hl7.org/v3"/>
    <name value="RIM Mapping"/>
  </mapping>
  <mapping>
    <identity value="w5"/>
    <uri value="http://hl7.org/fhir/w5"/>
    <name value="W5 Mapping"/>
  </mapping>
  <mapping>
    <identity value="v2"/>
    <uri value="http://hl7.org/v2"/>
    <name value="HL7 v2 Mapping"/>
  </mapping>
  <kind value="resource"/>
  <abstract value="false"/>
  <type value="AllergyIntolerance"/>
  <baseDefinition value="http://hl7.org.au/fhir/StructureDefinition/au-allergyintolerance"/>
  <derivation value="constraint"/>
  <snapshot>
    <element id="AllergyIntolerance">
      <path value="AllergyIntolerance"/>
      <short value="An allergy or intolerance statement in an Australian healthcare context"/>
      <definition value="Risk of harmful or undesirable, physiological response which is unique to an individual and associated with exposure to a substance."/>
      <comment value="Substances include, but are not limited to: a therapeutic substance administered correctly at an appropriate dosage for the individual; food; material derived from plants or animals; or venom from insect stings."/>
      <alias value="Allergy"/>
      <alias value="Intolerance"/>
      <alias value="Adverse Reaction"/>
      <min value="0"/>
      <max value="*"/>
      <base>
        <path value="AllergyIntolerance"/>
        <min value="0"/>
        <max value="*"/>
      </base>
      <constraint>
        <key value="dom-2"/>
        <severity value="error"/>
        <human value="If the resource is contained in another resource, it SHALL NOT contain nested Resources"/>
        <expression value="contained.contained.empty()"/>
        <xpath value="not(parent::f:contained and f:contained)"/>
        <source value="DomainResource"/>
      </constraint>
      <constraint>
        <key value="dom-1"/>
        <severity value="error"/>
        <human value="If the resource is contained in another resource, it SHALL NOT contain any narrative"/>
        <expression value="contained.text.empty()"/>
        <xpath value="not(parent::f:contained and f:text)"/>
        <source value="DomainResource"/>
      </constraint>
      <constraint>
        <key value="dom-4"/>
        <severity value="error"/>
        <human value="If a resource is contained in another resource, it SHALL NOT have a meta.versionId or a meta.lastUpdated"/>
        <expression value="contained.meta.versionId.empty() and contained.meta.lastUpdated.empty()"/>
        <xpath value="not(exists(f:contained/*/f:meta/f:versionId)) and not(exists(f:contained/*/f:meta/f:lastUpdated))"/>
        <source value="DomainResource"/>
      </constraint>
      <constraint>
        <key value="dom-3"/>
        <severity value="error"/>
        <human value="If the resource is contained in another resource, it SHALL be referred to from elsewhere in the resource"/>
        <expression value="contained.where((&#39;#&#39;+id in %resource.descendants().reference).not()).empty()"/>
        <xpath value="not(exists(for $id in f:contained/*/@id return $id[not(ancestor::f:contained/parent::*/descendant::f:reference/@value=concat(&#39;#&#39;, $id))]))"/>
        <source value="DomainResource"/>
      </constraint>
      <constraint>
        <key value="ait-1"/>
        <severity value="error"/>
        <human value="AllergyIntolerance.clinicalStatus SHALL be present if verificationStatus is not entered-in-error."/>
        <expression value="verificationStatus=&#39;entered-in-error&#39; or clinicalStatus.exists()"/>
        <xpath value="f:verificationStatus/@value=&#39;entered-in-error&#39; or exists(f:clinicalStatus)"/>
        <source value="AllergyIntolerance"/>
      </constraint>
      <constraint>
        <key value="ait-2"/>
        <severity value="error"/>
        <human value="AllergyIntolerance.clinicalStatus SHALL NOT be present if verification Status is entered-in-error"/>
        <expression value="verificationStatus!=&#39;entered-in-error&#39; or clinicalStatus.empty()"/>
        <xpath value="f:verificationStatus/@value!=&#39;entered-in-error&#39; or not(exists(f:clinicalStatus))"/>
        <source value="AllergyIntolerance"/>
      </constraint>
      <constraint>
        <key value="inv-ait-0"/>
        <severity value="error"/>
        <human value="Recorder and author related party shall not coexist"/>
        <expression value="(extension(&#39;http://hl7.org.au/fhir/StructureDefinition/author-related-person&#39;).exists() and recorder.exists()).not()"/>
        <source value="http://hl7.org.au/fhir/StructureDefinition/au-allergyintolerance"/>
      </constraint>
      <constraint>
        <key value="inv-dh-ait-03"/>
        <severity value="error"/>
        <human value="If present, a recorder related person shall at least have a reference, an identifier or a display"/>
        <expression value="extension(&#39;http://hl7.org.au/fhir/StructureDefinition/author-related-person&#39;).exists() implies extension.valueReference.all($this.reference.exists() or $this.identifier.exists() or $this.display.exists())"/>
      </constraint>
      <constraint>
        <key value="inv-dh-ait-01"/>
        <severity value="error"/>
        <human value="The patient shall at least have a reference or an identifier with at least a system and a value"/>
        <expression value="patient.reference.exists() or patient.identifier.where(system.count() + value.count() &gt;1).exists()"/>
      </constraint>
      <constraint>
        <key value="inv-dh-ait-02"/>
        <severity value="error"/>
        <human value="If present, a recorder shall at least have a reference, an identifier or a display"/>
        <expression value="recorder.exists() implies recorder.all($this.reference.exists() or $this.identifier.exists() or $this.display.exists())"/>
      </constraint>
      <mapping>
        <identity value="rim"/>
        <map value="Entity. Role, or Act"/>
      </mapping>
      <mapping>
        <identity value="rim"/>
        <map value="Observation[classCode=OBS, moodCode=EVN]"/>
      </mapping>
      <mapping>
        <identity value="w5"/>
        <map value="clinical.general"/>
      </mapping>
    </element>
    <element id="AllergyIntolerance.id">
      <path value="AllergyIntolerance.id"/>
      <short value="Logical id of this artifact"/>
      <definition value="The logical id of the resource, as used in the URL for the resource. Once assigned, this value never changes."/>
      <comment value="The only time that a resource does not have an id is when it is being submitted to the server using a create operation."/>
      <min value="0"/>
      <max value="1"/>
      <base>
        <path value="Resource.id"/>
        <min value="0"/>
        <max value="1"/>
      </base>
      <type>
        <code value="id"/>
      </type>
      <isSummary value="true"/>
    </element>
    <element id="AllergyIntolerance.meta">
      <path value="AllergyIntolerance.meta"/>
      <short value="Metadata about the resource"/>
      <definition value="The metadata about the resource. This is content that is maintained by the infrastructure. Changes to the content may not always be associated with version changes to the resource."/>
      <min value="0"/>
      <max value="1"/>
      <base>
        <path value="Resource.meta"/>
        <min value="0"/>
        <max value="1"/>
      </base>
      <type>
        <code value="Meta"/>
      </type>
      <isSummary value="true"/>
    </element>
    <element id="AllergyIntolerance.implicitRules">
      <path value="AllergyIntolerance.implicitRules"/>
      <short value="A set of rules under which this content was created"/>
      <definition value="A reference to a set of rules that were followed when the resource was constructed, and which must be understood when processing the content."/>
      <comment value="Asserting this rule set restricts the content to be only understood by a limited set of trading partners. This inherently limits the usefulness of the data in the long term. However, the existing health eco-system is highly fractured, and not yet ready to define, collect, and exchange data in a generally computable sense. Wherever possible, implementers and/or specification writers should avoid using this element. &#xA;&#xA;This element is labelled as a modifier because the implicit rules may provide additional knowledge about the resource that modifies it&#39;s meaning or interpretation."/>
      <min value="0"/>
      <max value="1"/>
      <base>
        <path value="Resource.implicitRules"/>
        <min value="0"/>
        <max value="1"/>
      </base>
      <type>
        <code value="uri"/>
      </type>
      <isModifier value="true"/>
      <isSummary value="true"/>
    </element>
    <element id="AllergyIntolerance.language">
      <path value="AllergyIntolerance.language"/>
      <short value="Language of the resource content"/>
      <definition value="The base language in which the resource is written."/>
      <comment value="Language is provided to support indexing and accessibility (typically, services such as text to speech use the language tag). The html language tag in the narrative applies  to the narrative. The language tag on the resource may be used to specify the language of other presentations generated from the data in the resource  Not all the content has to be in the base language. The Resource.language should not be assumed to apply to the narrative automatically. If a language is specified, it should it also be specified on the div element in the html (see rules in HTML5 for information about the relationship between xml:lang and the html lang attribute)."/>
      <min value="0"/>
      <max value="1"/>
      <base>
        <path value="Resource.language"/>
        <min value="0"/>
        <max value="1"/>
      </base>
      <type>
        <code value="code"/>
      </type>
      <binding>
        <extension url="http://hl7.org/fhir/StructureDefinition/elementdefinition-maxValueSet">
          <valueReference>
            <reference value="http://hl7.org/fhir/ValueSet/all-languages"/>
          </valueReference>
        </extension>
        <extension url="http://hl7.org/fhir/StructureDefinition/elementdefinition-bindingName">
          <valueString value="Language"/>
        </extension>
        <extension url="http://hl7.org/fhir/StructureDefinition/elementdefinition-isCommonBinding">
          <valueBoolean value="true"/>
        </extension>
        <strength value="extensible"/>
        <description value="A human language."/>
        <valueSetReference>
          <reference value="http://hl7.org/fhir/ValueSet/languages"/>
        </valueSetReference>
      </binding>
    </element>
    <element id="AllergyIntolerance.text">
      <path value="AllergyIntolerance.text"/>
      <short value="Text summary of the resource, for human interpretation"/>
      <definition value="A human-readable narrative that contains a summary of the resource, and may be used to represent the content of the resource to a human. The narrative need not encode all the structured data, but is required to contain sufficient detail to make it &quot;clinically safe&quot; for a human to just read the narrative. Resource definitions may define what content should be represented in the narrative to ensure clinical safety."/>
      <comment value="Contained resources do not have narrative. Resources that are not contained SHOULD have a narrative. In some cases, a resource may only have text with little or no additional discrete data (as long as all minOccurs=1 elements are satisfied).  This may be necessary for data from legacy systems where information is captured as a &quot;text blob&quot; or where text is additionally entered raw or narrated and encoded in formation is added later."/>
      <alias value="narrative"/>
      <alias value="html"/>
      <alias value="xhtml"/>
      <alias value="display"/>
      <min value="0"/>
      <max value="1"/>
      <base>
        <path value="DomainResource.text"/>
        <min value="0"/>
        <max value="1"/>
      </base>
      <type>
        <code value="Narrative"/>
      </type>
      <condition value="dom-1"/>
      <mapping>
        <identity value="rim"/>
        <map value="Act.text?"/>
      </mapping>
    </element>
    <element id="AllergyIntolerance.contained">
      <path value="AllergyIntolerance.contained"/>
      <short value="Contained, inline Resources"/>
      <definition value="These resources do not have an independent existence apart from the resource that contains them - they cannot be identified independently, and nor can they have their own independent transaction scope."/>
      <comment value="This should never be done when the content can be identified properly, as once identification is lost, it is extremely difficult (and context dependent) to restore it again."/>
      <alias value="inline resources"/>
      <alias value="anonymous resources"/>
      <alias value="contained resources"/>
      <min value="0"/>
      <max value="*"/>
      <base>
        <path value="DomainResource.contained"/>
        <min value="0"/>
        <max value="*"/>
      </base>
      <type>
        <code value="Resource"/>
      </type>
      <mapping>
        <identity value="rim"/>
        <map value="N/A"/>
      </mapping>
    </element>
    <element id="AllergyIntolerance.extension">
      <path value="AllergyIntolerance.extension"/>
      <slicing>
        <discriminator>
          <type value="value"/>
          <path value="url"/>
        </discriminator>
        <rules value="open"/>
      </slicing>
      <short value="Extension"/>
      <definition value="An Extension"/>
      <min value="0"/>
      <max value="*"/>
      <base>
        <path value="DomainResource.extension"/>
        <min value="0"/>
        <max value="*"/>
      </base>
      <type>
        <code value="Extension"/>
      </type>
    </element>
    <element id="AllergyIntolerance.extension:authorRelatedPerson">
      <path value="AllergyIntolerance.extension"/>
      <sliceName value="authorRelatedPerson"/>
      <short value="Related person that authored the resource"/>
      <definition value="Reference to related person that authored the resource and takes responsibility for its content."/>
      <min value="0"/>
      <max value="1"/>
      <base>
        <path value="DomainResource.extension"/>
        <min value="0"/>
        <max value="*"/>
      </base>
      <type>
        <code value="Extension"/>
        <profile value="http://hl7.org.au/fhir/StructureDefinition/author-related-person"/>
      </type>
      <condition value="ele-1"/>
      <constraint>
        <key value="ele-1"/>
        <severity value="error"/>
        <human value="All FHIR elements must have a @value or children"/>
        <expression value="hasValue() | (children().count() &gt; id.count())"/>
        <xpath value="@value|f:*|h:div"/>
        <source value="Element"/>
      </constraint>
      <constraint>
        <key value="ext-1"/>
        <severity value="error"/>
        <human value="Must have either extensions or value[x], not both"/>
        <expression value="extension.exists() != value.exists()"/>
        <xpath value="exists(f:extension)!=exists(f:*[starts-with(local-name(.), &#39;value&#39;)])"/>
        <source value="Extension"/>
      </constraint>
      <constraint>
        <key value="inv-dh-ait-04"/>
        <severity value="error"/>
        <human value="A related person shall conform to Base RelatedPerson"/>
        <expression value="resolve().conformsTo(&#39;http://ns.electronichealth.net.au/ci/fhir/3.0/StructureDefinition/relatedperson-dh-base-1&#39;)"/>
      </constraint>
      <mustSupport value="true"/>
    </element>
    <element id="AllergyIntolerance.modifierExtension">
      <path value="AllergyIntolerance.modifierExtension"/>
      <short value="Extensions that cannot be ignored"/>
      <definition value="May be used to represent additional information that is not part of the basic definition of the resource, and that modifies the understanding of the element that contains it. Usually modifier elements provide negation or qualification. In order to make the use of extensions safe and manageable, there is a strict set of governance applied to the definition and use of extensions. Though any implementer is allowed to define an extension, there is a set of requirements that SHALL be met as part of the definition of the extension. Applications processing a resource are required to check for modifier extensions."/>
      <comment value="There can be no stigma associated with the use of extensions by any application, project, or standard - regardless of the institution or jurisdiction that uses or defines the extensions.  The use of extensions is what allows the FHIR specification to retain a core level of simplicity for everyone."/>
      <alias value="extensions"/>
      <alias value="user content"/>
      <min value="0"/>
      <max value="*"/>
      <base>
        <path value="DomainResource.modifierExtension"/>
        <min value="0"/>
        <max value="*"/>
      </base>
      <type>
        <code value="Extension"/>
      </type>
      <isModifier value="true"/>
      <mapping>
        <identity value="rim"/>
        <map value="N/A"/>
      </mapping>
    </element>
    <element id="AllergyIntolerance.identifier">
      <path value="AllergyIntolerance.identifier"/>
      <short value="External ids for this item"/>
      <definition value="This records identifiers associated with this allergy/intolerance concern that are defined by business processes and/or used to refer to it when a direct URL reference to the resource itself is not appropriate (e.g. in CDA documents, or in written / printed documentation)."/>
      <min value="0"/>
      <max value="*"/>
      <base>
        <path value="AllergyIntolerance.identifier"/>
        <min value="0"/>
        <max value="*"/>
      </base>
      <type>
        <code value="Identifier"/>
      </type>
      <isSummary value="true"/>
      <mapping>
        <identity value="v2"/>
        <map value="IAM-7"/>
      </mapping>
      <mapping>
        <identity value="rim"/>
        <map value="id"/>
      </mapping>
      <mapping>
        <identity value="w5"/>
        <map value="id"/>
      </mapping>
    </element>
    <element id="AllergyIntolerance.clinicalStatus">
      <path value="AllergyIntolerance.clinicalStatus"/>
      <short value="active | inactive | resolved"/>
      <definition value="The clinical status of the allergy or intolerance."/>
      <comment value="This element is labeled as a modifier because the status contains the codes inactive and resolved that mark the AllergyIntolerance as not currently valid."/>
      <min value="0"/>
      <max value="1"/>
      <base>
        <path value="AllergyIntolerance.clinicalStatus"/>
        <min value="0"/>
        <max value="1"/>
      </base>
      <type>
        <code value="code"/>
      </type>
      <condition value="ait-1"/>
      <condition value="ait-2"/>
      <mustSupport value="true"/>
      <isModifier value="true"/>
      <isSummary value="true"/>
      <binding>
        <extension url="http://hl7.org/fhir/StructureDefinition/elementdefinition-bindingName">
          <valueString value="AllergyIntoleranceClinicalStatus"/>
        </extension>
        <strength value="required"/>
        <description value="The clinical status of the allergy or intolerance."/>
        <valueSetReference>
          <reference value="http://hl7.org/fhir/ValueSet/allergy-clinical-status"/>
        </valueSetReference>
      </binding>
      <mapping>
        <identity value="rim"/>
        <map value="Observation ACT&#xA;.inboundRelationship[typeCode=COMP].source[classCode=OBS, code=&quot;clinicalStatus&quot;, moodCode=EVN].value"/>
      </mapping>
      <mapping>
        <identity value="w5"/>
        <map value="status"/>
      </mapping>
    </element>
    <element id="AllergyIntolerance.verificationStatus">
      <path value="AllergyIntolerance.verificationStatus"/>
      <short value="unconfirmed | confirmed | refuted | entered-in-error"/>
      <definition value="Assertion about certainty associated with the propensity, or potential risk, of a reaction to the identified substance (including pharmaceutical product)."/>
      <comment value="This element is labeled as a modifier because the status contains the codes refuted and entered-in-error that mark the AllergyIntolerance as not currently valid."/>
      <min value="1"/>
      <max value="1"/>
      <base>
        <path value="AllergyIntolerance.verificationStatus"/>
        <min value="1"/>
        <max value="1"/>
      </base>
      <type>
        <code value="code"/>
      </type>
      <condition value="ait-1"/>
      <condition value="ait-2"/>
      <mustSupport value="true"/>
      <isModifier value="true"/>
      <isSummary value="true"/>
      <binding>
        <extension url="http://hl7.org/fhir/StructureDefinition/elementdefinition-bindingName">
          <valueString value="AllergyIntoleranceVerificationStatus"/>
        </extension>
        <strength value="required"/>
        <description value="Assertion about certainty associated with a propensity, or potential risk, of a reaction to the identified substance."/>
        <valueSetReference>
          <reference value="http://hl7.org/fhir/ValueSet/allergy-verification-status"/>
        </valueSetReference>
      </binding>
      <mapping>
        <identity value="rim"/>
        <map value="Observation ACT&#xA;.inboundRelationship[typeCode=COMP].source[classCode=OBS, code=&quot;verificationStatus&quot;, moodCode=EVN].value"/>
      </mapping>
      <mapping>
        <identity value="w5"/>
        <map value="status"/>
      </mapping>
    </element>
    <element id="AllergyIntolerance.type">
      <path value="AllergyIntolerance.type"/>
      <short value="allergy | intolerance - Underlying mechanism (if known)"/>
      <definition value="Identification of the underlying physiological mechanism for the reaction risk."/>
      <comment value="Allergic (typically immune-mediated) reactions have been traditionally regarded as an indicator for potential escalation to significant future risk. Contemporary knowledge suggests that some reactions previously thought to be immune-mediated are, in fact, non-immune, but in some cases can still pose a life threatening risk. It is acknowledged that many clinicians may not be in a position to distinguish the mechanism of a particular reaction. Often the term &quot;allergy&quot; is used rather generically and may overlap with the use of &quot;intolerance&quot; - in practice the boundaries between these two concepts may not be well-defined or understood. This data element is included nevertheless, because many legacy systems have captured this attribute. Immunologic testing may provide supporting evidence for the basis of the reaction and the causative substance, but no tests are 100% sensitive or specific for sensitivity to a particular substance. If, as is commonly the case, it is unclear whether the reaction is due to an allergy or an intolerance, then the type element should be omitted from the resource."/>
      <alias value="Category"/>
      <alias value="Class"/>
      <min value="0"/>
      <max value="1"/>
      <base>
        <path value="AllergyIntolerance.type"/>
        <min value="0"/>
        <max value="1"/>
      </base>
      <type>
        <code value="code"/>
      </type>
      <mustSupport value="true"/>
      <isSummary value="true"/>
      <binding>
        <extension url="http://hl7.org/fhir/StructureDefinition/elementdefinition-bindingName">
          <valueString value="AllergyIntoleranceType"/>
        </extension>
        <strength value="required"/>
        <description value="Identification of the underlying physiological mechanism for a Reaction Risk."/>
        <valueSetReference>
          <reference value="http://hl7.org/fhir/ValueSet/allergy-intolerance-type"/>
        </valueSetReference>
      </binding>
      <mapping>
        <identity value="v2"/>
        <map value="IAM-9"/>
      </mapping>
      <mapping>
        <identity value="rim"/>
        <map value="code"/>
      </mapping>
      <mapping>
        <identity value="w5"/>
        <map value="class"/>
      </mapping>
    </element>
    <element id="AllergyIntolerance.category">
      <path value="AllergyIntolerance.category"/>
      <short value="food | medication | environment | biologic"/>
      <definition value="Category of the identified substance."/>
      <comment value="This data element has been included because it is currently being captured in some clinical systems. This data can be derived from the substance where coding systems are used, and is effectively redundant in that situation.  When searching on category, consider the implications of AllergyIntolerance resources without a category.  For example, when searching on category = medication, medication allergies that don&#39;t have a category valued will not be returned.  Refer to [search](http://hl7.org/fhir/STU3/search.html) for more information on how to search category with a :missing modifier to get allergies that don&#39;t have a category.  Additionally, category should be used with caution because category can be subjective based on the sender."/>
      <alias value="Category"/>
      <alias value="Type"/>
      <alias value="Reaction Type"/>
      <alias value="Class"/>
      <min value="0"/>
      <max value="*"/>
      <base>
        <path value="AllergyIntolerance.category"/>
        <min value="0"/>
        <max value="*"/>
      </base>
      <type>
        <code value="code"/>
      </type>
      <isSummary value="true"/>
      <binding>
        <extension url="http://hl7.org/fhir/StructureDefinition/elementdefinition-bindingName">
          <valueString value="AllergyIntoleranceCategory"/>
        </extension>
        <strength value="required"/>
        <description value="Category of an identified substance."/>
        <valueSetReference>
          <reference value="http://hl7.org/fhir/ValueSet/allergy-intolerance-category"/>
        </valueSetReference>
      </binding>
      <mapping>
        <identity value="v2"/>
        <map value="AL1-2"/>
      </mapping>
      <mapping>
        <identity value="rim"/>
        <map value="value &lt; IntoleranceValue (Agent)"/>
      </mapping>
      <mapping>
        <identity value="w5"/>
        <map value="class"/>
      </mapping>
    </element>
    <element id="AllergyIntolerance.criticality">
      <path value="AllergyIntolerance.criticality"/>
      <short value="low | high | unable-to-assess"/>
      <definition value="Estimate of the potential clinical harm, or seriousness, of the reaction to the identified substance."/>
      <comment value="The default criticality value for any propensity to an adverse reaction should be &#39;Low Risk&#39;, indicating at the very least a relative contraindication to deliberate or voluntary exposure to the substance. &#39;High Risk&#39; is flagged if the clinician has identified a propensity for a more serious or potentially life-threatening reaction, such as anaphylaxis, and implies an absolute contraindication to deliberate or voluntary exposure to the substance. If this element is missing, the criticality is unknown (though it may be known elsewhere).&#xA;&#xA;Systems that capture a severity at the condition level are actually representing the concept of criticality whereas the severity documented at the reaction level is representing the true reaction severity.  Existing systems that are capturing both condition criticality and reaction severity may use the term &quot;severity&quot; to represent both.  Criticality is the worst it could be in the future (i.e. situation-agnostic) whereas severity is situation-dependent."/>
      <alias value="Severity"/>
      <alias value="Seriousness"/>
      <alias value="Contra-indication"/>
      <alias value="Risk"/>
      <min value="0"/>
      <max value="1"/>
      <base>
        <path value="AllergyIntolerance.criticality"/>
        <min value="0"/>
        <max value="1"/>
      </base>
      <type>
        <code value="code"/>
      </type>
      <isSummary value="true"/>
      <binding>
        <extension url="http://hl7.org/fhir/StructureDefinition/elementdefinition-bindingName">
          <valueString value="AllergyIntoleranceCriticality"/>
        </extension>
        <strength value="required"/>
        <description value="Estimate of the potential clinical harm, or seriousness, of a reaction to an identified substance."/>
        <valueSetReference>
          <reference value="http://hl7.org/fhir/ValueSet/allergy-intolerance-criticality"/>
        </valueSetReference>
      </binding>
      <mapping>
        <identity value="v2"/>
        <map value="AL1-4"/>
      </mapping>
      <mapping>
        <identity value="rim"/>
        <map value="inboundRelationship[typeCode=SUBJ].source[classCode=OBS, moodCode=EVN, code=SEV, value &lt;= SeverityObservation (Severity Level)]"/>
      </mapping>
      <mapping>
        <identity value="w5"/>
        <map value="grade"/>
      </mapping>
    </element>
    <element id="AllergyIntolerance.code">
      <path value="AllergyIntolerance.code"/>
      <short value="Code that identifies the allergy or intolerance"/>
      <definition value="Code for an allergy or intolerance statement (either a positive or a negated/excluded statement).  This may be a code for a substance or pharmaceutical product that is considered to be responsible for the adverse reaction risk (e.g., &quot;Latex&quot;), an allergy or intolerance condition (e.g., &quot;Latex allergy&quot;), or a negated/excluded code for a specific substance or class (e.g., &quot;No latex allergy&quot;) or a general or categorical negated statement (e.g.,  &quot;No known allergy&quot;, &quot;No known drug allergies&quot;)."/>
      <comment value="It is strongly recommended that this element be populated using a terminology, where possible. For example, some terminologies used include RxNorm, SNOMED CT, DM+D, NDFRT, ICD-9, IDC-10, UNI, ATC and CPT. Plain text should only be used if there is no appropriate terminology available. Additional details can be specified in the text.&#xD;&#xD;When a substance or product code is specified for the &#39;code&#39; element, the &quot;default&quot; semantic context is that this is a positive statement of an allergy or intolerance (depending on the value of the &#39;type&#39; element, if present) condition to the specified substance/product.  In the corresponding SNOMED CT allergy model, the specified substance/product is the target (destination) of the &quot;Causative agent&quot; relationship.&#xD;&#xD;The &#39;substanceExposureRisk&#39; extension is available as a structured and more flexible alternative to the &#39;code&#39; element for making positive or negative allergy or intolerance statements.  This extension provides the capability to make &quot;no known allergy&quot; (or &quot;no risk of adverse reaction&quot;) statements regarding any coded substance/product (including cases when a pre-coordinated &quot;no allergy to x&quot; concept for that substance/product does not exist).  If the &#39;substanceExposureRisk&#39; extension is present, the AllergyIntolerance.code element SHALL be omitted."/>
      <alias value="Code"/>
      <min value="1"/>
      <max value="1"/>
      <base>
        <path value="AllergyIntolerance.code"/>
        <min value="0"/>
        <max value="1"/>
      </base>
      <type>
        <code value="CodeableConcept"/>
      </type>
      <mustSupport value="true"/>
      <isSummary value="true"/>
      <binding>
        <strength value="preferred"/>
        <description value="Preferred SNOMED-CT coding for type of the substance/product, allergy or intolerance condition, or negation/exclusion codes for reporting no known allergies."/>
        <valueSetReference>
          <reference value="https://healthterminologies.gov.au/fhir/ValueSet/indicator-hypersensitivity-intolerance-to-substance-1"/>
        </valueSetReference>
      </binding>
      <mapping>
        <identity value="v2"/>
        <map value="AL1-3 / IAM-3"/>
      </mapping>
      <mapping>
        <identity value="rim"/>
        <map value="substance/product:&#xD;&#xD;.participation[typeCode=CAGNT].role[classCode=ADMM].player[classCode=MAT, determinerCode=KIND, code &lt;= ExposureAgentEntityType]&#xD;&#xD;negated/excluded substance/product:&#xD;&#xD;.participation[typeCode=CAGNT, negationInd=true].role[classCode=ADMM].player[classCode=MAT, determinerCode=KIND, code &lt;= ExposureAgentEntityType]&#xD;&#xD;positive or negated/excluded condition/situation:&#xD;&#xD;Observation.code=ASSERTION; Observation.value"/>
      </mapping>
      <mapping>
        <identity value="w5"/>
        <map value="what"/>
      </mapping>
    </element>
    <element id="AllergyIntolerance.patient">
      <path value="AllergyIntolerance.patient"/>
      <short value="Who the sensitivity is for"/>
      <definition value="The patient who has the allergy or intolerance."/>
      <alias value="Patient"/>
      <min value="1"/>
      <max value="1"/>
      <base>
        <path value="AllergyIntolerance.patient"/>
        <min value="1"/>
        <max value="1"/>
      </base>
      <type>
        <code value="Reference"/>
        <targetProfile value="http://ns.electronichealth.net.au/ci/fhir/3.0/StructureDefinition/patient-ident-1"/>
      </type>
      <mustSupport value="true"/>
      <isSummary value="true"/>
      <mapping>
        <identity value="v2"/>
        <map value="(PID-3)"/>
      </mapping>
      <mapping>
        <identity value="rim"/>
        <map value=".participation[typeCode=SBJ].role[classCode=PAT]"/>
      </mapping>
      <mapping>
        <identity value="w5"/>
        <map value="who.focus"/>
      </mapping>
    </element>
    <element id="AllergyIntolerance.onset[x]">
      <path value="AllergyIntolerance.onset[x]"/>
      <short value="When allergy or intolerance was identified"/>
      <definition value="Estimated or actual date,  date-time, or age when allergy or intolerance was identified."/>
      <min value="0"/>
      <max value="1"/>
      <base>
        <path value="AllergyIntolerance.onset[x]"/>
        <min value="0"/>
        <max value="1"/>
      </base>
      <type>
        <code value="dateTime"/>
      </type>
      <type>
        <code value="Age"/>
      </type>
      <type>
        <code value="Period"/>
      </type>
      <type>
        <code value="Range"/>
      </type>
      <mustSupport value="true"/>
      <mapping>
        <identity value="rim"/>
        <map value="effectiveTime.low"/>
      </mapping>
      <mapping>
        <identity value="w5"/>
        <map value="when.init"/>
      </mapping>
    </element>
    <element id="AllergyIntolerance.assertedDate">
      <path value="AllergyIntolerance.assertedDate"/>
      <short value="Date record was believed accurate"/>
      <definition value="The date on which the existance of the AllergyIntolerance was first asserted or acknowledged."/>
      <min value="0"/>
      <max value="1"/>
      <base>
        <path value="AllergyIntolerance.assertedDate"/>
        <min value="0"/>
        <max value="1"/>
      </base>
      <type>
        <code value="dateTime"/>
      </type>
      <mapping>
        <identity value="v2"/>
        <map value="IAM-20"/>
      </mapping>
      <mapping>
        <identity value="rim"/>
        <map value=".participation[typeCode=AUT].time"/>
      </mapping>
      <mapping>
        <identity value="w5"/>
        <map value="when.recorded"/>
      </mapping>
    </element>
    <element id="AllergyIntolerance.recorder">
      <path value="AllergyIntolerance.recorder"/>
      <short value="Who recorded the sensitivity"/>
      <definition value="Individual who recorded the record and takes responsibility for its content."/>
      <alias value="Author"/>
      <min value="0"/>
      <max value="1"/>
      <base>
        <path value="AllergyIntolerance.recorder"/>
        <min value="0"/>
        <max value="1"/>
      </base>
      <type>
        <code value="Reference"/>
        <targetProfile value="http://ns.electronichealth.net.au/ci/fhir/3.0/StructureDefinition/patient-dh-base-1"/>
      </type>
      <type>
        <code value="Reference"/>
        <targetProfile value="http://ns.electronichealth.net.au/ci/fhir/3.0/StructureDefinition/practitioner-dh-base-1"/>
      </type>
      <mustSupport value="true"/>
      <mapping>
        <identity value="rim"/>
        <map value=".participation[typeCode=AUT].role"/>
      </mapping>
      <mapping>
        <identity value="w5"/>
        <map value="who.author"/>
      </mapping>
    </element>
    <element id="AllergyIntolerance.asserter">
      <path value="AllergyIntolerance.asserter"/>
      <short value="Source of the information about the allergy"/>
      <definition value="The source of the information about the allergy that is recorded."/>
      <comment value="The recorder takes repsonsibility for the content, but can reference the source from where they got it."/>
      <alias value="Source"/>
      <alias value="Informant"/>
      <min value="0"/>
      <max value="1"/>
      <base>
        <path value="AllergyIntolerance.asserter"/>
        <min value="0"/>
        <max value="1"/>
      </base>
      <type>
        <code value="Reference"/>
        <targetProfile value="http://hl7.org/fhir/StructureDefinition/Patient"/>
      </type>
      <type>
        <code value="Reference"/>
        <targetProfile value="http://hl7.org/fhir/StructureDefinition/RelatedPerson"/>
      </type>
      <type>
        <code value="Reference"/>
        <targetProfile value="http://hl7.org/fhir/StructureDefinition/Practitioner"/>
      </type>
      <isSummary value="true"/>
      <mapping>
        <identity value="v2"/>
        <map value="IAM-14 (if patient) / IAM-18 (if practitioner)"/>
      </mapping>
      <mapping>
        <identity value="rim"/>
        <map value=".participation[typeCode=INF].role"/>
      </mapping>
      <mapping>
        <identity value="w5"/>
        <map value="who.source"/>
      </mapping>
    </element>
    <element id="AllergyIntolerance.lastOccurrence">
      <path value="AllergyIntolerance.lastOccurrence"/>
      <short value="Date(/time) of last known occurrence of a reaction"/>
      <definition value="Represents the date and/or time of the last known occurrence of a reaction event."/>
      <comment value="This date may be replicated by one of the Onset of Reaction dates. Where a textual representation of the date of last occurrence is required e.g. &#39;In Childhood, &#39;10 years ago&#39; the Comment element should be used."/>
      <min value="0"/>
      <max value="1"/>
      <base>
        <path value="AllergyIntolerance.lastOccurrence"/>
        <min value="0"/>
        <max value="1"/>
      </base>
      <type>
        <code value="dateTime"/>
      </type>
      <mapping>
        <identity value="rim"/>
        <map value="outBoundRelationship[typeCode=SUBJ].target[classCode=OBS, moodCode=EVN, code &lt;= CommonClinicalObservationType, value &lt;= ObservationValue (Reaction Type)].effectiveTime"/>
      </mapping>
    </element>
    <element id="AllergyIntolerance.note">
      <path value="AllergyIntolerance.note"/>
      <short value="Additional text not captured in other fields"/>
      <definition value="Additional narrative about the propensity for the Adverse Reaction, not captured in other fields."/>
      <comment value="For example: including reason for flagging a seriousness of &#39;High Risk&#39;; and instructions related to future exposure or administration of the substance, such as administration within an Intensive Care Unit or under corticosteroid cover. The notes should be related to an allergy or intolerance as a condition in general and not related to any particular episode of it. For episode notes and descriptions, use AllergyIntolerance.event.description and  AllergyIntolerance.event.notes."/>
      <min value="0"/>
      <max value="*"/>
      <base>
        <path value="AllergyIntolerance.note"/>
        <min value="0"/>
        <max value="*"/>
      </base>
      <type>
        <code value="Annotation"/>
      </type>
      <mustSupport value="true"/>
      <mapping>
        <identity value="rim"/>
        <map value="subjectOf.observationEvent[code=&quot;annotation&quot;].value"/>
      </mapping>
    </element>
    <element id="AllergyIntolerance.reaction">
      <path value="AllergyIntolerance.reaction"/>
      <short value="Reaction details"/>
      <definition value="Details about each adverse reaction event linked to exposure to the identified substance."/>
      <min value="0"/>
      <max value="*"/>
      <base>
        <path value="AllergyIntolerance.reaction"/>
        <min value="0"/>
        <max value="*"/>
      </base>
      <type>
        <code value="BackboneElement"/>
      </type>
      <constraint>
        <key value="ele-1"/>
        <severity value="error"/>
        <human value="All FHIR elements must have a @value or children"/>
        <expression value="hasValue() | (children().count() &gt; id.count())"/>
        <xpath value="@value|f:*|h:div"/>
        <source value="Element"/>
      </constraint>
      <mustSupport value="true"/>
      <mapping>
        <identity value="rim"/>
        <map value="outBoundRelationship[typeCode=SUBJ].target[classCode=OBS, moodCode=EVN, code &lt;= CommonClinicalObservationType, value &lt;= ObservationValue (Reaction Type)]"/>
      </mapping>
    </element>
    <element id="AllergyIntolerance.reaction.id">
      <path value="AllergyIntolerance.reaction.id"/>
      <representation value="xmlAttr"/>
      <short value="xml:id (or equivalent in JSON)"/>
      <definition value="unique id for the element within a resource (for internal references). This may be any string value that does not contain spaces."/>
      <min value="0"/>
      <max value="1"/>
      <base>
        <path value="Element.id"/>
        <min value="0"/>
        <max value="1"/>
      </base>
      <type>
        <code value="string"/>
      </type>
      <mapping>
        <identity value="rim"/>
        <map value="n/a"/>
      </mapping>
    </element>
    <element id="AllergyIntolerance.reaction.extension">
      <path value="AllergyIntolerance.reaction.extension"/>
      <short value="Additional Content defined by implementations"/>
      <definition value="May be used to represent additional information that is not part of the basic definition of the element. In order to make the use of extensions safe and manageable, there is a strict set of governance  applied to the definition and use of extensions. Though any implementer is allowed to define an extension, there is a set of requirements that SHALL be met as part of the definition of the extension."/>
      <comment value="There can be no stigma associated with the use of extensions by any application, project, or standard - regardless of the institution or jurisdiction that uses or defines the extensions.  The use of extensions is what allows the FHIR specification to retain a core level of simplicity for everyone."/>
      <alias value="extensions"/>
      <alias value="user content"/>
      <min value="0"/>
      <max value="*"/>
      <base>
        <path value="Element.extension"/>
        <min value="0"/>
        <max value="*"/>
      </base>
      <type>
        <code value="Extension"/>
      </type>
      <mapping>
        <identity value="rim"/>
        <map value="n/a"/>
      </mapping>
    </element>
    <element id="AllergyIntolerance.reaction.modifierExtension">
      <path value="AllergyIntolerance.reaction.modifierExtension"/>
      <short value="Extensions that cannot be ignored"/>
      <definition value="May be used to represent additional information that is not part of the basic definition of the element, and that modifies the understanding of the element that contains it. Usually modifier elements provide negation or qualification. In order to make the use of extensions safe and manageable, there is a strict set of governance applied to the definition and use of extensions. Though any implementer is allowed to define an extension, there is a set of requirements that SHALL be met as part of the definition of the extension. Applications processing a resource are required to check for modifier extensions."/>
      <comment value="There can be no stigma associated with the use of extensions by any application, project, or standard - regardless of the institution or jurisdiction that uses or defines the extensions.  The use of extensions is what allows the FHIR specification to retain a core level of simplicity for everyone."/>
      <alias value="extensions"/>
      <alias value="user content"/>
      <alias value="modifiers"/>
      <min value="0"/>
      <max value="*"/>
      <base>
        <path value="BackboneElement.modifierExtension"/>
        <min value="0"/>
        <max value="*"/>
      </base>
      <type>
        <code value="Extension"/>
      </type>
      <isModifier value="true"/>
      <isSummary value="true"/>
      <mapping>
        <identity value="rim"/>
        <map value="N/A"/>
      </mapping>
    </element>
    <element id="AllergyIntolerance.reaction.substance">
      <path value="AllergyIntolerance.reaction.substance"/>
      <short value="Specific substance or pharmaceutical product considered to be responsible for event"/>
      <definition value="Identification of the specific substance (or pharmaceutical product) considered to be responsible for the Adverse Reaction event. Note: the substance for a specific reaction may be different from the substance identified as the cause of the risk, but it must be consistent with it. For instance, it may be a more specific substance (e.g. a brand medication) or a composite product that includes the identified substance. It must be clinically safe to only process the &#39;code&#39; and ignore the &#39;reaction.substance&#39;."/>
      <comment value="Coding of the specific substance (or pharmaceutical product) with a terminology capable of triggering decision support should be used wherever possible.  The &#39;code&#39; element allows for the use of a specific substance or pharmaceutical product, or a group or class of substances. In the case of an allergy or intolerance to a class of substances, (for example, &quot;penicillins&quot;), the &#39;reaction.substance&#39; element could be used to code the specific substance that was identifed as having caused the reaction (for example, &quot;amoxycillin&quot;). Duplication of the value in the &#39;code&#39; and &#39;reaction.substance&#39; elements is acceptable when a specific substance has been recorded in &#39;code&#39;."/>
      <min value="0"/>
      <max value="1"/>
      <base>
        <path value="AllergyIntolerance.reaction.substance"/>
        <min value="0"/>
        <max value="1"/>
      </base>
      <type>
        <code value="CodeableConcept"/>
      </type>
      <mustSupport value="true"/>
      <binding>
        <strength value="preferred"/>
        <description value="Preferred SNOMED-CT coding defining the type of the substance (including pharmaceutical products)."/>
        <valueSetReference>
          <reference value="https://healthterminologies.gov.au/fhir/ValueSet/adverse-reaction-agent-1"/>
        </valueSetReference>
      </binding>
      <mapping>
        <identity value="rim"/>
        <map value="outBoundRelationship[typeCode=SAS].target[classCode=SBADM, code &lt;= ExposureCode].participation[typeCode=CSM].role[classCode=ADMM].player[classCode=MAT, determinerCode=KIND, code &lt;= ExposureAgentEntityType]"/>
      </mapping>
    </element>
    <element id="AllergyIntolerance.reaction.manifestation">
      <path value="AllergyIntolerance.reaction.manifestation"/>
      <short value="Clinical symptoms/signs associated with the Event"/>
      <definition value="Clinical symptoms and/or signs that are observed or associated with the adverse reaction event."/>
      <comment value="Manifestation can be expressed as a single word, phrase or brief description. For example: nausea, rash or no reaction. It is preferable that manifestation should be coded with a terminology, where possible. The values entered here may be used to display on an application screen as part of a list of adverse reactions, as recommended in the UK NHS CUI guidelines.  Terminologies commonly used include, but are not limited to, SNOMED CT or ICD10."/>
      <alias value="Symptoms"/>
      <alias value="Signs"/>
      <min value="1"/>
      <max value="*"/>
      <base>
        <path value="AllergyIntolerance.reaction.manifestation"/>
        <min value="1"/>
        <max value="*"/>
      </base>
      <type>
        <code value="CodeableConcept"/>
      </type>
      <mustSupport value="true"/>
      <binding>
        <strength value="preferred"/>
        <description value="Preferred SNOMED-CT coding of clinical symptoms and/or signs that are observed or associated with an Adverse Reaction Event."/>
        <valueSetReference>
          <reference value="https://healthterminologies.gov.au/fhir/ValueSet/clinical-finding-1"/>
        </valueSetReference>
      </binding>
      <mapping>
        <identity value="v2"/>
        <map value="AL1-5"/>
      </mapping>
      <mapping>
        <identity value="rim"/>
        <map value="code"/>
      </mapping>
    </element>
    <element id="AllergyIntolerance.reaction.description">
      <path value="AllergyIntolerance.reaction.description"/>
      <short value="Description of the event as a whole"/>
      <definition value="Text description about the reaction as a whole, including details of the manifestation if required."/>
      <comment value="Use the description to provide any details of a particular event of the occurred reaction such as circumstances, reaction specifics, what happened before/after. Information, related to the event, but not describing a particular care should be captured in the comment field. For example: at the age of four, the patient was given penicillin for strep throat and subsequently developed severe hives."/>
      <alias value="Narrative"/>
      <alias value="Text"/>
      <min value="0"/>
      <max value="1"/>
      <base>
        <path value="AllergyIntolerance.reaction.description"/>
        <min value="0"/>
        <max value="1"/>
      </base>
      <type>
        <code value="string"/>
      </type>
      <mapping>
        <identity value="rim"/>
        <map value="text"/>
      </mapping>
    </element>
    <element id="AllergyIntolerance.reaction.onset">
      <path value="AllergyIntolerance.reaction.onset"/>
      <short value="Date(/time) when manifestations showed"/>
      <definition value="Record of the date and/or time of the onset of the Reaction."/>
      <min value="0"/>
      <max value="1"/>
      <base>
        <path value="AllergyIntolerance.reaction.onset"/>
        <min value="0"/>
        <max value="1"/>
      </base>
      <type>
        <code value="dateTime"/>
      </type>
      <mapping>
        <identity value="v2"/>
        <map value="AL1-6"/>
      </mapping>
      <mapping>
        <identity value="rim"/>
        <map value="effectiveTime.low"/>
      </mapping>
    </element>
    <element id="AllergyIntolerance.reaction.severity">
      <path value="AllergyIntolerance.reaction.severity"/>
      <short value="mild | moderate | severe (of event as a whole)"/>
      <definition value="Clinical assessment of the severity of the reaction event as a whole, potentially considering multiple different manifestations."/>
      <comment value="It is acknowledged that this assessment is very subjective. There may be some some specific practice domains where objective scales have been applied. Objective scales can be included in this model as extensions."/>
      <min value="0"/>
      <max value="1"/>
      <base>
        <path value="AllergyIntolerance.reaction.severity"/>
        <min value="0"/>
        <max value="1"/>
      </base>
      <type>
        <code value="code"/>
      </type>
      <binding>
        <extension url="http://hl7.org/fhir/StructureDefinition/elementdefinition-bindingName">
          <valueString value="AllergyIntoleranceSeverity"/>
        </extension>
        <strength value="required"/>
        <description value="Clinical assessment of the severity of a reaction event as a whole, potentially considering multiple different manifestations."/>
        <valueSetReference>
          <reference value="http://hl7.org/fhir/ValueSet/reaction-event-severity"/>
        </valueSetReference>
      </binding>
      <mapping>
        <identity value="rim"/>
        <map value="inboundRelationship[typeCode=SUBJ].source[classCode=OBS, moodCode=EVN, code=SEV, value &lt;= SeverityObservation (Severity Level)]"/>
      </mapping>
    </element>
    <element id="AllergyIntolerance.reaction.exposureRoute">
      <path value="AllergyIntolerance.reaction.exposureRoute"/>
      <short value="How the subject was exposed to the substance"/>
      <definition value="Identification of the route by which the subject was exposed to the substance."/>
      <comment value="Coding of the route of exposure with a terminology should be used wherever possible."/>
      <min value="0"/>
      <max value="1"/>
      <base>
        <path value="AllergyIntolerance.reaction.exposureRoute"/>
        <min value="0"/>
        <max value="1"/>
      </base>
      <type>
        <code value="CodeableConcept"/>
      </type>
      <binding>
        <extension url="http://hl7.org/fhir/StructureDefinition/elementdefinition-bindingName">
          <valueString value="RouteOfAdministration"/>
        </extension>
        <strength value="example"/>
        <description value="A coded concept describing the route or physiological path of administration of a therapeutic agent into or onto the body of a subject."/>
        <valueSetReference>
          <reference value="http://hl7.org/fhir/ValueSet/route-codes"/>
        </valueSetReference>
      </binding>
      <mapping>
        <identity value="rim"/>
        <map value="outBoundRelationship[typeCode=SAS].target[classCode=SBADM, code &lt;= ExposureCode].routeCode"/>
      </mapping>
    </element>
    <element id="AllergyIntolerance.reaction.note">
      <path value="AllergyIntolerance.reaction.note"/>
      <short value="Text about event not captured in other fields"/>
      <definition value="Additional text about the adverse reaction event not captured in other fields."/>
      <comment value="Use this field to record information indirectly related to a particular event and not captured in the description. For example: Clinical records are no longer available, recorded based on information provided to the patient by her mother and her mother is deceased."/>
      <min value="0"/>
      <max value="*"/>
      <base>
        <path value="AllergyIntolerance.reaction.note"/>
        <min value="0"/>
        <max value="*"/>
      </base>
      <type>
        <code value="Annotation"/>
      </type>
      <mapping>
        <identity value="rim"/>
        <map value="subjectOf.observationEvent[code=&quot;annotation&quot;].value"/>
      </mapping>
    </element>
  </snapshot>
  <differential>
    <element id="AllergyIntolerance">
      <path value="AllergyIntolerance"/>
      <constraint>
        <key value="inv-dh-ait-03"/>
        <severity value="error"/>
        <human value="If present, a recorder related person shall at least have a reference, an identifier or a display"/>
        <expression value="extension(&#39;http://hl7.org.au/fhir/StructureDefinition/author-related-person&#39;).exists() implies extension.valueReference.all($this.reference.exists() or $this.identifier.exists() or $this.display.exists())"/>
      </constraint>
      <constraint>
        <key value="inv-dh-ait-01"/>
        <severity value="error"/>
        <human value="The patient shall at least have a reference or an identifier with at least a system and a value"/>
        <expression value="patient.reference.exists() or patient.identifier.where(system.count() + value.count() &gt;1).exists()"/>
      </constraint>
      <constraint>
        <key value="inv-dh-ait-02"/>
        <severity value="error"/>
        <human value="If present, a recorder shall at least have a reference, an identifier or a display"/>
        <expression value="recorder.exists() implies recorder.all($this.reference.exists() or $this.identifier.exists() or $this.display.exists())"/>
      </constraint>
    </element>
    <element id="AllergyIntolerance.extension:authorRelatedPerson">
      <path value="AllergyIntolerance.extension"/>
      <sliceName value="authorRelatedPerson"/>
      <constraint>
        <key value="inv-dh-ait-04"/>
        <severity value="error"/>
        <human value="A related person shall conform to Base RelatedPerson"/>
        <expression value="resolve().conformsTo(&#39;http://ns.electronichealth.net.au/ci/fhir/3.0/StructureDefinition/relatedperson-dh-base-1&#39;)"/>
      </constraint>
      <mustSupport value="true"/>
    </element>
    <element id="AllergyIntolerance.clinicalStatus">
      <path value="AllergyIntolerance.clinicalStatus"/>
      <mustSupport value="true"/>
    </element>
    <element id="AllergyIntolerance.verificationStatus">
      <path value="AllergyIntolerance.verificationStatus"/>
      <mustSupport value="true"/>
    </element>
    <element id="AllergyIntolerance.type">
      <path value="AllergyIntolerance.type"/>
      <mustSupport value="true"/>
    </element>
    <element id="AllergyIntolerance.code">
      <path value="AllergyIntolerance.code"/>
      <min value="1"/>
      <mustSupport value="true"/>
    </element>
    <element id="AllergyIntolerance.patient">
      <path value="AllergyIntolerance.patient"/>
      <type>
        <code value="Reference"/>
        <targetProfile value="http://ns.electronichealth.net.au/ci/fhir/3.0/StructureDefinition/patient-ident-1"/>
      </type>
      <mustSupport value="true"/>
    </element>
    <element id="AllergyIntolerance.onset[x]">
      <path value="AllergyIntolerance.onset[x]"/>
      <type>
        <code value="dateTime"/>
      </type>
      <type>
        <code value="Age"/>
      </type>
      <type>
        <code value="Period"/>
      </type>
      <type>
        <code value="Range"/>
      </type>
      <mustSupport value="true"/>
    </element>
    <element id="AllergyIntolerance.recorder">
      <path value="AllergyIntolerance.recorder"/>
      <type>
        <code value="Reference"/>
        <targetProfile value="http://ns.electronichealth.net.au/ci/fhir/3.0/StructureDefinition/patient-dh-base-1"/>
      </type>
      <type>
        <code value="Reference"/>
        <targetProfile value="http://ns.electronichealth.net.au/ci/fhir/3.0/StructureDefinition/practitioner-dh-base-1"/>
      </type>
      <mustSupport value="true"/>
    </element>
    <element id="AllergyIntolerance.note">
      <path value="AllergyIntolerance.note"/>
      <mustSupport value="true"/>
    </element>
    <element id="AllergyIntolerance.reaction">
      <path value="AllergyIntolerance.reaction"/>
      <mustSupport value="true"/>
    </element>
    <element id="AllergyIntolerance.reaction.substance">
      <path value="AllergyIntolerance.reaction.substance"/>
      <mustSupport value="true"/>
    </element>
    <element id="AllergyIntolerance.reaction.manifestation">
      <path value="AllergyIntolerance.reaction.manifestation"/>
      <mustSupport value="true"/>
    </element>
  </differential>
</StructureDefinition>