{
  "resourceType": "PractitionerRole",
  "id": "cb9d944f-1b75-4603-b63a-167460882287",
  "meta": {
    "profile": [
      "http://ns.electronichealth.net.au/ci/fhir/3.0/StructureDefinition/practitionerrole-withpractitioner-1"
    ]
  },
  "text": {
    "status": "generated",
    "div": "<div xmlns=\"http://www.w3.org/1999/xhtml\"><p><b>Generated Narrative with Details</b></p><p><b>id</b>: cb9d944f-1b75-4603-b63a-167460882287</p><p><b>meta</b>: </p><p><b>identifier</b>: HPI-I = 8003610000000000</p><p><b>practitioner</b>: <a href=\"Practitioner-e75140ff-3476-4efb-b508-20aa6c6fbc77.html\">Generated Summary: id: e75140ff-3476-4efb-b508-20aa6c6fbc77; HPI-I = 8003610000000000; Peter Chalmers (OFFICIAL); pchalmers@example.albiongp.com.au(WORK)</a></p><p><b>organization</b>: <a href=\"Organization-0b27b9e9-50fb-4975-9e60-d053e461828.html\">Generated Summary: id: 0b27b9e9-50fb-4975-9e60-d053e461828; PAI-O = 8003640001000036; name: Albion GP Clinic</a></p><p><b>code</b>: GP <span style=\"background: LightGoldenRodYellow\">(Details : {http://www.abs.gov.au/ausstats/abs@.nsf/mf/1220.0 code '253111' = '253111', given as 'General Practitioner'})</span></p></div>"
  },
  "identifier": [
    {
      "type": {
        "coding": [
          {
            "system": "http://hl7.org/fhir/v2/0203",
            "code": "NPI",
            "display": "National provider identifier"
          }
        ],
        "text": "HPI-I"
      },
      "system": "http://ns.electronichealth.net.au/id/hi/hpii/1.0",
      "value": "8003610000000000"
    }
  ],
  "practitioner": {
    "reference": "Practitioner/e75140ff-3476-4efb-b508-20aa6c6fbc77"
  },
  "organization": {
    "reference": "Organization/0b27b9e9-50fb-4975-9e60-d053e461828"
  },
  "code": [
    {
      "coding": [
        {
          "system": "http://www.abs.gov.au/ausstats/abs@.nsf/mf/1220.0",
          "code": "253111",
          "display": "General Practitioner"
        }
      ],
      "text": "GP"
    }
  ]
}